state_id,eavs_unit_name,eavs_unit_code,name
1,AUTAUGA COUNTY,0100100000,Autauga
1,BALDWIN COUNTY,0100300000,Baldwin
1,BARBOUR COUNTY,0100500000,Barbour
1,BIBB COUNTY,0100700000,Bibb
1,BLOUNT COUNTY,0100900000,Blount
1,BULLOCK COUNTY,0101100000,Bullock
1,BUTLER COUNTY,0101300000,Butler
1,CALHOUN COUNTY,0101500000,Calhoun
1,CHAMBERS COUNTY,0101700000,Chambers
1,CHEROKEE COUNTY,0101900000,Cherokee
1,CHILTON COUNTY,0102100000,Chilton
1,CHOCTAW COUNTY,0102300000,Choctaw
1,CLARKE COUNTY,0102500000,Clarke
1,CLAY COUNTY,0102700000,Clay
1,CLEBURNE COUNTY,0102900000,Cleburne
1,COFFEE COUNTY,0103100000,Coffee
1,COLBERT COUNTY,0103300000,Colbert
1,CONECUH COUNTY,0103500000,Conecuh
1,COOSA COUNTY,0103700000,Coosa
1,COVINGTON COUNTY,0103900000,Covington
1,CRENSHAW COUNTY,0104100000,Crenshaw
1,CULLMAN COUNTY,0104300000,Cullman
1,DALE COUNTY,0104500000,Dale
1,DALLAS COUNTY,0104700000,Dallas
1,DEKALB COUNTY,0104900000,Dekalb
1,ELMORE COUNTY,0105100000,Elmore
1,ESCAMBIA COUNTY,0105300000,Escambia
1,ETOWAH COUNTY,0105500000,Etowah
1,FAYETTE COUNTY,0105700000,Fayette
1,FRANKLIN COUNTY,0105900000,Franklin
1,GENEVA COUNTY,0106100000,Geneva
1,GREENE COUNTY,0106300000,Greene
1,HALE COUNTY,0106500000,Hale
1,HENRY COUNTY,0106700000,Henry
1,HOUSTON COUNTY,0106900000,Houston
1,JACKSON COUNTY,0107100000,Jackson
1,JEFFERSON COUNTY,0107300000,Jefferson
1,LAMAR COUNTY,0107500000,Lamar
1,LAUDERDALE COUNTY,0107700000,Lauderdale
1,LAWRENCE COUNTY,0107900000,Lawrence
1,LEE COUNTY,0108100000,Lee
1,LIMESTONE COUNTY,0108300000,Limestone
1,LOWNDES COUNTY,0108500000,Lowndes
1,MACON COUNTY,0108700000,Macon
1,MADISON COUNTY,0108900000,Madison
1,MARENGO COUNTY,0109100000,Marengo
1,MARION COUNTY,0109300000,Marion
1,MARSHALL COUNTY,0109500000,Marshall
1,MOBILE COUNTY,0109700000,Mobile
1,MONROE COUNTY,0109900000,Monroe
1,MONTGOMERY COUNTY,0110100000,Montgomery
1,MORGAN COUNTY,0110300000,Morgan
1,PERRY COUNTY,0110500000,Perry
1,PICKENS COUNTY,0110700000,Pickens
1,PIKE COUNTY,0110900000,Pike
1,RANDOLPH COUNTY,0111100000,Randolph
1,RUSSELL COUNTY,0111300000,Russell
1,ST. CLAIR COUNTY,0111500000,St. Clair
1,SHELBY COUNTY,0111700000,Shelby
1,SUMTER COUNTY,0111900000,Sumter
1,TALLADEGA COUNTY,0112100000,Talladega
1,TALLAPOOSA COUNTY,0112300000,Tallapoosa
1,TUSCALOOSA COUNTY,0112500000,Tuscaloosa
1,WALKER COUNTY,0112700000,Walker
1,WASHINGTON COUNTY,0112900000,Washington
1,WILCOX COUNTY,0113100000,Wilcox
1,WINSTON COUNTY,0113300000,Winston
2,ALASKA,0200000000,Alaska
4,APACHE COUNTY,0400100000,Apache
4,COCHISE COUNTY,0400300000,Cochise
4,COCONINO COUNTY,0400500000,Coconino
4,GILA COUNTY,0400700000,Gila
4,GRAHAM COUNTY,0400900000,Graham
4,GREENLEE COUNTY,0401100000,Greenlee
4,LA PAZ COUNTY,0401200000,La Paz
4,MARICOPA COUNTY,0401300000,Maricopa
4,MOHAVE COUNTY,0401500000,Mohave
4,NAVAJO COUNTY,0401700000,Navajo
4,PIMA COUNTY,0401900000,Pima
4,PINAL COUNTY,0402100000,Pinal
4,SANTA CRUZ COUNTY,0402300000,Santa Cruz
4,YAVAPAI COUNTY,0402500000,Yavapai
4,YUMA COUNTY,0402700000,Yuma
5,ARKANSAS COUNTY,0500100000,Arkansas
5,ASHLEY COUNTY,0500300000,Ashley
5,BAXTER COUNTY,0500500000,Baxter
5,BENTON COUNTY,0500700000,Benton
5,BOONE COUNTY,0500900000,Boone
5,BRADLEY COUNTY,0501100000,Bradley
5,CALHOUN COUNTY,0501300000,Calhoun
5,CARROLL COUNTY,0501500000,Carroll
5,CHICOT COUNTY,0501700000,Chicot
5,CLARK COUNTY,0501900000,Clark
5,CLAY COUNTY,0502100000,Clay
5,CLEBURNE COUNTY,0502300000,Cleburne
5,CLEVELAND COUNTY,0502500000,Cleveland
5,COLUMBIA COUNTY,0502700000,Columbia
5,CONWAY COUNTY,0502900000,Conway
5,CRAIGHEAD COUNTY,0503100000,Craighead
5,CRAWFORD COUNTY,0503300000,Crawford
5,CRITTENDEN COUNTY,0503500000,Crittenden
5,CROSS COUNTY,0503700000,Cross
5,DALLAS COUNTY,0503900000,Dallas
5,DESHA COUNTY,0504100000,Desha
5,DREW COUNTY,0504300000,Drew
5,FAULKNER COUNTY,0504500000,Faulkner
5,FRANKLIN COUNTY,0504700000,Franklin
5,FULTON COUNTY,0504900000,Fulton
5,GARLAND COUNTY,0505100000,Garland
5,GRANT COUNTY,0505300000,Grant
5,GREENE COUNTY,0505500000,Greene
5,HEMPSTEAD COUNTY,0505700000,Hempstead
5,HOT SPRING COUNTY,0505900000,Hot Spring
5,HOWARD COUNTY,0506100000,Howard
5,INDEPENDENCE COUNTY,0506300000,Independence
5,IZARD COUNTY,0506500000,Izard
5,JACKSON COUNTY,0506700000,Jackson
5,JEFFERSON COUNTY,0506900000,Jefferson
5,JOHNSON COUNTY,0507100000,Johnson
5,LAFAYETTE COUNTY,0507300000,Lafayette
5,LAWRENCE COUNTY,0507500000,Lawrence
5,LEE COUNTY,0507700000,Lee
5,LINCOLN COUNTY,0507900000,Lincoln
5,LITTLE RIVER COUNTY,0508100000,Little River
5,LOGAN COUNTY,0508300000,Logan
5,LONOKE COUNTY,0508500000,Lonoke
5,MADISON COUNTY,0508700000,Madison
5,MARION COUNTY,0508900000,Marion
5,MILLER COUNTY,0509100000,Miller
5,MISSISSIPPI COUNTY,0509300000,Mississippi
5,MONROE COUNTY,0509500000,Monroe
5,MONTGOMERY COUNTY,0509700000,Montgomery
5,NEVADA COUNTY,0509900000,Nevada
5,NEWTON COUNTY,0510100000,Newton
5,OUACHITA COUNTY,0510300000,Ouachita
5,PERRY COUNTY,0510500000,Perry
5,PHILLIPS COUNTY,0510700000,Phillips
5,PIKE COUNTY,0510900000,Pike
5,POINSETT COUNTY,0511100000,Poinsett
5,POLK COUNTY,0511300000,Polk
5,POPE COUNTY,0511500000,Pope
5,PRAIRIE COUNTY,0511700000,Prairie
5,PULASKI COUNTY,0511900000,Pulaski
5,RANDOLPH COUNTY,0512100000,Randolph
5,ST. FRANCIS COUNTY,0512300000,St. Francis
5,SALINE COUNTY,0512500000,Saline
5,SCOTT COUNTY,0512700000,Scott
5,SEARCY COUNTY,0512900000,Searcy
5,SEBASTIAN COUNTY,0513100000,Sebastian
5,SEVIER COUNTY,0513300000,Sevier
5,SHARP COUNTY,0513500000,Sharp
5,STONE COUNTY,0513700000,Stone
5,UNION COUNTY,0513900000,Union
5,VAN BUREN COUNTY,0514100000,Van Buren
5,WASHINGTON COUNTY,0514300000,Washington
5,WHITE COUNTY,0514500000,White
5,WOODRUFF COUNTY,0514700000,Woodruff
5,YELL COUNTY,0514900000,Yell
6,ALPINE COUNTY,0600300000,Alpine
6,AMADOR COUNTY,0600500000,Amador
6,BUTTE COUNTY,0600700000,Butte
6,COLUSA COUNTY,0601100000,Colusa
6,CONTRA COSTA COUNTY,0601300000,Contra Costa
6,DEL NORTE COUNTY,0601500000,Del Norte
6,EL DORADO COUNTY,0601700000,El Dorado
6,FRESNO COUNTY,0601900000,Fresno
6,GLENN COUNTY,0602100000,Glenn
6,HUMBOLDT COUNTY,0602300000,Humboldt
6,IMPERIAL COUNTY,0602500000,Imperial
6,INYO COUNTY,0602700000,Inyo
6,KERN COUNTY,0602900000,Kern
6,KINGS COUNTY,0603100000,Kings
6,LAKE COUNTY,0603300000,Lake
6,LASSEN COUNTY,0603500000,Lassen
6,LOS ANGELES COUNTY,0603700000,Los Angeles
6,MADERA COUNTY,0603900000,Madera
6,MARIN COUNTY,0604100000,Marin
6,MARIPOSA COUNTY,0604300000,Mariposa
6,MENDOCINO COUNTY,0604500000,Mendocino
6,MERCED COUNTY,0604700000,Merced
6,MODOC COUNTY,0604900000,Modoc
6,MONO COUNTY,0605100000,Mono
6,MONTEREY COUNTY,0605300000,Monterey
6,NAPA COUNTY,0605500000,Napa
6,NEVADA COUNTY,0605700000,Nevada
6,ORANGE COUNTY,0605900000,Orange
6,PLACER COUNTY,0606100000,Placer
6,PLUMAS COUNTY,0606300000,Plumas
6,RIVERSIDE COUNTY,0606500000,Riverside
6,SACRAMENTO COUNTY,0606700000,Sacramento
6,SAN BENITO COUNTY,0606900000,San Benito
6,SAN BERNARDINO COUNTY,0607100000,San Bernardino
6,SAN DIEGO COUNTY,0607300000,San Diego
6,SAN FRANCISCO COUNTY,0607500000,San Francisco
6,SAN JOAQUIN COUNTY,0607700000,San Joaquin
6,SAN LUIS OBISPO COUNTY,0607900000,San Luis Obispo
6,SAN MATEO COUNTY,0608100000,San Mateo
6,SANTA BARBARA COUNTY,0608300000,Santa Barbara
6,SANTA CLARA COUNTY,0608500000,Santa Clara
6,SANTA CRUZ COUNTY,0608700000,Santa Cruz
6,SHASTA COUNTY,0608900000,Shasta
6,SIERRA COUNTY,0609100000,Sierra
6,SISKIYOU COUNTY,0609300000,Siskiyou
6,SOLANO COUNTY,0609500000,Solano
6,SONOMA COUNTY,0609700000,Sonoma
6,STANISLAUS COUNTY,0609900000,Stanislaus
6,SUTTER COUNTY,0610100000,Sutter
6,TEHAMA COUNTY,0610300000,Tehama
6,TRINITY COUNTY,0610500000,Trinity
6,TULARE COUNTY,0610700000,Tulare
6,TUOLUMNE COUNTY,0610900000,Tuolumne
6,VENTURA COUNTY,0611100000,Ventura
6,YOLO COUNTY,0611300000,Yolo
6,YUBA COUNTY,0611500000,Yuba
6,ALAMEDA COUNTY,0600100000,Alameda
6,CALAVERAS COUNTY,0600900000,Calaveras
8,ADAMS COUNTY,0800100000,Adams
8,ALAMOSA COUNTY,0800300000,Alamosa
8,ARAPAHOE COUNTY,0800500000,Arapahoe
8,ARCHULETA COUNTY,0800700000,Archuleta
8,BACA COUNTY,0800900000,Baca
8,BENT COUNTY,0801100000,Bent
8,BOULDER COUNTY,0801300000,Boulder
8,BROOMFIELD COUNTY,0801400000,Broomfield
8,CHAFFEE COUNTY,0801500000,Chaffee
8,CHEYENNE COUNTY,0801700000,Cheyenne
8,CLEAR CREEK COUNTY,0801900000,Clear Creek
8,CONEJOS COUNTY,0802100000,Conejos
8,COSTILLA COUNTY,0802300000,Costilla
8,CROWLEY COUNTY,0802500000,Crowley
8,CUSTER COUNTY,0802700000,Custer
8,DELTA COUNTY,0802900000,Delta
8,DENVER COUNTY,0803100000,Denver
8,DOLORES COUNTY,0803300000,Dolores
8,DOUGLAS COUNTY,0803500000,Douglas
8,EAGLE COUNTY,0803700000,Eagle
8,ELBERT COUNTY,0803900000,Elbert
8,EL PASO COUNTY,0804100000,El Paso
8,FREMONT COUNTY,0804300000,Fremont
8,GARFIELD COUNTY,0804500000,Garfield
8,GILPIN COUNTY,0804700000,Gilpin
8,GRAND COUNTY,0804900000,Grand
8,GUNNISON COUNTY,0805100000,Gunnison
8,HINSDALE COUNTY,0805300000,Hinsdale
8,HUERFANO COUNTY,0805500000,Huerfano
8,JACKSON COUNTY,0805700000,Jackson
8,JEFFERSON COUNTY,0805900000,Jefferson
8,KIOWA COUNTY,0806100000,Kiowa
8,KIT CARSON COUNTY,0806300000,Kit Carson
8,LAKE COUNTY,0806500000,Lake
8,LA PLATA COUNTY,0806700000,La Plata
8,LARIMER COUNTY,0806900000,Larimer
8,LAS ANIMAS COUNTY,0807100000,Las Animas
8,LINCOLN COUNTY,0807300000,Lincoln
8,LOGAN COUNTY,0807500000,Logan
8,MESA COUNTY,0807700000,Mesa
8,MINERAL COUNTY,0807900000,Mineral
8,MOFFAT COUNTY,0808100000,Moffat
8,MONTEZUMA COUNTY,0808300000,Montezuma
8,MONTROSE COUNTY,0808500000,Montrose
8,MORGAN COUNTY,0808700000,Morgan
8,OTERO COUNTY,0808900000,Otero
8,OURAY COUNTY,0809100000,Ouray
8,PARK COUNTY,0809300000,Park
8,PHILLIPS COUNTY,0809500000,Phillips
8,PITKIN COUNTY,0809700000,Pitkin
8,PROWERS COUNTY,0809900000,Prowers
8,PUEBLO COUNTY,0810100000,Pueblo
8,RIO BLANCO COUNTY,0810300000,Rio Blanco
8,RIO GRANDE COUNTY,0810500000,Rio Grande
8,ROUTT COUNTY,0810700000,Routt
8,SAGUACHE COUNTY,0810900000,Saguache
8,SAN JUAN COUNTY,0811100000,San Juan
8,SAN MIGUEL COUNTY,0811300000,San Miguel
8,SEDGWICK COUNTY,0811500000,Sedgwick
8,SUMMIT COUNTY,0811700000,Summit
8,TELLER COUNTY,0811900000,Teller
8,WASHINGTON COUNTY,0812100000,Washington
8,WELD COUNTY,0812300000,Weld
8,YUMA COUNTY,0812500000,Yuma
9,BETHEL TOWN,0900104720,Bethel Town
9,BRIDGEPORT TOWN,0900108070,Bridgeport Town
9,BROOKFIELD TOWN,0900108980,Brookfield Town
9,DANBURY TOWN,0900118500,Danbury Town
9,DARIEN TOWN,0900118850,Darien Town
9,EASTON TOWN,0900123890,Easton Town
9,FAIRFIELD TOWN,0900126620,Fairfield Town
9,GREENWICH TOWN,0900133620,Greenwich Town
9,MONROE TOWN,0900148620,Monroe Town
9,NEW CANAAN TOWN,0900150580,New Canaan Town
9,NEW FAIRFIELD TOWN,0900150860,New Fairfield Town
9,NEWTOWN TOWN,0900152980,Newtown Town
9,NORWALK TOWN,0900156060,Norwalk Town
9,REDDING TOWN,0900163480,Redding Town
9,RIDGEFIELD TOWN,0900163970,Ridgefield Town
9,SHELTON TOWN,0900168170,Shelton Town
9,SHERMAN TOWN,0900168310,Sherman Town
9,STAMFORD TOWN,0900173070,Stamford Town
9,STRATFORD TOWN,0900174190,Stratford Town
9,TRUMBULL TOWN,0900177200,Trumbull Town
9,WESTON TOWN,0900183430,Weston Town
9,WESTPORT TOWN,0900183500,Westport Town
9,WILTON TOWN,0900186370,Wilton Town
9,AVON TOWN,0900302060,Avon Town
9,BERLIN TOWN,0900304300,Berlin Town
9,BLOOMFIELD TOWN,0900305910,Bloomfield Town
9,BRISTOL TOWN,0900308490,Bristol Town
9,BURLINGTON TOWN,0900310100,Burlington Town
9,CANTON TOWN,0900312270,Canton Town
9,EAST GRANBY TOWN,0900322070,East Granby Town
9,EAST HARTFORD TOWN,0900322630,East Hartford Town
9,EAST WINDSOR TOWN,0900324800,East Windsor Town
9,ENFIELD TOWN,0900325990,Enfield Town
9,FARMINGTON TOWN,0900327600,Farmington Town
9,GLASTONBURY TOWN,0900331240,Glastonbury Town
9,GRANBY TOWN,0900332640,Granby Town
9,HARTFORD TOWN,0900337070,Hartford Town
9,HARTLAND TOWN,0900337140,Hartland Town
9,MANCHESTER TOWN,0900344700,Manchester Town
9,MARLBOROUGH TOWN,0900345820,Marlborough Town
9,NEW BRITAIN TOWN,0900350440,New Britain Town
9,NEWINGTON TOWN,0900352140,Newington Town
9,PLAINVILLE TOWN,0900360120,Plainville Town
9,ROCKY HILL TOWN,0900365370,Rocky Hill Town
9,SIMSBURY TOWN,0900368940,Simsbury Town
9,SOUTHINGTON TOWN,0900370550,Southington Town
9,SOUTH WINDSOR TOWN,0900371390,South Windsor Town
9,SUFFIELD TOWN,0900374540,Suffield Town
9,WEST HARTFORD TOWN,0900382590,West Hartford Town
9,WETHERSFIELD TOWN,0900384900,Wethersfield Town
9,WINDSOR TOWN,0900387000,Windsor Town
9,WINDSOR LOCKS TOWN,0900387070,Windsor Locks Town
9,BARKHAMSTED TOWN,0900502760,Barkhamsted Town
9,BETHLEHEM TOWN,0900504930,Bethlehem Town
9,BRIDGEWATER TOWN,0900508210,Bridgewater Town
9,CANAAN TOWN,0900510940,Canaan Town
9,COLEBROOK TOWN,0900516050,Colebrook Town
9,CORNWALL TOWN,0900517240,Cornwall Town
9,GOSHEN TOWN,0900532290,Goshen Town
9,HARWINTON TOWN,0900537280,Harwinton Town
9,KENT TOWN,0900540290,Kent Town
9,LITCHFIELD TOWN,0900543370,Litchfield Town
9,MORRIS TOWN,0900549460,Morris Town
9,NEW HARTFORD TOWN,0900551350,New Hartford Town
9,NEW MILFORD TOWN,0900552630,New Milford Town
9,NORFOLK TOWN,0900553470,Norfolk Town
9,NORTH CANAAN TOWN,0900554030,North Canaan Town
9,PLYMOUTH TOWN,0900560750,Plymouth Town
9,ROXBURY TOWN,0900565930,Roxbury Town
9,SALISBURY TOWN,0900566420,Salisbury Town
9,SHARON TOWN,0900567960,Sharon Town
9,THOMASTON TOWN,0900575730,Thomaston Town
9,TORRINGTON TOWN,0900576570,Torrington Town
9,WARREN TOWN,0900579510,Warren Town
9,WASHINGTON TOWN,0900579720,Washington Town
9,WATERTOWN TOWN,0900580490,Watertown Town
9,WINCHESTER TOWN,0900586440,Winchester Town
9,WOODBURY TOWN,0900587910,Woodbury Town
9,CHESTER TOWN,0900714300,Chester Town
9,CLINTON TOWN,0900715350,Clinton Town
9,CROMWELL TOWN,0900718080,Cromwell Town
9,DEEP RIVER TOWN,0900719130,Deep River Town
9,DURHAM TOWN,0900720810,Durham Town
9,EAST HADDAM TOWN,0900722280,East Haddam Town
9,EAST HAMPTON TOWN,0900722490,East Hampton Town
9,ESSEX TOWN,0900726270,Essex Town
9,HADDAM TOWN,0900735230,Haddam Town
9,KILLINGWORTH TOWN,0900740710,Killingworth Town
9,MIDDLEFIELD TOWN,0900747080,Middlefield Town
9,MIDDLETOWN TOWN,0900747360,Middletown Town
9,OLD SAYBROOK TOWN,0900757320,Old Saybrook Town
9,PORTLAND TOWN,0900761800,Portland Town
9,WESTBROOK TOWN,0900781680,Westbrook Town
9,ANSONIA TOWN,0900901220,Ansonia Town
9,BEACON FALLS TOWN,0900903250,Beacon Falls Town
9,BETHANY TOWN,0900904580,Bethany Town
9,BRANFORD TOWN,0900907310,Branford Town
9,CHESHIRE TOWN,0900914160,Cheshire Town
9,DERBY TOWN,0900919550,Derby Town
9,EAST HAVEN TOWN,0900922910,East Haven Town
9,GUILFORD TOWN,0900934950,Guilford Town
9,HAMDEN TOWN,0900935650,Hamden Town
9,MADISON TOWN,0900944560,Madison Town
9,MERIDEN TOWN,0900946520,Meriden Town
9,MIDDLEBURY TOWN,0900946940,Middlebury Town
9,MILFORD TOWN,0900947535,Milford Town
9,NAUGATUCK TOWN,0900949950,Naugatuck Town
9,NEW HAVEN TOWN,0900952070,New Haven Town
9,NORTH BRANFORD TOWN,0900953890,North Branford Town
9,NORTH HAVEN TOWN,0900954870,North Haven Town
9,ORANGE TOWN,0900957600,Orange Town
9,OXFORD TOWN,0900958300,Oxford Town
9,PROSPECT TOWN,0900962290,Prospect Town
9,SEYMOUR TOWN,0900967610,Seymour Town
9,SOUTHBURY TOWN,0900969640,Southbury Town
9,WALLINGFORD TOWN,0900978740,Wallingford Town
9,WATERBURY TOWN,0900980070,Waterbury Town
9,WEST HAVEN TOWN,0900982870,West Haven Town
9,WOLCOTT TOWN,0900987560,Wolcott Town
9,WOODBRIDGE TOWN,0900987700,Woodbridge Town
9,BOZRAH TOWN,0901106820,Bozrah Town
9,COLCHESTER TOWN,0901115910,Colchester Town
9,EAST LYME TOWN,0901123400,East Lyme Town
9,FRANKLIN TOWN,0901129910,Franklin Town
9,GRISWOLD TOWN,0901133900,Griswold Town
9,GROTON TOWN,0901134250,Groton Town
9,LEBANON TOWN,0901142390,Lebanon Town
9,LEDYARD TOWN,0901142600,Ledyard Town
9,LISBON TOWN,0901143230,Lisbon Town
9,LYME TOWN,0901144210,Lyme Town
9,MONTVILLE TOWN,0901148900,Montville Town
9,NEW LONDON TOWN,0901152350,New London Town
9,NORTH STONINGTON TOWN,0901155500,North Stonington Town
9,NORWICH TOWN,0901156270,Norwich Town
9,OLD LYME TOWN,0901157040,Old Lyme Town
9,PRESTON TOWN,0901162150,Preston Town
9,SALEM TOWN,0901166210,Salem Town
9,SPRAGUE TOWN,0901171670,Sprague Town
9,STONINGTON TOWN,0901173770,Stonington Town
9,VOLUNTOWN TOWN,0901178600,Voluntown Town
9,WATERFORD TOWN,0901180280,Waterford Town
9,ANDOVER TOWN,0901301080,Andover Town
9,BOLTON TOWN,0901306260,Bolton Town
9,COLUMBIA TOWN,0901316400,Columbia Town
9,COVENTRY TOWN,0901317800,Coventry Town
9,ELLINGTON TOWN,0901325360,Ellington Town
9,HEBRON TOWN,0901337910,Hebron Town
9,MANSFIELD TOWN,0901344910,Mansfield Town
9,SOMERS TOWN,0901369220,Somers Town
9,STAFFORD TOWN,0901372090,Stafford Town
9,TOLLAND TOWN,0901376290,Tolland Town
9,UNION TOWN,0901377830,Union Town
9,VERNON TOWN,0901378250,Vernon Town
9,WILLINGTON TOWN,0901385950,Willington Town
9,ASHFORD TOWN,0901501430,Ashford Town
9,BROOKLYN TOWN,0901509190,Brooklyn Town
9,CANTERBURY TOWN,0901512130,Canterbury Town
9,CHAPLIN TOWN,0901513810,Chaplin Town
9,EASTFORD TOWN,0901521860,Eastford Town
9,HAMPTON TOWN,0901536000,Hampton Town
9,KILLINGLY TOWN,0901540500,Killingly Town
9,PLAINFIELD TOWN,0901559980,Plainfield Town
9,POMFRET TOWN,0901561030,Pomfret Town
9,PUTNAM TOWN,0901562710,Putnam Town
9,SCOTLAND TOWN,0901567400,Scotland Town
9,STERLING TOWN,0901573420,Sterling Town
9,THOMPSON TOWN,0901575870,Thompson Town
9,WINDHAM TOWN,0901586790,Windham Town
9,WOODSTOCK TOWN,0901588190,Woodstock Town
10,KENT COUNTY,1000100000,Kent
10,NEW CASTLE COUNTY,1000300000,New Castle
10,SUSSEX COUNTY,1000500000,Sussex
12,ALACHUA COUNTY,1200100000,Alachua
12,BAKER COUNTY,1200300000,Baker
12,BAY COUNTY,1200500000,Bay
12,BRADFORD COUNTY,1200700000,Bradford
12,BREVARD COUNTY,1200900000,Brevard
12,BROWARD COUNTY,1201100000,Broward
12,CALHOUN COUNTY,1201300000,Calhoun
12,CHARLOTTE COUNTY,1201500000,Charlotte
12,CITRUS COUNTY,1201700000,Citrus
12,CLAY COUNTY,1201900000,Clay
12,COLLIER COUNTY,1202100000,Collier
12,COLUMBIA COUNTY,1202300000,Columbia
12,DESOTO COUNTY,1202700000,Desoto
12,DIXIE COUNTY,1202900000,Dixie
12,DUVAL COUNTY,1203100000,Duval
12,ESCAMBIA COUNTY,1203300000,Escambia
12,FLAGLER COUNTY,1203500000,Flagler
12,FRANKLIN COUNTY,1203700000,Franklin
12,GADSDEN COUNTY,1203900000,Gadsden
12,GILCHRIST COUNTY,1204100000,Gilchrist
12,GLADES COUNTY,1204300000,Glades
12,GULF COUNTY,1204500000,Gulf
12,HAMILTON COUNTY,1204700000,Hamilton
12,HARDEE COUNTY,1204900000,Hardee
12,HENDRY COUNTY,1205100000,Hendry
12,HERNANDO COUNTY,1205300000,Hernando
12,HIGHLANDS COUNTY,1205500000,Highlands
12,HILLSBOROUGH COUNTY,1205700000,Hillsborough
12,HOLMES COUNTY,1205900000,Holmes
12,INDIAN RIVER COUNTY,1206100000,Indian River
12,JACKSON COUNTY,1206300000,Jackson
12,JEFFERSON COUNTY,1206500000,Jefferson
12,LAFAYETTE COUNTY,1206700000,Lafayette
12,LAKE COUNTY,1206900000,Lake
12,LEE COUNTY,1207100000,Lee
12,LEON COUNTY,1207300000,Leon
12,LEVY COUNTY,1207500000,Levy
12,LIBERTY COUNTY,1207700000,Liberty
12,MADISON COUNTY,1207900000,Madison
12,MANATEE COUNTY,1208100000,Manatee
12,MARION COUNTY,1208300000,Marion
12,MARTIN COUNTY,1208500000,Martin
12,MIAMI-DADE COUNTY,1208600000,Miami-Dade
12,MONROE COUNTY,1208700000,Monroe
12,NASSAU COUNTY,1208900000,Nassau
12,OKALOOSA COUNTY,1209100000,Okaloosa
12,OKEECHOBEE COUNTY,1209300000,Okeechobee
12,ORANGE COUNTY,1209500000,Orange
12,OSCEOLA COUNTY,1209700000,Osceola
12,PALM BEACH COUNTY,1209900000,Palm Beach
12,PASCO COUNTY,1210100000,Pasco
12,PINELLAS COUNTY,1210300000,Pinellas
12,POLK COUNTY,1210500000,Polk
12,PUTNAM COUNTY,1210700000,Putnam
12,ST. JOHNS COUNTY,1210900000,St. Johns
12,ST. LUCIE COUNTY,1211100000,St. Lucie
12,SANTA ROSA COUNTY,1211300000,Santa Rosa
12,SARASOTA COUNTY,1211500000,Sarasota
12,SEMINOLE COUNTY,1211700000,Seminole
12,SUMTER COUNTY,1211900000,Sumter
12,SUWANNEE COUNTY,1212100000,Suwannee
12,TAYLOR COUNTY,1212300000,Taylor
12,UNION COUNTY,1212500000,Union
12,VOLUSIA COUNTY,1212700000,Volusia
12,WAKULLA COUNTY,1212900000,Wakulla
12,WALTON COUNTY,1213100000,Walton
12,WASHINGTON COUNTY,1213300000,Washington
13,APPLING COUNTY,1300100000,Appling
13,ATKINSON COUNTY,1300300000,Atkinson
13,BACON COUNTY,1300500000,Bacon
13,BAKER COUNTY,1300700000,Baker
13,BALDWIN COUNTY,1300900000,Baldwin
13,BANKS COUNTY,1301100000,Banks
13,BARROW COUNTY,1301300000,Barrow
13,BARTOW COUNTY,1301500000,Bartow
13,BEN HILL COUNTY,1301700000,Ben Hill
13,BERRIEN COUNTY,1301900000,Berrien
13,BIBB COUNTY,1302100000,Bibb
13,BLECKLEY COUNTY,1302300000,Bleckley
13,BRANTLEY COUNTY,1302500000,Brantley
13,BROOKS COUNTY,1302700000,Brooks
13,BRYAN COUNTY,1302900000,Bryan
13,BULLOCH COUNTY,1303100000,Bulloch
13,BURKE COUNTY,1303300000,Burke
13,BUTTS COUNTY,1303500000,Butts
13,CALHOUN COUNTY,1303700000,Calhoun
13,CAMDEN COUNTY,1303900000,Camden
13,CANDLER COUNTY,1304300000,Candler
13,CARROLL COUNTY,1304500000,Carroll
13,CATOOSA COUNTY,1304700000,Catoosa
13,CHARLTON COUNTY,1304900000,Charlton
13,CHATHAM COUNTY,1305100000,Chatham
13,CHATTAHOOCHEE COUNTY,1305300000,Chattahoochee
13,CHATTOOGA COUNTY,1305500000,Chattooga
13,CHEROKEE COUNTY,1305700000,Cherokee
13,CLARKE COUNTY,1305900000,Clarke
13,CLAY COUNTY,1306100000,Clay
13,CLAYTON COUNTY,1306300000,Clayton
13,CLINCH COUNTY,1306500000,Clinch
13,COBB COUNTY,1306700000,Cobb
13,COFFEE COUNTY,1306900000,Coffee
13,COLQUITT COUNTY,1307100000,Colquitt
13,COLUMBIA COUNTY,1307300000,Columbia
13,COOK COUNTY,1307500000,Cook
13,COWETA COUNTY,1307700000,Coweta
13,CRAWFORD COUNTY,1307900000,Crawford
13,CRISP COUNTY,1308100000,Crisp
13,DADE COUNTY,1308300000,Dade
13,DAWSON COUNTY,1308500000,Dawson
13,DECATUR COUNTY,1308700000,Decatur
13,DEKALB COUNTY,1308900000,Dekalb
13,DODGE COUNTY,1309100000,Dodge
13,DOOLY COUNTY,1309300000,Dooly
13,DOUGHERTY COUNTY,1309500000,Dougherty
13,DOUGLAS COUNTY,1309700000,Douglas
13,EARLY COUNTY,1309900000,Early
13,ECHOLS COUNTY,1310100000,Echols
13,EFFINGHAM COUNTY,1310300000,Effingham
13,ELBERT COUNTY,1310500000,Elbert
13,EMANUEL COUNTY,1310700000,Emanuel
13,EVANS COUNTY,1310900000,Evans
13,FANNIN COUNTY,1311100000,Fannin
13,FAYETTE COUNTY,1311300000,Fayette
13,FLOYD COUNTY,1311500000,Floyd
13,FORSYTH COUNTY,1311700000,Forsyth
13,FRANKLIN COUNTY,1311900000,Franklin
13,FULTON COUNTY,1312100000,Fulton
13,GILMER COUNTY,1312300000,Gilmer
13,GLASCOCK COUNTY,1312500000,Glascock
13,GLYNN COUNTY,1312700000,Glynn
13,GORDON COUNTY,1312900000,Gordon
13,GRADY COUNTY,1313100000,Grady
13,GREENE COUNTY,1313300000,Greene
13,GWINNETT COUNTY,1313500000,Gwinnett
13,HABERSHAM COUNTY,1313700000,Habersham
13,HALL COUNTY,1313900000,Hall
13,HANCOCK COUNTY,1314100000,Hancock
13,HARALSON COUNTY,1314300000,Haralson
13,HARRIS COUNTY,1314500000,Harris
13,HART COUNTY,1314700000,Hart
13,HEARD COUNTY,1314900000,Heard
13,HENRY COUNTY,1315100000,Henry
13,HOUSTON COUNTY,1315300000,Houston
13,IRWIN COUNTY,1315500000,Irwin
13,JACKSON COUNTY,1315700000,Jackson
13,JASPER COUNTY,1315900000,Jasper
13,JEFF DAVIS COUNTY,1316100000,Jeff Davis
13,JEFFERSON COUNTY,1316300000,Jefferson
13,JENKINS COUNTY,1316500000,Jenkins
13,JOHNSON COUNTY,1316700000,Johnson
13,JONES COUNTY,1316900000,Jones
13,LAMAR COUNTY,1317100000,Lamar
13,LANIER COUNTY,1317300000,Lanier
13,LAURENS COUNTY,1317500000,Laurens
13,LEE COUNTY,1317700000,Lee
13,LIBERTY COUNTY,1317900000,Liberty
13,LINCOLN COUNTY,1318100000,Lincoln
13,LONG COUNTY,1318300000,Long
13,LOWNDES COUNTY,1318500000,Lowndes
13,LUMPKIN COUNTY,1318700000,Lumpkin
13,MCDUFFIE COUNTY,1318900000,Mcduffie
13,MCINTOSH COUNTY,1319100000,Mcintosh
13,MACON COUNTY,1319300000,Macon
13,MADISON COUNTY,1319500000,Madison
13,MARION COUNTY,1319700000,Marion
13,MERIWETHER COUNTY,1319900000,Meriwether
13,MILLER COUNTY,1320100000,Miller
13,MITCHELL COUNTY,1320500000,Mitchell
13,MONROE COUNTY,1320700000,Monroe
13,MONTGOMERY COUNTY,1320900000,Montgomery
13,MORGAN COUNTY,1321100000,Morgan
13,MURRAY COUNTY,1321300000,Murray
13,MUSCOGEE COUNTY,1321500000,Muscogee
13,NEWTON COUNTY,1321700000,Newton
13,OCONEE COUNTY,1321900000,Oconee
13,OGLETHORPE COUNTY,1322100000,Oglethorpe
13,PAULDING COUNTY,1322300000,Paulding
13,PEACH COUNTY,1322500000,Peach
13,PICKENS COUNTY,1322700000,Pickens
13,PIERCE COUNTY,1322900000,Pierce
13,PIKE COUNTY,1323100000,Pike
13,POLK COUNTY,1323300000,Polk
13,PULASKI COUNTY,1323500000,Pulaski
13,PUTNAM COUNTY,1323700000,Putnam
13,QUITMAN COUNTY,1323900000,Quitman
13,RABUN COUNTY,1324100000,Rabun
13,RANDOLPH COUNTY,1324300000,Randolph
13,RICHMOND COUNTY,1324500000,Richmond
13,ROCKDALE COUNTY,1324700000,Rockdale
13,SCHLEY COUNTY,1324900000,Schley
13,SCREVEN COUNTY,1325100000,Screven
13,SEMINOLE COUNTY,1325300000,Seminole
13,SPALDING COUNTY,1325500000,Spalding
13,STEPHENS COUNTY,1325700000,Stephens
13,STEWART COUNTY,1325900000,Stewart
13,SUMTER COUNTY,1326100000,Sumter
13,TALBOT COUNTY,1326300000,Talbot
13,TALIAFERRO COUNTY,1326500000,Taliaferro
13,TATTNALL COUNTY,1326700000,Tattnall
13,TAYLOR COUNTY,1326900000,Taylor
13,TELFAIR COUNTY,1327100000,Telfair
13,TERRELL COUNTY,1327300000,Terrell
13,THOMAS COUNTY,1327500000,Thomas
13,TIFT COUNTY,1327700000,Tift
13,TOOMBS COUNTY,1327900000,Toombs
13,TOWNS COUNTY,1328100000,Towns
13,TREUTLEN COUNTY,1328300000,Treutlen
13,TROUP COUNTY,1328500000,Troup
13,TURNER COUNTY,1328700000,Turner
13,TWIGGS COUNTY,1328900000,Twiggs
13,UNION COUNTY,1329100000,Union
13,UPSON COUNTY,1329300000,Upson
13,WALKER COUNTY,1329500000,Walker
13,WALTON COUNTY,1329700000,Walton
13,WARE COUNTY,1329900000,Ware
13,WARREN COUNTY,1330100000,Warren
13,WASHINGTON COUNTY,1330300000,Washington
13,WAYNE COUNTY,1330500000,Wayne
13,WEBSTER COUNTY,1330700000,Webster
13,WHEELER COUNTY,1330900000,Wheeler
13,WHITE COUNTY,1331100000,White
13,WHITFIELD COUNTY,1331300000,Whitfield
13,WILCOX COUNTY,1331500000,Wilcox
13,WILKES COUNTY,1331700000,Wilkes
13,WILKINSON COUNTY,1331900000,Wilkinson
13,WORTH COUNTY,1332100000,Worth
15,HAWAII COUNTY,1500100000,Hawaii
15,HONOLULU COUNTY,1500300000,Honolulu
15,KALAWAO COUNTY,1500500000,Kalawao
15,KAUAI COUNTY,1500700000,Kauai
15,MAUI COUNTY,1500900000,Maui
16,ADA COUNTY,1600100000,Ada
16,ADAMS COUNTY,1600300000,Adams
16,BANNOCK COUNTY,1600500000,Bannock
16,BEAR LAKE COUNTY,1600700000,Bear Lake
16,BENEWAH COUNTY,1600900000,Benewah
16,BINGHAM COUNTY,1601100000,Bingham
16,BLAINE COUNTY,1601300000,Blaine
16,BOISE COUNTY,1601500000,Boise
16,BONNER COUNTY,1601700000,Bonner
16,BONNEVILLE COUNTY,1601900000,Bonneville
16,BOUNDARY COUNTY,1602100000,Boundary
16,BUTTE COUNTY,1602300000,Butte
16,CAMAS COUNTY,1602500000,Camas
16,CANYON COUNTY,1602700000,Canyon
16,CARIBOU COUNTY,1602900000,Caribou
16,CASSIA COUNTY,1603100000,Cassia
16,CLARK COUNTY,1603300000,Clark
16,CLEARWATER COUNTY,1603500000,Clearwater
16,CUSTER COUNTY,1603700000,Custer
16,ELMORE COUNTY,1603900000,Elmore
16,FRANKLIN COUNTY,1604100000,Franklin
16,FREMONT COUNTY,1604300000,Fremont
16,GEM COUNTY,1604500000,Gem
16,GOODING COUNTY,1604700000,Gooding
16,IDAHO COUNTY,1604900000,Idaho
16,JEFFERSON COUNTY,1605100000,Jefferson
16,JEROME COUNTY,1605300000,Jerome
16,KOOTENAI COUNTY,1605500000,Kootenai
16,LATAH COUNTY,1605700000,Latah
16,LEMHI COUNTY,1605900000,Lemhi
16,LEWIS COUNTY,1606100000,Lewis
16,LINCOLN COUNTY,1606300000,Lincoln
16,MADISON COUNTY,1606500000,Madison
16,MINIDOKA COUNTY,1606700000,Minidoka
16,NEZ PERCE COUNTY,1606900000,Nez Perce
16,ONEIDA COUNTY,1607100000,Oneida
16,OWYHEE COUNTY,1607300000,Owyhee
16,PAYETTE COUNTY,1607500000,Payette
16,POWER COUNTY,1607700000,Power
16,SHOSHONE COUNTY,1607900000,Shoshone
16,TETON COUNTY,1608100000,Teton
16,TWIN FALLS COUNTY,1608300000,Twin Falls
16,VALLEY COUNTY,1608500000,Valley
16,WASHINGTON COUNTY,1608700000,Washington
17,ADAMS COUNTY,1700100000,Adams
17,ALEXANDER COUNTY,1700300000,Alexander
17,BOND COUNTY,1700500000,Bond
17,BOONE COUNTY,1700700000,Boone
17,BROWN COUNTY,1700900000,Brown
17,BUREAU COUNTY,1701100000,Bureau
17,CALHOUN COUNTY,1701300000,Calhoun
17,CARROLL COUNTY,1701500000,Carroll
17,CASS COUNTY,1701700000,Cass
17,CHAMPAIGN COUNTY,1701900000,Champaign
17,CHRISTIAN COUNTY,1702100000,Christian
17,CLARK COUNTY,1702300000,Clark
17,CLAY COUNTY,1702500000,Clay
17,CLINTON COUNTY,1702700000,Clinton
17,COLES COUNTY,1702900000,Coles
17,COOK COUNTY,1703100000,Cook
17,CRAWFORD COUNTY,1703300000,Crawford
17,CUMBERLAND COUNTY,1703500000,Cumberland
17,DE KALB COUNTY,1703700000,De Kalb
17,DE WITT COUNTY,1703900000,De Witt
17,DOUGLAS COUNTY,1704100000,Douglas
17,DU PAGE COUNTY,1704300000,Du Page
17,EDGAR COUNTY,1704500000,Edgar
17,EDWARDS COUNTY,1704700000,Edwards
17,EFFINGHAM COUNTY,1704900000,Effingham
17,FAYETTE COUNTY,1705100000,Fayette
17,FORD COUNTY,1705300000,Ford
17,FRANKLIN COUNTY,1705500000,Franklin
17,FULTON COUNTY,1705700000,Fulton
17,GALLATIN COUNTY,1705900000,Gallatin
17,GREENE COUNTY,1706100000,Greene
17,GRUNDY COUNTY,1706300000,Grundy
17,HAMILTON COUNTY,1706500000,Hamilton
17,BLOOMINGTON CITY,1706613000,Bloomington City
17,HANCOCK COUNTY,1706700000,Hancock
17,HARDIN COUNTY,1706900000,Hardin
17,HENDERSON COUNTY,1707100000,Henderson
17,HENRY COUNTY,1707300000,Henry
17,IROQUOIS COUNTY,1707500000,Iroquois
17,JACKSON COUNTY,1707700000,Jackson
17,JASPER COUNTY,1707900000,Jasper
17,JEFFERSON COUNTY,1708100000,Jefferson
17,JERSEY COUNTY,1708300000,Jersey
17,JO DAVIESS COUNTY,1708500000,Jo Daviess
17,JOHNSON COUNTY,1708700000,Johnson
17,KANE COUNTY,1708900000,Kane
17,KANKAKEE COUNTY,1709100000,Kankakee
17,KENDALL COUNTY,1709300000,Kendall
17,KNOX COUNTY,1709500000,Knox
17,LAKE COUNTY,1709700000,Lake
17,LA SALLE COUNTY,1709900000,La Salle
17,LAWRENCE COUNTY,1710100000,Lawrence
17,LEE COUNTY,1710300000,Lee
17,LIVINGSTON COUNTY,1710500000,Livingston
17,LOGAN COUNTY,1710700000,Logan
17,MCDONOUGH COUNTY,1710900000,Mcdonough
17,MCHENRY COUNTY,1711100000,Mchenry
17,MCLEAN COUNTY,1711300000,Mclean
17,MACON COUNTY,1711500000,Macon
17,MACOUPIN COUNTY,1711700000,Macoupin
17,MADISON COUNTY,1711900000,Madison
17,MARION COUNTY,1712100000,Marion
17,MARSHALL COUNTY,1712300000,Marshall
17,MASON COUNTY,1712500000,Mason
17,MASSAC COUNTY,1712700000,Massac
17,MENARD COUNTY,1712900000,Menard
17,MERCER COUNTY,1713100000,Mercer
17,MONROE COUNTY,1713300000,Monroe
17,MONTGOMERY COUNTY,1713500000,Montgomery
17,MORGAN COUNTY,1713700000,Morgan
17,MOULTRIE COUNTY,1713900000,Moultrie
17,CHICAGO CITY,1714000000,Chicago City
17,OGLE COUNTY,1714100000,Ogle
17,PEORIA COUNTY,1714300000,Peoria
17,PERRY COUNTY,1714500000,Perry
17,PIATT COUNTY,1714700000,Piatt
17,PIKE COUNTY,1714900000,Pike
17,POPE COUNTY,1715100000,Pope
17,PULASKI COUNTY,1715300000,Pulaski
17,PUTNAM COUNTY,1715500000,Putnam
17,RANDOLPH COUNTY,1715700000,Randolph
17,RICHLAND COUNTY,1715900000,Richland
17,ROCK ISLAND COUNTY,1716100000,Rock Island
17,ST. CLAIR COUNTY,1716300000,St. Clair
17,SALINE COUNTY,1716500000,Saline
17,SANGAMON COUNTY,1716700000,Sangamon
17,SCHUYLER COUNTY,1716900000,Schuyler
17,SCOTT COUNTY,1717100000,Scott
17,SHELBY COUNTY,1717300000,Shelby
17,STARK COUNTY,1717500000,Stark
17,STEPHENSON COUNTY,1717700000,Stephenson
17,TAZEWELL COUNTY,1717900000,Tazewell
17,UNION COUNTY,1718100000,Union
17,VERMILION COUNTY,1718300000,Vermilion
17,WABASH COUNTY,1718500000,Wabash
17,DANVILLE CITY,1718563000,Danville City
17,WARREN COUNTY,1718700000,Warren
17,WASHINGTON COUNTY,1718900000,Washington
17,WAYNE COUNTY,1719100000,Wayne
17,WHITE COUNTY,1719300000,White
17,WHITESIDE COUNTY,1719500000,Whiteside
17,WILL COUNTY,1719700000,Will
17,WILLIAMSON COUNTY,1719900000,Williamson
17,WINNEBAGO COUNTY,1720100000,Winnebago
17,WOODFORD COUNTY,1720300000,Woodford
17,EAST ST. LOUIS CITY,1722255000,East St. Louis City
17,GALESBURG CITY,1728326000,Galesburg City
17,ROCKFORD CITY,1765000000,Rockford City
18,ADAMS COUNTY,1800100000,Adams
18,ALLEN COUNTY,1800300000,Allen
18,BARTHOLOMEW COUNTY,1800500000,Bartholomew
18,BENTON COUNTY,1800700000,Benton
18,BLACKFORD COUNTY,1800900000,Blackford
18,BOONE COUNTY,1801100000,Boone
18,BROWN COUNTY,1801300000,Brown
18,CARROLL COUNTY,1801500000,Carroll
18,CASS COUNTY,1801700000,Cass
18,CLARK COUNTY,1801900000,Clark
18,CLAY COUNTY,1802100000,Clay
18,CLINTON COUNTY,1802300000,Clinton
18,CRAWFORD COUNTY,1802500000,Crawford
18,DAVIESS COUNTY,1802700000,Daviess
18,DEARBORN COUNTY,1802900000,Dearborn
18,DECATUR COUNTY,1803100000,Decatur
18,DEKALB COUNTY,1803300000,Dekalb
18,DELAWARE COUNTY,1803500000,Delaware
18,DUBOIS COUNTY,1803700000,Dubois
18,ELKHART COUNTY,1803900000,Elkhart
18,FAYETTE COUNTY,1804100000,Fayette
18,FLOYD COUNTY,1804300000,Floyd
18,FOUNTAIN COUNTY,1804500000,Fountain
18,FRANKLIN COUNTY,1804700000,Franklin
18,FULTON COUNTY,1804900000,Fulton
18,GIBSON COUNTY,1805100000,Gibson
18,GRANT COUNTY,1805300000,Grant
18,GREENE COUNTY,1805500000,Greene
18,HAMILTON COUNTY,1805700000,Hamilton
18,HANCOCK COUNTY,1805900000,Hancock
18,HARRISON COUNTY,1806100000,Harrison
18,HENDRICKS COUNTY,1806300000,Hendricks
18,HENRY COUNTY,1806500000,Henry
18,HOWARD COUNTY,1806700000,Howard
18,HUNTINGTON COUNTY,1806900000,Huntington
18,JACKSON COUNTY,1807100000,Jackson
18,JASPER COUNTY,1807300000,Jasper
18,JAY COUNTY,1807500000,Jay
18,JEFFERSON COUNTY,1807700000,Jefferson
18,JENNINGS COUNTY,1807900000,Jennings
18,JOHNSON COUNTY,1808100000,Johnson
18,KNOX COUNTY,1808300000,Knox
18,KOSCIUSKO COUNTY,1808500000,Kosciusko
18,LAGRANGE COUNTY,1808700000,Lagrange
18,LAKE COUNTY,1808900000,Lake
18,LAPORTE COUNTY,1809100000,Laporte
18,LAWRENCE COUNTY,1809300000,Lawrence
18,MADISON COUNTY,1809500000,Madison
18,MARION COUNTY,1809700000,Marion
18,MARSHALL COUNTY,1809900000,Marshall
18,MARTIN COUNTY,1810100000,Martin
18,MIAMI COUNTY,1810300000,Miami
18,MONROE COUNTY,1810500000,Monroe
18,MONTGOMERY COUNTY,1810700000,Montgomery
18,MORGAN COUNTY,1810900000,Morgan
18,NEWTON COUNTY,1811100000,Newton
18,NOBLE COUNTY,1811300000,Noble
18,OHIO COUNTY,1811500000,Ohio
18,ORANGE COUNTY,1811700000,Orange
18,OWEN COUNTY,1811900000,Owen
18,PARKE COUNTY,1812100000,Parke
18,PERRY COUNTY,1812300000,Perry
18,PIKE COUNTY,1812500000,Pike
18,PORTER COUNTY,1812700000,Porter
18,POSEY COUNTY,1812900000,Posey
18,PULASKI COUNTY,1813100000,Pulaski
18,PUTNAM COUNTY,1813300000,Putnam
18,RANDOLPH COUNTY,1813500000,Randolph
18,RIPLEY COUNTY,1813700000,Ripley
18,RUSH COUNTY,1813900000,Rush
18,ST. JOSEPH COUNTY,1814100000,St. Joseph
18,SCOTT COUNTY,1814300000,Scott
18,SHELBY COUNTY,1814500000,Shelby
18,SPENCER COUNTY,1814700000,Spencer
18,STARKE COUNTY,1814900000,Starke
18,STEUBEN COUNTY,1815100000,Steuben
18,SULLIVAN COUNTY,1815300000,Sullivan
18,SWITZERLAND COUNTY,1815500000,Switzerland
18,TIPPECANOE COUNTY,1815700000,Tippecanoe
18,TIPTON COUNTY,1815900000,Tipton
18,UNION COUNTY,1816100000,Union
18,VANDERBURGH COUNTY,1816300000,Vanderburgh
18,VERMILLION COUNTY,1816500000,Vermillion
18,VIGO COUNTY,1816700000,Vigo
18,WABASH COUNTY,1816900000,Wabash
18,WARREN COUNTY,1817100000,Warren
18,WARRICK COUNTY,1817300000,Warrick
18,WASHINGTON COUNTY,1817500000,Washington
18,WAYNE COUNTY,1817700000,Wayne
18,WELLS COUNTY,1817900000,Wells
18,WHITE COUNTY,1818100000,White
18,WHITLEY COUNTY,1818300000,Whitley
19,ADAIR COUNTY,1900100000,Adair
19,ADAMS COUNTY,1900300000,Adams
19,ALLAMAKEE COUNTY,1900500000,Allamakee
19,APPANOOSE COUNTY,1900700000,Appanoose
19,AUDUBON COUNTY,1900900000,Audubon
19,BENTON COUNTY,1901100000,Benton
19,BLACK HAWK COUNTY,1901300000,Black Hawk
19,BOONE COUNTY,1901500000,Boone
19,BREMER COUNTY,1901700000,Bremer
19,BUCHANAN COUNTY,1901900000,Buchanan
19,BUENA VISTA COUNTY,1902100000,Buena Vista
19,BUTLER COUNTY,1902300000,Butler
19,CALHOUN COUNTY,1902500000,Calhoun
19,CARROLL COUNTY,1902700000,Carroll
19,CASS COUNTY,1902900000,Cass
19,CEDAR COUNTY,1903100000,Cedar
19,CERRO GORDO COUNTY,1903300000,Cerro Gordo
19,CHEROKEE COUNTY,1903500000,Cherokee
19,CHICKASAW COUNTY,1903700000,Chickasaw
19,CLARKE COUNTY,1903900000,Clarke
19,CLAY COUNTY,1904100000,Clay
19,CLAYTON COUNTY,1904300000,Clayton
19,CLINTON COUNTY,1904500000,Clinton
19,CRAWFORD COUNTY,1904700000,Crawford
19,DALLAS COUNTY,1904900000,Dallas
19,DAVIS COUNTY,1905100000,Davis
19,DECATUR COUNTY,1905300000,Decatur
19,DELAWARE COUNTY,1905500000,Delaware
19,DES MOINES COUNTY,1905700000,Des Moines
19,DICKINSON COUNTY,1905900000,Dickinson
19,DUBUQUE COUNTY,1906100000,Dubuque
19,EMMET COUNTY,1906300000,Emmet
19,FAYETTE COUNTY,1906500000,Fayette
19,FLOYD COUNTY,1906700000,Floyd
19,FRANKLIN COUNTY,1906900000,Franklin
19,FREMONT COUNTY,1907100000,Fremont
19,GREENE COUNTY,1907300000,Greene
19,GRUNDY COUNTY,1907500000,Grundy
19,GUTHRIE COUNTY,1907700000,Guthrie
19,HAMILTON COUNTY,1907900000,Hamilton
19,HANCOCK COUNTY,1908100000,Hancock
19,HARDIN COUNTY,1908300000,Hardin
19,HARRISON COUNTY,1908500000,Harrison
19,HENRY COUNTY,1908700000,Henry
19,HOWARD COUNTY,1908900000,Howard
19,HUMBOLDT COUNTY,1909100000,Humboldt
19,IDA COUNTY,1909300000,Ida
19,IOWA COUNTY,1909500000,Iowa
19,JACKSON COUNTY,1909700000,Jackson
19,JASPER COUNTY,1909900000,Jasper
19,JEFFERSON COUNTY,1910100000,Jefferson
19,JOHNSON COUNTY,1910300000,Johnson
19,JONES COUNTY,1910500000,Jones
19,KEOKUK COUNTY,1910700000,Keokuk
19,KOSSUTH COUNTY,1910900000,Kossuth
19,LEE COUNTY,1911100000,Lee
19,LINN COUNTY,1911300000,Linn
19,LOUISA COUNTY,1911500000,Louisa
19,LUCAS COUNTY,1911700000,Lucas
19,LYON COUNTY,1911900000,Lyon
19,MADISON COUNTY,1912100000,Madison
19,MAHASKA COUNTY,1912300000,Mahaska
19,MARION COUNTY,1912500000,Marion
19,MARSHALL COUNTY,1912700000,Marshall
19,MILLS COUNTY,1912900000,Mills
19,MITCHELL COUNTY,1913100000,Mitchell
19,MONONA COUNTY,1913300000,Monona
19,MONROE COUNTY,1913500000,Monroe
19,MONTGOMERY COUNTY,1913700000,Montgomery
19,MUSCATINE COUNTY,1913900000,Muscatine
19,O BRIEN COUNTY,1914100000,O Brien
19,OSCEOLA COUNTY,1914300000,Osceola
19,PAGE COUNTY,1914500000,Page
19,PALO ALTO COUNTY,1914700000,Palo Alto
19,PLYMOUTH COUNTY,1914900000,Plymouth
19,POCAHONTAS COUNTY,1915100000,Pocahontas
19,POLK COUNTY,1915300000,Polk
19,POTTAWATTAMIE COUNTY,1915500000,Pottawattamie
19,POWESHIEK COUNTY,1915700000,Poweshiek
19,RINGGOLD COUNTY,1915900000,Ringgold
19,SAC COUNTY,1916100000,Sac
19,SCOTT COUNTY,1916300000,Scott
19,SHELBY COUNTY,1916500000,Shelby
19,SIOUX COUNTY,1916700000,Sioux
19,STORY COUNTY,1916900000,Story
19,TAMA COUNTY,1917100000,Tama
19,TAYLOR COUNTY,1917300000,Taylor
19,UNION COUNTY,1917500000,Union
19,VAN BUREN COUNTY,1917700000,Van Buren
19,WAPELLO COUNTY,1917900000,Wapello
19,WARREN COUNTY,1918100000,Warren
19,WASHINGTON COUNTY,1918300000,Washington
19,WAYNE COUNTY,1918500000,Wayne
19,WEBSTER COUNTY,1918700000,Webster
19,WINNEBAGO COUNTY,1918900000,Winnebago
19,WINNESHIEK COUNTY,1919100000,Winneshiek
19,WOODBURY COUNTY,1919300000,Woodbury
19,WORTH COUNTY,1919500000,Worth
19,WRIGHT COUNTY,1919700000,Wright
20,ALLEN COUNTY,2000100000,Allen
20,ANDERSON COUNTY,2000300000,Anderson
20,ATCHISON COUNTY,2000500000,Atchison
20,BARBER COUNTY,2000700000,Barber
20,BARTON COUNTY,2000900000,Barton
20,BOURBON COUNTY,2001100000,Bourbon
20,BROWN COUNTY,2001300000,Brown
20,BUTLER COUNTY,2001500000,Butler
20,CHASE COUNTY,2001700000,Chase
20,CHAUTAUQUA COUNTY,2001900000,Chautauqua
20,CHEROKEE COUNTY,2002100000,Cherokee
20,CHEYENNE COUNTY,2002300000,Cheyenne
20,CLARK COUNTY,2002500000,Clark
20,CLAY COUNTY,2002700000,Clay
20,CLOUD COUNTY,2002900000,Cloud
20,COFFEY COUNTY,2003100000,Coffey
20,COMANCHE COUNTY,2003300000,Comanche
20,COWLEY COUNTY,2003500000,Cowley
20,CRAWFORD COUNTY,2003700000,Crawford
20,DECATUR COUNTY,2003900000,Decatur
20,DICKINSON COUNTY,2004100000,Dickinson
20,DONIPHAN COUNTY,2004300000,Doniphan
20,DOUGLAS COUNTY,2004500000,Douglas
20,EDWARDS COUNTY,2004700000,Edwards
20,ELK COUNTY,2004900000,Elk
20,ELLIS COUNTY,2005100000,Ellis
20,ELLSWORTH COUNTY,2005300000,Ellsworth
20,FINNEY COUNTY,2005500000,Finney
20,FORD COUNTY,2005700000,Ford
20,FRANKLIN COUNTY,2005900000,Franklin
20,GEARY COUNTY,2006100000,Geary
20,GOVE COUNTY,2006300000,Gove
20,GRAHAM COUNTY,2006500000,Graham
20,GRANT COUNTY,2006700000,Grant
20,GRAY COUNTY,2006900000,Gray
20,GREELEY COUNTY,2007100000,Greeley
20,GREENWOOD COUNTY,2007300000,Greenwood
20,HAMILTON COUNTY,2007500000,Hamilton
20,HARPER COUNTY,2007700000,Harper
20,HARVEY COUNTY,2007900000,Harvey
20,HASKELL COUNTY,2008100000,Haskell
20,HODGEMAN COUNTY,2008300000,Hodgeman
20,JACKSON COUNTY,2008500000,Jackson
20,JEFFERSON COUNTY,2008700000,Jefferson
20,JEWELL COUNTY,2008900000,Jewell
20,JOHNSON COUNTY,2009100000,Johnson
20,KEARNY COUNTY,2009300000,Kearny
20,KINGMAN COUNTY,2009500000,Kingman
20,KIOWA COUNTY,2009700000,Kiowa
20,LABETTE COUNTY,2009900000,Labette
20,LANE COUNTY,2010100000,Lane
20,LEAVENWORTH COUNTY,2010300000,Leavenworth
20,LINCOLN COUNTY,2010500000,Lincoln
20,LINN COUNTY,2010700000,Linn
20,LOGAN COUNTY,2010900000,Logan
20,LYON COUNTY,2011100000,Lyon
20,MCPHERSON COUNTY,2011300000,Mcpherson
20,MARION COUNTY,2011500000,Marion
20,MARSHALL COUNTY,2011700000,Marshall
20,MEADE COUNTY,2011900000,Meade
20,MIAMI COUNTY,2012100000,Miami
20,MITCHELL COUNTY,2012300000,Mitchell
20,MONTGOMERY COUNTY,2012500000,Montgomery
20,MORRIS COUNTY,2012700000,Morris
20,MORTON COUNTY,2012900000,Morton
20,NEMAHA COUNTY,2013100000,Nemaha
20,NEOSHO COUNTY,2013300000,Neosho
20,NESS COUNTY,2013500000,Ness
20,NORTON COUNTY,2013700000,Norton
20,OSAGE COUNTY,2013900000,Osage
20,OSBORNE COUNTY,2014100000,Osborne
20,OTTAWA COUNTY,2014300000,Ottawa
20,PAWNEE COUNTY,2014500000,Pawnee
20,PHILLIPS COUNTY,2014700000,Phillips
20,POTTAWATOMIE COUNTY,2014900000,Pottawatomie
20,PRATT COUNTY,2015100000,Pratt
20,RAWLINS COUNTY,2015300000,Rawlins
20,RENO COUNTY,2015500000,Reno
20,REPUBLIC COUNTY,2015700000,Republic
20,RICE COUNTY,2015900000,Rice
20,RILEY COUNTY,2016100000,Riley
20,ROOKS COUNTY,2016300000,Rooks
20,RUSH COUNTY,2016500000,Rush
20,RUSSELL COUNTY,2016700000,Russell
20,SALINE COUNTY,2016900000,Saline
20,SCOTT COUNTY,2017100000,Scott
20,SEDGWICK COUNTY,2017300000,Sedgwick
20,SEWARD COUNTY,2017500000,Seward
20,SHAWNEE COUNTY,2017700000,Shawnee
20,SHERIDAN COUNTY,2017900000,Sheridan
20,SHERMAN COUNTY,2018100000,Sherman
20,SMITH COUNTY,2018300000,Smith
20,STAFFORD COUNTY,2018500000,Stafford
20,STANTON COUNTY,2018700000,Stanton
20,STEVENS COUNTY,2018900000,Stevens
20,SUMNER COUNTY,2019100000,Sumner
20,THOMAS COUNTY,2019300000,Thomas
20,TREGO COUNTY,2019500000,Trego
20,WABAUNSEE COUNTY,2019700000,Wabaunsee
20,WALLACE COUNTY,2019900000,Wallace
20,WASHINGTON COUNTY,2020100000,Washington
20,WICHITA COUNTY,2020300000,Wichita
20,WILSON COUNTY,2020500000,Wilson
20,WOODSON COUNTY,2020700000,Woodson
20,WYANDOTTE COUNTY,2020900000,Wyandotte
21,ADAIR COUNTY,2100100000,Adair
21,ALLEN COUNTY,2100300000,Allen
21,ANDERSON COUNTY,2100500000,Anderson
21,BALLARD COUNTY,2100700000,Ballard
21,BARREN COUNTY,2100900000,Barren
21,BATH COUNTY,2101100000,Bath
21,BELL COUNTY,2101300000,Bell
21,BOONE COUNTY,2101500000,Boone
21,BOURBON COUNTY,2101700000,Bourbon
21,BOYD COUNTY,2101900000,Boyd
21,BOYLE COUNTY,2102100000,Boyle
21,BRACKEN COUNTY,2102300000,Bracken
21,BREATHITT COUNTY,2102500000,Breathitt
21,BRECKINRIDGE COUNTY,2102700000,Breckinridge
21,BULLITT COUNTY,2102900000,Bullitt
21,BUTLER COUNTY,2103100000,Butler
21,CALDWELL COUNTY,2103300000,Caldwell
21,CALLOWAY COUNTY,2103500000,Calloway
21,CAMPBELL COUNTY,2103700000,Campbell
21,CARLISLE COUNTY,2103900000,Carlisle
21,CARROLL COUNTY,2104100000,Carroll
21,CARTER COUNTY,2104300000,Carter
21,CASEY COUNTY,2104500000,Casey
21,CHRISTIAN COUNTY,2104700000,Christian
21,CLARK COUNTY,2104900000,Clark
21,CLAY COUNTY,2105100000,Clay
21,CLINTON COUNTY,2105300000,Clinton
21,CRITTENDEN COUNTY,2105500000,Crittenden
21,CUMBERLAND COUNTY,2105700000,Cumberland
21,DAVIESS COUNTY,2105900000,Daviess
21,EDMONSON COUNTY,2106100000,Edmonson
21,ELLIOTT COUNTY,2106300000,Elliott
21,ESTILL COUNTY,2106500000,Estill
21,FAYETTE COUNTY,2106700000,Fayette
21,FLEMING COUNTY,2106900000,Fleming
21,FLOYD COUNTY,2107100000,Floyd
21,FRANKLIN COUNTY,2107300000,Franklin
21,FULTON COUNTY,2107500000,Fulton
21,GALLATIN COUNTY,2107700000,Gallatin
21,GARRARD COUNTY,2107900000,Garrard
21,GRANT COUNTY,2108100000,Grant
21,GRAVES COUNTY,2108300000,Graves
21,GRAYSON COUNTY,2108500000,Grayson
21,GREEN COUNTY,2108700000,Green
21,GREENUP COUNTY,2108900000,Greenup
21,HANCOCK COUNTY,2109100000,Hancock
21,HARDIN COUNTY,2109300000,Hardin
21,HARLAN COUNTY,2109500000,Harlan
21,HARRISON COUNTY,2109700000,Harrison
21,HART COUNTY,2109900000,Hart
21,HENDERSON COUNTY,2110100000,Henderson
21,HENRY COUNTY,2110300000,Henry
21,HICKMAN COUNTY,2110500000,Hickman
21,HOPKINS COUNTY,2110700000,Hopkins
21,JACKSON COUNTY,2110900000,Jackson
21,JEFFERSON COUNTY,2111100000,Jefferson
21,JESSAMINE COUNTY,2111300000,Jessamine
21,JOHNSON COUNTY,2111500000,Johnson
21,KENTON COUNTY,2111700000,Kenton
21,KNOTT COUNTY,2111900000,Knott
21,KNOX COUNTY,2112100000,Knox
21,LARUE COUNTY,2112300000,Larue
21,LAUREL COUNTY,2112500000,Laurel
21,LAWRENCE COUNTY,2112700000,Lawrence
21,LEE COUNTY,2112900000,Lee
21,LESLIE COUNTY,2113100000,Leslie
21,LETCHER COUNTY,2113300000,Letcher
21,LEWIS COUNTY,2113500000,Lewis
21,LINCOLN COUNTY,2113700000,Lincoln
21,LIVINGSTON COUNTY,2113900000,Livingston
21,LOGAN COUNTY,2114100000,Logan
21,LYON COUNTY,2114300000,Lyon
21,MCCRACKEN COUNTY,2114500000,Mccracken
21,MCCREARY COUNTY,2114700000,Mccreary
21,MCLEAN COUNTY,2114900000,Mclean
21,MADISON COUNTY,2115100000,Madison
21,MAGOFFIN COUNTY,2115300000,Magoffin
21,MARION COUNTY,2115500000,Marion
21,MARSHALL COUNTY,2115700000,Marshall
21,MARTIN COUNTY,2115900000,Martin
21,MASON COUNTY,2116100000,Mason
21,MEADE COUNTY,2116300000,Meade
21,MENIFEE COUNTY,2116500000,Menifee
21,MERCER COUNTY,2116700000,Mercer
21,METCALFE COUNTY,2116900000,Metcalfe
21,MONROE COUNTY,2117100000,Monroe
21,MONTGOMERY COUNTY,2117300000,Montgomery
21,MORGAN COUNTY,2117500000,Morgan
21,MUHLENBERG COUNTY,2117700000,Muhlenberg
21,NELSON COUNTY,2117900000,Nelson
21,NICHOLAS COUNTY,2118100000,Nicholas
21,OHIO COUNTY,2118300000,Ohio
21,OLDHAM COUNTY,2118500000,Oldham
21,OWEN COUNTY,2118700000,Owen
21,OWSLEY COUNTY,2118900000,Owsley
21,PENDLETON COUNTY,2119100000,Pendleton
21,PERRY COUNTY,2119300000,Perry
21,PIKE COUNTY,2119500000,Pike
21,POWELL COUNTY,2119700000,Powell
21,PULASKI COUNTY,2119900000,Pulaski
21,ROBERTSON COUNTY,2120100000,Robertson
21,ROCKCASTLE COUNTY,2120300000,Rockcastle
21,ROWAN COUNTY,2120500000,Rowan
21,RUSSELL COUNTY,2120700000,Russell
21,SCOTT COUNTY,2120900000,Scott
21,SHELBY COUNTY,2121100000,Shelby
21,SIMPSON COUNTY,2121300000,Simpson
21,SPENCER COUNTY,2121500000,Spencer
21,TAYLOR COUNTY,2121700000,Taylor
21,TODD COUNTY,2121900000,Todd
21,TRIGG COUNTY,2122100000,Trigg
21,TRIMBLE COUNTY,2122300000,Trimble
21,UNION COUNTY,2122500000,Union
21,WARREN COUNTY,2122700000,Warren
21,WASHINGTON COUNTY,2122900000,Washington
21,WAYNE COUNTY,2123100000,Wayne
21,WEBSTER COUNTY,2123300000,Webster
21,WHITLEY COUNTY,2123500000,Whitley
21,WOLFE COUNTY,2123700000,Wolfe
21,WOODFORD COUNTY,2123900000,Woodford
22,ACADIA PARISH,2200100000,Acadia Parish
22,ALLEN PARISH,2200300000,Allen Parish
22,ASCENSION PARISH,2200500000,Ascension Parish
22,ASSUMPTION PARISH,2200700000,Assumption Parish
22,AVOYELLES PARISH,2200900000,Avoyelles Parish
22,BEAUREGARD PARISH,2201100000,Beauregard Parish
22,BIENVILLE PARISH,2201300000,Bienville Parish
22,BOSSIER PARISH,2201500000,Bossier Parish
22,CADDO PARISH,2201700000,Caddo Parish
22,CALCASIEU PARISH,2201900000,Calcasieu Parish
22,CALDWELL PARISH,2202100000,Caldwell Parish
22,CAMERON PARISH,2202300000,Cameron Parish
22,CATAHOULA PARISH,2202500000,Catahoula Parish
22,CLAIBORNE PARISH,2202700000,Claiborne Parish
22,CONCORDIA PARISH,2202900000,Concordia Parish
22,DE SOTO PARISH,2203100000,De Soto Parish
22,EAST BATON ROUGE PARISH,2203300000,East Baton Rouge Parish
22,EAST CARROLL PARISH,2203500000,East Carroll Parish
22,EAST FELICIANA PARISH,2203700000,East Feliciana Parish
22,EVANGELINE PARISH,2203900000,Evangeline Parish
22,FRANKLIN PARISH,2204100000,Franklin Parish
22,GRANT PARISH,2204300000,Grant Parish
22,IBERIA PARISH,2204500000,Iberia Parish
22,IBERVILLE PARISH,2204700000,Iberville Parish
22,JACKSON PARISH,2204900000,Jackson Parish
22,JEFFERSON PARISH,2205100000,Jefferson Parish
22,JEFFERSON DAVIS PARISH,2205300000,Jefferson Davis Parish
22,LAFAYETTE PARISH,2205500000,Lafayette Parish
22,LAFOURCHE PARISH,2205700000,Lafourche Parish
22,LASALLE PARISH,2205900000,Lasalle Parish
22,LINCOLN PARISH,2206100000,Lincoln Parish
22,LIVINGSTON PARISH,2206300000,Livingston Parish
22,MADISON PARISH,2206500000,Madison Parish
22,MOREHOUSE PARISH,2206700000,Morehouse Parish
22,NATCHITOCHES PARISH,2206900000,Natchitoches Parish
22,ORLEANS PARISH,2207100000,Orleans Parish
22,OUACHITA PARISH,2207300000,Ouachita Parish
22,PLAQUEMINES PARISH,2207500000,Plaquemines Parish
22,POINTE COUPEE PARISH,2207700000,Pointe Coupee Parish
22,RAPIDES PARISH,2207900000,Rapides Parish
22,RED RIVER PARISH,2208100000,Red River Parish
22,RICHLAND PARISH,2208300000,Richland Parish
22,SABINE PARISH,2208500000,Sabine Parish
22,ST. BERNARD PARISH,2208700000,St. Bernard Parish
22,ST. CHARLES PARISH,2208900000,St. Charles Parish
22,ST. HELENA PARISH,2209100000,St. Helena Parish
22,ST. JAMES PARISH,2209300000,St. James Parish
22,ST. JOHN THE BAPTIST PARISH,2209500000,St. John The Baptist Parish
22,ST. LANDRY PARISH,2209700000,St. Landry Parish
22,ST. MARTIN PARISH,2209900000,St. Martin Parish
22,ST. MARY PARISH,2210100000,St. Mary Parish
22,ST. TAMMANY PARISH,2210300000,St. Tammany Parish
22,TANGIPAHOA PARISH,2210500000,Tangipahoa Parish
22,TENSAS PARISH,2210700000,Tensas Parish
22,TERREBONNE PARISH,2210900000,Terrebonne Parish
22,UNION PARISH,2211100000,Union Parish
22,VERMILION PARISH,2211300000,Vermilion Parish
22,VERNON PARISH,2211500000,Vernon Parish
22,WASHINGTON PARISH,2211700000,Washington Parish
22,WEBSTER PARISH,2211900000,Webster Parish
22,WEST BATON ROUGE PARISH,2212100000,West Baton Rouge Parish
22,WEST CARROLL PARISH,2212300000,West Carroll Parish
22,WEST FELICIANA PARISH,2212500000,West Feliciana Parish
22,WINN PARISH,2212700000,Winn Parish
23,AUBURN,2300102060,Auburn
23,DURHAM,2300119105,Durham
23,GREENE,2300129255,Greene
23,LEEDS,2300138565,Leeds
23,LEWISTON,2300138740,Lewiston
23,LISBON,2300140035,Lisbon
23,LIVERMORE,2300140665,Livermore
23,LIVERMORE FALLS,2300140770,Livermore Falls
23,MECHANIC FALLS,2300144585,Mechanic Falls
23,MINOT,2300146160,Minot
23,POLAND,2300160020,Poland
23,SABATTUS,2300164570,Sabattus
23,TURNER,2300177800,Turner
23,WALES,2300179585,Wales
23,ALLAGASH,2300300800,Allagash
23,AMITY,2300301220,Amity
23,ASHLAND,2300301710,Ashland
23,BLAINE,2300305385,Blaine
23,BRIDGEWATER,2300307065,Bridgewater
23,CARIBOU,2300310565,Caribou
23,CASTLE HILL,2300311300,Castle Hill
23,CASWELL,2300311335,Caswell
23,CHAPMAN,2300312000,Chapman
23,CONNOR TWP,2300313900,Connor Twp
23,CRYSTAL,2300315395,Crystal
23,CYR PLT,2300315990,Cyr Plt
23,DYER BROOK,2300319210,Dyer Brook
23,EAGLE LAKE,2300319420,Eagle Lake
23,EASTON,2300321380,Easton
23,FORT FAIRFIELD,2300325615,Fort Fairfield
23,FORT KENT,2300325755,Fort Kent
23,FRENCHVILLE,2300326735,Frenchville
23,GARFIELD PLT,2300327120,Garfield Plt
23,GLENWOOD PLT,2300327855,Glenwood Plt
23,GRAND ISLE,2300328590,Grand Isle
23,HAMLIN,2300330690,Hamlin
23,HAMMOND,2300330725,Hammond
23,HAYNESVILLE,2300332195,Haynesville
23,HERSEY,2300332685,Hersey
23,HODGDON,2300333385,Hodgdon
23,HOULTON,2300333980,Houlton
23,ISLAND FALLS,2300335065,Island Falls
23,LIMESTONE,2300339300,Limestone
23,LINNEUS,2300339965,Linneus
23,LITTLETON,2300340595,Littleton
23,LUDLOW,2300341715,Ludlow
23,MACWAHOC PLT,2300342450,Macwahoc Plt
23,MADAWASKA,2300342520,Madawaska
23,MAPLETON,2300343255,Mapleton
23,MARS HILL,2300343710,Mars Hill
23,MASARDIS,2300343990,Masardis
23,MERRILL,2300345180,Merrill
23,MONTICELLO,2300346685,Monticello
23,MORO PLT,2300347175,Moro Plt
23,NASHVILLE PLT,2300348120,Nashville Plt
23,NEW CANADA,2300348575,New Canada
23,NEW LIMERICK,2300348960,New Limerick
23,NEW SWEDEN,2300349415,New Sweden
23,OAKFIELD,2300354385,Oakfield
23,ORIENT,2300355435,Orient
23,OXBOW NORTH TWP,2300356205,Oxbow North Twp
23,PERHAM,2300358060,Perham
23,PORTAGE LAKE,2300360300,Portage Lake
23,PRESQUE ISLE,2300360825,Presque Isle
23,REED PLT,2300362400,Reed Plt
23,SAINT AGATHA,2300364780,Saint Agatha
23,SAINT FRANCIS,2300365025,Saint Francis
23,SAINT JOHN PLT,2300365200,Saint John Plt
23,SHERMAN,2300367790,Sherman
23,SMYRNA,2300369260,Smyrna
23,MADAWASKA LAKE TWP,2300373472,Madawaska Lake Twp
23,STOCKHOLM,2300374405,Stockholm
23,VAN BUREN,2300378570,Van Buren
23,WADE,2300379270,Wade
23,WALLAGRASS,2300379865,Wallagrass
23,WASHBURN,2300380285,Washburn
23,WESTFIELD,2300382770,Westfield
23,WESTMANLAND,2300383540,Westmanland
23,WESTON,2300383785,Weston
23,WINTERVILLE PLT,2300386865,Winterville Plt
23,WOODLAND,2300387215,Woodland
23,BALDWIN,2300502655,Baldwin
23,BRIDGTON,2300507170,Bridgton
23,BRUNSWICK,2300508430,Brunswick
23,CAPE ELIZABETH,2300510180,Cape Elizabeth
23,CASCO,2300511125,Casco
23,CUMBERLAND,2300515430,Cumberland
23,FALMOUTH,2300524495,Falmouth
23,FREEPORT,2300526525,Freeport
23,FRYE ISLAND,2300527025,Frye Island
23,GORHAM,2300528240,Gorham
23,GRAY,2300528870,Gray
23,HARPSWELL,2300531390,Harpswell
23,HARRISON,2300531600,Harrison
23,LONG ISLAND,2300541067,Long Island
23,NAPLES,2300548085,Naples
23,NEW GLOUCESTER,2300548820,New Gloucester
23,NORTH YARMOUTH,2300553860,North Yarmouth
23,PORTLAND,2300560545,Portland
23,POWNAL,2300560685,Pownal
23,RAYMOND,2300561945,Raymond
23,SCARBOROUGH,2300566145,Scarborough
23,SEBAGO,2300566775,Sebago
23,SOUTH PORTLAND,2300571990,South Portland
23,STANDISH,2300573670,Standish
23,WESTBROOK,2300582105,Westbrook
23,WINDHAM,2300586025,Windham
23,YARMOUTH,2300587845,Yarmouth
23,AVON,2300702235,Avon
23,CARRABASSETT VALLEY,2300710740,Carrabassett Valley
23,CARTHAGE,2300710915,Carthage
23,CHESTERVILLE,2300712595,Chesterville
23,COPLIN PLT,2300714205,Coplin Plt
23,DALLAS PLT,2300716165,Dallas Plt
23,EUSTIS,2300724005,Eustis
23,FARMINGTON,2300724775,Farmington
23,INDUSTRY,2300734820,Industry
23,JAY,2300735625,Jay
23,KINGFIELD,2300737025,Kingfield
23,NEW SHARON,2300749345,New Sharon
23,NEW VINEYARD,2300749520,New Vineyard
23,PHILLIPS,2300758445,Phillips
23,RANGELEY,2300761840,Rangeley
23,RANGELEY PLT,2300761875,Rangeley Plt
23,SANDY RIVER PLT,2300765655,Sandy River Plt
23,STRONG,2300774825,Strong
23,TEMPLE,2300775980,Temple
23,WELD,2300781300,Weld
23,WILTON,2300785850,Wilton
23,AMHERST,2300901185,Amherst
23,AURORA,2300902165,Aurora
23,BAR HARBOR,2300902865,Bar Harbor
23,BLUE HILL,2300905700,Blue Hill
23,BROOKLIN,2300907800,Brooklin
23,BROOKSVILLE,2300907975,Brooksville
23,BUCKSPORT,2300908815,Bucksport
23,CASTINE,2300911265,Castine
23,CRANBERRY ISLES,2300914905,Cranberry Isles
23,DEDHAM,2300916935,Dedham
23,DEER ISLE,2300917145,Deer Isle
23,EASTBROOK,2300919770,Eastbrook
23,ELLSWORTH,2300923200,Ellsworth
23,FRANKLIN,2300926350,Franklin
23,FRENCHBORO,2300926595,Frenchboro
23,GOULDSBORO,2300928450,Gouldsboro
23,GREAT POND,2300928975,Great Pond
23,HANCOCK,2300930970,Hancock
23,LAMOINE,2300938180,Lamoine
23,MARIAVILLE,2300943430,Mariaville
23,MOUNT DESERT,2300947630,Mount Desert
23,ORLAND,2300955505,Orland
23,OSBORN,2300955855,Osborn
23,OTIS,2300955890,Otis
23,PENOBSCOT,2300957920,Penobscot
23,SEDGWICK,2300967300,Sedgwick
23,SORRENTO,2300969750,Sorrento
23,SOUTHWEST HARBOR,2300972865,Southwest Harbor
23,STONINGTON,2300974580,Stonington
23,SULLIVAN,2300974965,Sullivan
23,SURRY,2300975280,Surry
23,SWANS ISLAND,2300975455,Swans Island
23,TREMONT,2300977345,Tremont
23,TRENTON,2300977415,Trenton
23,VERONA ISLAND,2300978920,Verona Island
23,WALTHAM,2300980040,Waltham
23,WINTER HARBOR,2300986655,Winter Harbor
23,ALBION,2301100590,Albion
23,AUGUSTA,2301102100,Augusta
23,BELGRADE,2301104020,Belgrade
23,BENTON,2301104475,Benton
23,CHELSEA,2301112350,Chelsea
23,CHINA,2301112735,China
23,CLINTON,2301113470,Clinton
23,FARMINGDALE,2301124670,Farmingdale
23,FAYETTE,2301124950,Fayette
23,GARDINER,2301127085,Gardiner
23,HALLOWELL,2301130550,Hallowell
23,LITCHFIELD,2301140175,Litchfield
23,MANCHESTER,2301143080,Manchester
23,MONMOUTH,2301146405,Monmouth
23,MOUNT VERNON,2301147770,Mount Vernon
23,OAKLAND,2301154560,Oakland
23,PITTSTON,2301159110,Pittston
23,RANDOLPH,2301161700,Randolph
23,READFIELD,2301162190,Readfield
23,ROME,2301163835,Rome
23,SIDNEY,2301168385,Sidney
23,VASSALBORO,2301178745,Vassalboro
23,VIENNA,2301179025,Vienna
23,WATERVILLE,2301180740,Waterville
23,WAYNE,2301180880,Wayne
23,WEST GARDINER,2301182945,West Gardiner
23,WINDSOR,2301186165,Windsor
23,WINSLOW,2301186515,Winslow
23,WINTHROP,2301186970,Winthrop
23,APPLETON,2301301465,Appleton
23,CAMDEN,2301309725,Camden
23,CUSHING,2301315780,Cushing
23,FRIENDSHIP,2301326805,Friendship
23,HOPE,2301333840,Hope
23,ISLE AU HAUT,2301335135,Isle Au Haut
23,MATINICUS ISLE PLT,2301344165,Matinicus Isle Plt
23,NORTH HAVEN,2301351620,North Haven
23,OWLS HEAD,2301356135,Owls Head
23,ROCKLAND,2301363590,Rockland
23,ROCKPORT,2301363660,Rockport
23,SAINT GEORGE,2301365130,Saint George
23,SOUTH THOMASTON,2301372585,South Thomaston
23,THOMASTON,2301376365,Thomaston
23,UNION,2301378115,Union
23,VINALHAVEN,2301379130,Vinalhaven
23,WARREN,2301380215,Warren
23,WASHINGTON,2301380425,Washington
23,ALNA,2301501010,Alna
23,BOOTHBAY,2301506050,Boothbay
23,BOOTHBAY HARBOR,2301506120,Boothbay Harbor
23,BREMEN,2301506855,Bremen
23,BRISTOL,2301507485,Bristol
23,DAMARISCOTTA,2301516235,Damariscotta
23,DRESDEN,2301518475,Dresden
23,EDGECOMB,2301522675,Edgecomb
23,JEFFERSON,2301535695,Jefferson
23,MONHEGAN ISLAND PLT,2301546335,Monhegan Island Plt
23,NEWCASTLE,2301548645,Newcastle
23,NOBLEBORO,2301549660,Nobleboro
23,SOMERVILLE,2301569645,Somerville
23,SOUTH BRISTOL,2301570240,South Bristol
23,SOUTHPORT,2301571955,Southport
23,WALDOBORO,2301579550,Waldoboro
23,WESTPORT ISLAND,2301584135,Westport Island
23,WHITEFIELD,2301585010,Whitefield
23,WISCASSET,2301587075,Wiscasset
23,ANDOVER,2301701325,Andover
23,BETHEL,2301704825,Bethel
23,BROWNFIELD,2301708150,Brownfield
23,BUCKFIELD,2301708710,Buckfield
23,BYRON,2301709550,Byron
23,CANTON,2301710005,Canton
23,DENMARK,2301717250,Denmark
23,DIXFIELD,2301717740,Dixfield
23,FRYEBURG,2301726910,Fryeburg
23,GILEAD,2301727505,Gilead
23,GREENWOOD,2301729710,Greenwood
23,HANOVER,2301731110,Hanover
23,HARTFORD,2301731670,Hartford
23,HEBRON,2301732370,Hebron
23,HIRAM,2301733315,Hiram
23,LINCOLN PLT,2301739422,Lincoln Plt
23,LOVELL,2301741365,Lovell
23,MAGALLOWAY TWP,2301742835,Magalloway Twp
23,MEXICO,2301745285,Mexico
23,NEWRY,2301749275,Newry
23,NORWAY,2301754000,Norway
23,OTISFIELD,2301755960,Otisfield
23,OXFORD,2301756310,Oxford
23,PARIS,2301756625,Paris
23,PERU,2301758270,Peru
23,PORTER,2301760405,Porter
23,ROXBURY,2301764185,Roxbury
23,RUMFORD,2301764290,Rumford
23,STONEHAM,2301774510,Stoneham
23,STOW,2301774685,Stow
23,SUMNER,2301775035,Sumner
23,SWEDEN,2301775595,Sweden
23,UPTON,2301778465,Upton
23,WATERFORD,2301780635,Waterford
23,WEST PARIS,2301783890,West Paris
23,WOODSTOCK,2301787355,Woodstock
23,ALTON,2301901115,Alton
23,BANGOR,2301902795,Bangor
23,BRADFORD,2301906575,Bradford
23,BRADLEY,2301906680,Bradley
23,BREWER,2301906925,Brewer
23,BURLINGTON,2301909200,Burlington
23,CARMEL,2301910670,Carmel
23,CARROLL PLT,2301910810,Carroll Plt
23,CHARLESTON,2301912105,Charleston
23,CHESTER,2301912525,Chester
23,CLIFTON,2301913365,Clifton
23,CORINNA,2301914310,Corinna
23,CORINTH,2301914380,Corinth
23,DEXTER,2301917530,Dexter
23,DIXMONT,2301917950,Dixmont
23,DREW TWP,2301918580,Drew Twp
23,EAST MILLINOCKET,2301921030,East Millinocket
23,EDDINGTON,2301922535,Eddington
23,EDINBURG,2301922710,Edinburg
23,ENFIELD,2301923620,Enfield
23,ETNA,2301923865,Etna
23,EXETER,2301924110,Exeter
23,GARLAND,2301927190,Garland
23,GLENBURN,2301927645,Glenburn
23,GREENBUSH,2301929185,Greenbush
23,HAMPDEN,2301930795,Hampden
23,HERMON,2301932510,Hermon
23,HOLDEN,2301933490,Holden
23,HOWLAND,2301934190,Howland
23,HUDSON,2301934365,Hudson
23,KENDUSKEAG,2301936325,Kenduskeag
23,KINGMAN TWP,2301937075,Kingman Twp
23,LAGRANGE,2301937760,Lagrange
23,LAKEVILLE,2301938005,Lakeville
23,LEE,2301938530,Lee
23,LEVANT,2301938705,Levant
23,LINCOLN,2301939475,Lincoln
23,LOWELL,2301941435,Lowell
23,MATTAWAMKEAG,2301944270,Mattawamkeag
23,MAXFIELD,2301944340,Maxfield
23,MEDWAY,2301945005,Medway
23,MILFORD,2301945670,Milford
23,MILLINOCKET,2301945810,Millinocket
23,MOUNT CHASE,2301947560,Mount Chase
23,NEWBURGH,2301948505,Newburgh
23,NEWPORT,2301949065,Newport
23,OLD ORCHARD BEACH,2301955225,Old Orchard Beach
23,ORONO,2301955565,Orono
23,ORRINGTON,2301955680,Orrington
23,PASSADUMKEAG,2301957045,Passadumkeag
23,PATTEN,2301957150,Patten
23,PENOBSCOT NATION VOTING,2301957937,Penobscot Nation Voting
23,PLYMOUTH,2301959950,Plymouth
23,PRENTISS TWP T7 R3 NBPP,2301960790,Prentiss Twp T7 R3 Nbpp
23,SEBOEIS PLT,2301967160,Seboeis Plt
23,SPRINGFIELD,2301973250,Springfield
23,STACYVILLE,2301973600,Stacyville
23,STETSON,2301974055,Stetson
23,VEAZIE,2301978780,Veazie
23,WEBSTER PLT,2301981055,Webster Plt
23,WINN,2301986305,Winn
23,WOODVILLE,2301987390,Woodville
23,ABBOT,2302100100,Abbot
23,BEAVER COVE,2302103740,Beaver Cove
23,BOWERBANK,2302106400,Bowerbank
23,BROWNVILLE,2302108325,Brownville
23,DOVER-FOXCROFT,2302118195,Dover-Foxcroft
23,GREENVILLE,2302129535,Greenville
23,GUILFORD,2302130095,Guilford
23,KINGSBURY PLT,2302137095,Kingsbury Plt
23,LAKE VIEW PLT,2302137970,Lake View Plt
23,MEDFORD,2302144830,Medford
23,MILO,2302146020,Milo
23,MONSON,2302146580,Monson
23,PARKMAN,2302156765,Parkman
23,SANGERVILLE,2302165865,Sangerville
23,SEBEC,2302166950,Sebec
23,SHIRLEY,2302168140,Shirley
23,WELLINGTON,2302181405,Wellington
23,WILLIMANTIC,2302185710,Willimantic
23,ARROWSIC,2302301570,Arrowsic
23,BATH,2302303355,Bath
23,BOWDOIN,2302306260,Bowdoin
23,BOWDOINHAM,2302306365,Bowdoinham
23,GEORGETOWN,2302327295,Georgetown
23,PHIPPSBURG,2302358515,Phippsburg
23,RICHMOND,2302362645,Richmond
23,TOPSHAM,2302376960,Topsham
23,WEST BATH,2302381930,West Bath
23,WOOLWICH,2302387460,Woolwich
23,ANSON,2302501395,Anson
23,ATHENS,2302501885,Athens
23,BINGHAM,2302505000,Bingham
23,BRIGHTON PLT,2302507380,Brighton Plt
23,CAMBRIDGE,2302509655,Cambridge
23,CANAAN,2302509935,Canaan
23,CARATUNK,2302510495,Caratunk
23,CORNVILLE,2302514555,Cornville
23,DENNISTOWN PLT,2302517285,Dennistown Plt
23,DETROIT,2302517460,Detroit
23,EMBDEN,2302523410,Embden
23,FAIRFIELD,2302524320,Fairfield
23,HARMONY,2302531355,Harmony
23,HARTLAND,2302531740,Hartland
23,HIGHLAND PLT,2302532895,Highland Plt
23,JACKMAN,2302535345,Jackman
23,MADISON,2302542660,Madison
23,MERCER,2302545110,Mercer
23,MOOSE RIVER,2302547140,Moose River
23,MOSCOW,2302547455,Moscow
23,NEW PORTLAND,2302549205,New Portland
23,NORRIDGEWOCK,2302549835,Norridgewock
23,PALMYRA,2302556520,Palmyra
23,PITTSFIELD,2302559005,Pittsfield
23,PLEASANT RIDGE PLT,2302559705,Pleasant Ridge Plt
23,RIPLEY,2302562995,Ripley
23,SAINT ALBANS,2302564850,Saint Albans
23,SKOWHEGAN,2302568910,Skowhegan
23,SMITHFIELD,2302569155,Smithfield
23,SOLON,2302569505,Solon
23,STARKS,2302573845,Starks
23,THE FORKS PLT,2302576190,The Forks Plt
23,WEST FORKS PLT,2302582840,West Forks Plt
23,BELFAST,2302703950,Belfast
23,BELMONT,2302704125,Belmont
23,BROOKS,2302707870,Brooks
23,BURNHAM,2302709270,Burnham
23,FRANKFORT,2302726280,Frankfort
23,FREEDOM,2302726420,Freedom
23,ISLESBORO,2302735240,Islesboro
23,JACKSON,2302735450,Jackson
23,KNOX,2302737585,Knox
23,LIBERTY,2302739055,Liberty
23,LINCOLNVILLE,2302739755,Lincolnville
23,MONROE,2302746475,Monroe
23,MONTVILLE,2302746790,Montville
23,MORRILL,2302747245,Morrill
23,NORTHPORT,2302752845,Northport
23,PALERMO,2302756450,Palermo
23,PROSPECT,2302761210,Prospect
23,SEARSMONT,2302766565,Searsmont
23,SEARSPORT,2302766635,Searsport
23,STOCKTON SPRINGS,2302774475,Stockton Springs
23,SWANVILLE,2302775525,Swanville
23,THORNDIKE,2302776610,Thorndike
23,TROY,2302777625,Troy
23,UNITY,2302778255,Unity
23,WALDO,2302779480,Waldo
23,WINTERPORT,2302786760,Winterport
23,BROOKTON TWP,2302900001,Brookton Twp
23,ADDISON,2302900380,Addison
23,ALEXANDER,2302900660,Alexander
23,BAILEYVILLE,2302902480,Baileyville
23,BARING PLT,2302902970,Baring Plt
23,BEALS,2302903670,Beals
23,BEDDINGTON,2302903810,Beddington
23,CALAIS,2302909585,Calais
23,CHARLOTTE,2302912175,Charlotte
23,CHERRYFIELD,2302912455,Cherryfield
23,COLUMBIA,2302913750,Columbia
23,COLUMBIA FALLS,2302913820,Columbia Falls
23,COOPER,2302914100,Cooper
23,CRAWFORD,2302914940,Crawford
23,CUTLER,2302915920,Cutler
23,DANFORTH,2302916410,Danforth
23,DEBLOIS,2302916865,Deblois
23,DENNYSVILLE,2302917355,Dennysville
23,EAST MACHIAS,2302920960,East Machias
23,EASTPORT,2302921730,Eastport
23,GRAND LAKE STREAM PLT,2302928660,Grand Lake Stream Plt
23,HARRINGTON,2302931530,Harrington
23,JONESBORO,2302935905,Jonesboro
23,JONESPORT,2302936010,Jonesport
23,LUBEC,2302941610,Lubec
23,MACHIAS,2302941960,Machias
23,MACHIASPORT,2302942100,Machiasport
23,MARSHFIELD,2302943640,Marshfield
23,MEDDYBEMPS,2302944760,Meddybemps
23,MILBRIDGE,2302945600,Milbridge
23,NORTHFIELD,2302951375,Northfield
23,PLEASANT POINT VOTING D,2302957090,Pleasant Point Voting D
23,PEMBROKE,2302957780,Pembroke
23,PERRY,2302958165,Perry
23,PRINCETON,2302961035,Princeton
23,ROBBINSTON,2302963275,Robbinston
23,ROQUE BLUFFS,2302963940,Roque Bluffs
23,STEUBEN,2302974125,Steuben
23,TALMADGE,2302975770,Talmadge
23,TOPSFIELD,2302976895,Topsfield
23,VANCEBORO,2302978675,Vanceboro
23,WAITE,2302979375,Waite
23,WESLEY,2302981685,Wesley
23,WHITING,2302985185,Whiting
23,WHITNEYVILLE,2302985290,Whitneyville
23,ACTON,2303100275,Acton
23,ALFRED,2303100730,Alfred
23,ARUNDEL,2303101605,Arundel
23,BERWICK,2303104720,Berwick
23,BIDDEFORD,2303104860,Biddeford
23,BUXTON,2303109410,Buxton
23,CORNISH,2303114485,Cornish
23,DAYTON,2303116725,Dayton
23,ELIOT,2303122955,Eliot
23,HOLLIS,2303133665,Hollis
23,KENNEBUNK,2303136535,Kennebunk
23,KENNEBUNKPORT,2303136745,Kennebunkport
23,KITTERY,2303137270,Kittery
23,LEBANON,2303138425,Lebanon
23,LIMERICK,2303139195,Limerick
23,LIMINGTON,2303139405,Limington
23,LYMAN,2303141750,Lyman
23,NEWFIELD,2303148750,Newfield
23,NORTH BERWICK,2303150325,North Berwick
23,OGUNQUIT,2303154980,Ogunquit
23,OLD TOWN,2303155085,Old Town
23,PARSONSFIELD,2303156870,Parsonsfield
23,SACO,2303164675,Saco
23,SANFORD,2303165760,Sanford
23,SHAPLEIGH,2303167475,Shapleigh
23,SOUTH BERWICK,2303170030,South Berwick
23,WATERBORO,2303180530,Waterboro
23,WELLS,2303181475,Wells
23,YORK,2303187985,York
23,ALBANY TWP,2309999901,Albany Twp
23,CHEBEAGUE ISLAND,2309999902,Chebeague Island
23,EDMUNDS TWP,2309999903,Edmunds Twp
23,INDIAN TOWNSHIP,2309999904,Indian Township
23,ROCKWOOD STRIP TWP,2309999905,Rockwood Strip Twp
24,ALLEGANY COUNTY,2400100000,Allegany
24,ANNE ARUNDEL COUNTY,2400300000,Anne Arundel
24,BALTIMORE COUNTY,2400500000,Baltimore
24,CALVERT COUNTY,2400900000,Calvert
24,CAROLINE COUNTY,2401100000,Caroline
24,CARROLL COUNTY,2401300000,Carroll
24,CECIL COUNTY,2401500000,Cecil
24,CHARLES COUNTY,2401700000,Charles
24,DORCHESTER COUNTY,2401900000,Dorchester
24,FREDERICK COUNTY,2402100000,Frederick
24,GARRETT COUNTY,2402300000,Garrett
24,HARFORD COUNTY,2402500000,Harford
24,HOWARD COUNTY,2402700000,Howard
24,KENT COUNTY,2402900000,Kent
24,MONTGOMERY COUNTY,2403100000,Montgomery
24,PRINCE GEORGES COUNTY,2403300000,Prince Georges
24,QUEEN ANNES COUNTY,2403500000,Queen Annes
24,ST. MARYS COUNTY,2403700000,St. Marys
24,SOMERSET COUNTY,2403900000,Somerset
24,TALBOT COUNTY,2404100000,Talbot
24,WASHINGTON COUNTY,2404300000,Washington
24,WICOMICO COUNTY,2404500000,Wicomico
24,WORCESTER COUNTY,2404700000,Worcester
24,BALTIMORE CITY,2451000000,Baltimore City
25,BARNSTABLE TOWN,2500103600,Barnstable Town
25,BOURNE TOWN,2500107175,Bourne Town
25,BREWSTER TOWN,2500107980,Brewster Town
25,CHATHAM TOWN,2500112995,Chatham Town
25,DENNIS TOWN,2500116775,Dennis Town
25,EASTHAM TOWN,2500119295,Eastham Town
25,FALMOUTH TOWN,2500123105,Falmouth Town
25,HARWICH TOWN,2500129020,Harwich Town
25,MASHPEE TOWN,2500139100,Mashpee Town
25,ORLEANS TOWN,2500151440,Orleans Town
25,PROVINCETOWN TOWN,2500155500,Provincetown Town
25,SANDWICH TOWN,2500159735,Sandwich Town
25,TRURO TOWN,2500170605,Truro Town
25,WELLFLEET TOWN,2500174385,Wellfleet Town
25,YARMOUTH TOWN,2500182525,Yarmouth Town
25,ADAMS TOWN,2500300555,Adams Town
25,ALFORD TOWN,2500300975,Alford Town
25,BECKET TOWN,2500304545,Becket Town
25,CHESHIRE TOWN,2500313345,Cheshire Town
25,CLARKSBURG TOWN,2500314010,Clarksburg Town
25,DALTON TOWN,2500316180,Dalton Town
25,EGREMONT TOWN,2500321360,Egremont Town
25,FLORIDA TOWN,2500324120,Florida Town
25,GREAT BARRINGTON TOWN,2500326815,Great Barrington Town
25,HANCOCK TOWN,2500328180,Hancock Town
25,HINSDALE TOWN,2500330315,Hinsdale Town
25,LANESBOROUGH TOWN,2500334340,Lanesborough Town
25,LEE TOWN,2500334655,Lee Town
25,LENOX TOWN,2500334970,Lenox Town
25,MONTEREY TOWN,2500342460,Monterey Town
25,MOUNT WASHINGTON TOWN,2500343300,Mount Washington Town
25,NEW ASHFORD TOWN,2500344385,New Ashford Town
25,NEW MARLBOROUGH TOWN,2500345420,New Marlborough Town
25,NORTH ADAMS CITY,2500346225,North Adams City
25,OTIS TOWN,2500351580,Otis Town
25,PERU TOWN,2500353050,Peru Town
25,PITTSFIELD CITY,2500353960,Pittsfield City
25,RICHMOND TOWN,2500356795,Richmond Town
25,SANDISFIELD TOWN,2500359665,Sandisfield Town
25,SAVOY TOWN,2500360225,Savoy Town
25,SHEFFIELD TOWN,2500361065,Sheffield Town
25,STOCKBRIDGE TOWN,2500367595,Stockbridge Town
25,TYRINGHAM TOWN,2500371095,Tyringham Town
25,WASHINGTON TOWN,2500373335,Washington Town
25,WEST STOCKBRIDGE TOWN,2500377990,West Stockbridge Town
25,WILLIAMSTOWN TOWN,2500379985,Williamstown Town
25,WINDSOR TOWN,2500380685,Windsor Town
25,ACUSHNET TOWN,2500500520,Acushnet Town
25,ATTLEBORO CITY,2500502690,Attleboro City
25,BERKLEY TOWN,2500505280,Berkley Town
25,DARTMOUTH TOWN,2500516425,Dartmouth Town
25,DIGHTON TOWN,2500516950,Dighton Town
25,EASTON TOWN,2500520100,Easton Town
25,FAIRHAVEN TOWN,2500522130,Fairhaven Town
25,FALL RIVER CITY,2500523000,Fall River City
25,FREETOWN TOWN,2500525240,Freetown Town
25,MANSFIELD TOWN,2500538225,Mansfield Town
25,NEW BEDFORD CITY,2500545000,New Bedford City
25,NORTH ATTLEBOROUGH TOWN,2500546575,North Attleborough Town
25,NORTON TOWN,2500549970,Norton Town
25,RAYNHAM TOWN,2500556060,Raynham Town
25,REHOBOTH TOWN,2500556375,Rehoboth Town
25,SEEKONK TOWN,2500560645,Seekonk Town
25,SOMERSET TOWN,2500562430,Somerset Town
25,SWANSEA TOWN,2500568750,Swansea Town
25,TAUNTON CITY,2500569170,Taunton City
25,WESTPORT TOWN,2500577570,Westport Town
25,AQUINNAH,2500701585,Aquinnah
25,CHILMARK TOWN,2500713800,Chilmark Town
25,EDGARTOWN TOWN,2500721150,Edgartown Town
25,GOSNOLD TOWN,2500726325,Gosnold Town
25,OAK BLUFFS TOWN,2500750390,Oak Bluffs Town
25,TISBURY TOWN,2500769940,Tisbury Town
25,WEST TISBURY TOWN,2500778235,West Tisbury Town
25,AMESBURY TOWN,2500901185,Amesbury Town
25,ANDOVER TOWN,2500901465,Andover Town
25,BEVERLY CITY,2500905595,Beverly City
25,BOXFORD TOWN,2500907420,Boxford Town
25,DANVERS TOWN,2500916250,Danvers Town
25,ESSEX TOWN,2500921850,Essex Town
25,GEORGETOWN TOWN,2500925625,Georgetown Town
25,GLOUCESTER CITY,2500926150,Gloucester City
25,GROVELAND TOWN,2500927620,Groveland Town
25,HAMILTON TOWN,2500927900,Hamilton Town
25,HAVERHILL CITY,2500929405,Haverhill City
25,IPSWICH TOWN,2500932310,Ipswich Town
25,LAWRENCE CITY,2500934550,Lawrence City
25,LYNN CITY,2500937490,Lynn City
25,LYNNFIELD TOWN,2500937560,Lynnfield Town
25,MANCHESTER-BY-THE-SEA T,2500937995,Manchester-By-The-Sea T
25,MARBLEHEAD TOWN,2500938400,Marblehead Town
25,MERRIMAC TOWN,2500940430,Merrimac Town
25,METHUEN TOWN,2500940710,Methuen Town
25,MIDDLETON TOWN,2500941095,Middleton Town
25,NAHANT TOWN,2500943580,Nahant Town
25,NEWBURY TOWN,2500945175,Newbury Town
25,NEWBURYPORT CITY,2500945245,Newburyport City
25,NORTH ANDOVER TOWN,2500946365,North Andover Town
25,PEABODY CITY,2500952490,Peabody City
25,ROCKPORT TOWN,2500957880,Rockport Town
25,ROWLEY TOWN,2500958405,Rowley Town
25,SALEM CITY,2500959105,Salem City
25,SALISBURY TOWN,2500959245,Salisbury Town
25,SAUGUS TOWN,2500960015,Saugus Town
25,SWAMPSCOTT TOWN,2500968645,Swampscott Town
25,TOPSFIELD TOWN,2500970150,Topsfield Town
25,WENHAM TOWN,2500974595,Wenham Town
25,WEST NEWBURY TOWN,2500977150,West Newbury Town
25,ASHFIELD TOWN,2501102095,Ashfield Town
25,BERNARDSTON TOWN,2501105560,Bernardston Town
25,BUCKLAND TOWN,2501109595,Buckland Town
25,CHARLEMONT TOWN,2501112505,Charlemont Town
25,COLRAIN TOWN,2501114885,Colrain Town
25,CONWAY TOWN,2501115200,Conway Town
25,DEERFIELD TOWN,2501116670,Deerfield Town
25,ERVING TOWN,2501121780,Erving Town
25,GILL TOWN,2501125730,Gill Town
25,GREENFIELD TOWN,2501127025,Greenfield Town
25,HAWLEY TOWN,2501129475,Hawley Town
25,HEATH TOWN,2501129650,Heath Town
25,LEVERETT TOWN,2501135180,Leverett Town
25,LEYDEN TOWN,2501135285,Leyden Town
25,MONROE TOWN,2501142040,Monroe Town
25,MONTAGUE TOWN,2501142285,Montague Town
25,NEW SALEM TOWN,2501145490,New Salem Town
25,NORTHFIELD TOWN,2501147835,Northfield Town
25,ORANGE TOWN,2501151265,Orange Town
25,ROWE TOWN,2501158335,Rowe Town
25,SHELBURNE TOWN,2501161135,Shelburne Town
25,SHUTESBURY TOWN,2501161905,Shutesbury Town
25,SUNDERLAND TOWN,2501168400,Sunderland Town
25,WARWICK TOWN,2501173265,Warwick Town
25,WENDELL TOWN,2501174525,Wendell Town
25,WHATELY TOWN,2501179110,Whately Town
25,AGAWAM TOWN,2501300765,Agawam Town
25,BLANDFORD TOWN,2501306085,Blandford Town
25,BRIMFIELD TOWN,2501308470,Brimfield Town
25,CHESTER TOWN,2501313485,Chester Town
25,CHICOPEE CITY,2501313660,Chicopee City
25,EAST LONGMEADOW TOWN,2501319645,East Longmeadow Town
25,GRANVILLE TOWN,2501326675,Granville Town
25,HAMPDEN TOWN,2501328075,Hampden Town
25,HOLLAND TOWN,2501330665,Holland Town
25,HOLYOKE CITY,2501330840,Holyoke City
25,LONGMEADOW TOWN,2501336300,Longmeadow Town
25,LUDLOW TOWN,2501337175,Ludlow Town
25,MONSON TOWN,2501342145,Monson Town
25,MONTGOMERY TOWN,2501342530,Montgomery Town
25,PALMER TOWN,2501352105,Palmer Town
25,RUSSELL TOWN,2501358650,Russell Town
25,SOUTHWICK TOWN,2501365825,Southwick Town
25,SPRINGFIELD CITY,2501367000,Springfield City
25,TOLLAND TOWN,2501370045,Tolland Town
25,WALES TOWN,2501372390,Wales Town
25,WESTFIELD CITY,2501376030,Westfield City
25,WEST SPRINGFIELD TOWN,2501377850,West Springfield Town
25,WILBRAHAM TOWN,2501379740,Wilbraham Town
25,AMHERST TOWN,2501501325,Amherst Town
25,BELCHERTOWN TOWN,2501504825,Belchertown Town
25,CHESTERFIELD TOWN,2501513590,Chesterfield Town
25,CUMMINGTON TOWN,2501516040,Cummington Town
25,EASTHAMPTON TOWN,2501519330,Easthampton Town
25,GOSHEN TOWN,2501526290,Goshen Town
25,GRANBY TOWN,2501526535,Granby Town
25,HADLEY TOWN,2501527690,Hadley Town
25,HATFIELD TOWN,2501529265,Hatfield Town
25,HUNTINGTON TOWN,2501531785,Huntington Town
25,MIDDLEFIELD TOWN,2501540990,Middlefield Town
25,NORTHAMPTON CITY,2501546330,Northampton City
25,PELHAM TOWN,2501552560,Pelham Town
25,PLAINFIELD TOWN,2501554030,Plainfield Town
25,SOUTHAMPTON TOWN,2501562745,Southampton Town
25,SOUTH HADLEY TOWN,2501564145,South Hadley Town
25,WARE TOWN,2501572880,Ware Town
25,WESTHAMPTON TOWN,2501576380,Westhampton Town
25,WILLIAMSBURG TOWN,2501579915,Williamsburg Town
25,WORTHINGTON TOWN,2501582175,Worthington Town
25,ACTON TOWN,2501700380,Acton Town
25,ARLINGTON TOWN,2501701605,Arlington Town
25,ASHBY TOWN,2501701955,Ashby Town
25,ASHLAND TOWN,2501702130,Ashland Town
25,AYER TOWN,2501703005,Ayer Town
25,BEDFORD TOWN,2501704615,Bedford Town
25,BELMONT TOWN,2501705070,Belmont Town
25,BILLERICA TOWN,2501705805,Billerica Town
25,BOXBOROUGH TOWN,2501707350,Boxborough Town
25,BURLINGTON TOWN,2501709840,Burlington Town
25,CAMBRIDGE CITY,2501711000,Cambridge City
25,CARLISLE TOWN,2501711525,Carlisle Town
25,CHELMSFORD TOWN,2501713135,Chelmsford Town
25,CONCORD TOWN,2501715060,Concord Town
25,DRACUT TOWN,2501717475,Dracut Town
25,DUNSTABLE TOWN,2501717825,Dunstable Town
25,EVERETT CITY,2501721990,Everett City
25,FRAMINGHAM TOWN,2501724925,Framingham Town
25,GROTON TOWN,2501727480,Groton Town
25,HOLLISTON TOWN,2501730700,Holliston Town
25,HOPKINTON TOWN,2501731085,Hopkinton Town
25,HUDSON TOWN,2501731540,Hudson Town
25,LEXINGTON TOWN,2501735215,Lexington Town
25,LINCOLN TOWN,2501735425,Lincoln Town
25,LITTLETON TOWN,2501735950,Littleton Town
25,LOWELL CITY,2501737000,Lowell City
25,MALDEN CITY,2501737875,Malden City
25,MARLBOROUGH CITY,2501738715,Marlborough City
25,MAYNARD TOWN,2501739625,Maynard Town
25,MEDFORD CITY,2501739835,Medford City
25,MELROSE CITY,2501740115,Melrose City
25,NATICK TOWN,2501743895,Natick Town
25,NEWTON CITY,2501745560,Newton City
25,NORTH READING TOWN,2501748955,North Reading Town
25,PEPPERELL TOWN,2501752805,Pepperell Town
25,READING TOWN,2501756130,Reading Town
25,SHERBORN TOWN,2501761380,Sherborn Town
25,SHIRLEY TOWN,2501761590,Shirley Town
25,SOMERVILLE CITY,2501762535,Somerville City
25,STONEHAM TOWN,2501767665,Stoneham Town
25,STOW TOWN,2501768050,Stow Town
25,SUDBURY TOWN,2501768260,Sudbury Town
25,TEWKSBURY TOWN,2501769415,Tewksbury Town
25,TOWNSEND TOWN,2501770360,Townsend Town
25,TYNGSBOROUGH TOWN,2501771025,Tyngsborough Town
25,WAKEFIELD TOWN,2501772215,Wakefield Town
25,WALTHAM CITY,2501772600,Waltham City
25,WATERTOWN TOWN,2501773440,Watertown Town
25,WAYLAND TOWN,2501773790,Wayland Town
25,WESTFORD TOWN,2501776135,Westford Town
25,WESTON TOWN,2501777255,Weston Town
25,WILMINGTON TOWN,2501780230,Wilmington Town
25,WINCHESTER TOWN,2501780510,Winchester Town
25,WOBURN CITY,2501781035,Woburn City
25,NANTUCKET TOWN,2501943790,Nantucket Town
25,AVON TOWN,2502102935,Avon Town
25,BELLINGHAM TOWN,2502104930,Bellingham Town
25,BRAINTREE TOWN,2502107665,Braintree Town
25,BROOKLINE TOWN,2502109175,Brookline Town
25,CANTON TOWN,2502111315,Canton Town
25,COHASSET TOWN,2502114640,Cohasset Town
25,DEDHAM TOWN,2502116495,Dedham Town
25,DOVER TOWN,2502117405,Dover Town
25,FOXBOROUGH TOWN,2502124820,Foxborough Town
25,FRANKLIN TOWN,2502125100,Franklin Town
25,HOLBROOK TOWN,2502130455,Holbrook Town
25,MEDFIELD TOWN,2502139765,Medfield Town
25,MEDWAY TOWN,2502139975,Medway Town
25,MILLIS TOWN,2502141515,Millis Town
25,MILTON TOWN,2502141690,Milton Town
25,NEEDHAM TOWN,2502144105,Needham Town
25,NORFOLK TOWN,2502146050,Norfolk Town
25,NORWOOD TOWN,2502150250,Norwood Town
25,PLAINVILLE TOWN,2502154100,Plainville Town
25,QUINCY CITY,2502155745,Quincy City
25,RANDOLPH TOWN,2502155955,Randolph Town
25,SHARON TOWN,2502160785,Sharon Town
25,STOUGHTON TOWN,2502167945,Stoughton Town
25,WALPOLE TOWN,2502172495,Walpole Town
25,WELLESLEY TOWN,2502174175,Wellesley Town
25,WESTWOOD TOWN,2502178690,Westwood Town
25,WEYMOUTH TOWN,2502178865,Weymouth Town
25,WRENTHAM TOWN,2502182315,Wrentham Town
25,ABINGTON TOWN,2502300170,Abington Town
25,BRIDGEWATER TOWN,2502308085,Bridgewater Town
25,BROCKTON CITY,2502309000,Brockton City
25,CARVER TOWN,2502311665,Carver Town
25,DUXBURY TOWN,2502317895,Duxbury Town
25,EAST BRIDGEWATER TOWN,2502318455,East Bridgewater Town
25,HALIFAX TOWN,2502327795,Halifax Town
25,HANOVER TOWN,2502328285,Hanover Town
25,HANSON TOWN,2502328495,Hanson Town
25,HINGHAM TOWN,2502330210,Hingham Town
25,HULL TOWN,2502331645,Hull Town
25,KINGSTON TOWN,2502333220,Kingston Town
25,LAKEVILLE TOWN,2502333920,Lakeville Town
25,MARION TOWN,2502338540,Marion Town
25,MARSHFIELD TOWN,2502338855,Marshfield Town
25,MATTAPOISETT TOWN,2502339450,Mattapoisett Town
25,MIDDLEBOROUGH TOWN,2502340850,Middleborough Town
25,NORWELL TOWN,2502350145,Norwell Town
25,PEMBROKE TOWN,2502352630,Pembroke Town
25,PLYMOUTH TOWN,2502354310,Plymouth Town
25,PLYMPTON TOWN,2502354415,Plympton Town
25,ROCHESTER TOWN,2502357600,Rochester Town
25,ROCKLAND TOWN,2502357775,Rockland Town
25,SCITUATE TOWN,2502360330,Scituate Town
25,WAREHAM TOWN,2502372985,Wareham Town
25,WEST BRIDGEWATER TOWN,2502375260,West Bridgewater Town
25,WHITMAN TOWN,2502379530,Whitman Town
25,BOSTON CITY,2502507000,Boston City
25,CHELSEA CITY,2502513205,Chelsea City
25,REVERE CITY,2502556585,Revere City
25,WINTHROP TOWN,2502580930,Winthrop Town
25,ASHBURNHAM TOWN,2502701885,Ashburnham Town
25,ATHOL TOWN,2502702480,Athol Town
25,AUBURN TOWN,2502702760,Auburn Town
25,BARRE TOWN,2502703740,Barre Town
25,BERLIN TOWN,2502705490,Berlin Town
25,BLACKSTONE TOWN,2502706015,Blackstone Town
25,BOLTON TOWN,2502706365,Bolton Town
25,BOYLSTON TOWN,2502707525,Boylston Town
25,BROOKFIELD TOWN,2502709105,Brookfield Town
25,CHARLTON TOWN,2502712715,Charlton Town
25,CLINTON TOWN,2502714395,Clinton Town
25,DOUGLAS TOWN,2502717300,Douglas Town
25,DUDLEY TOWN,2502717685,Dudley Town
25,EAST BROOKFIELD TOWN,2502718560,East Brookfield Town
25,FITCHBURG CITY,2502723875,Fitchburg City
25,GARDNER CITY,2502725485,Gardner City
25,GRAFTON TOWN,2502726430,Grafton Town
25,HARDWICK TOWN,2502728740,Hardwick Town
25,HARVARD TOWN,2502728950,Harvard Town
25,HOLDEN TOWN,2502730560,Holden Town
25,HOPEDALE TOWN,2502730945,Hopedale Town
25,HUBBARDSTON TOWN,2502731435,Hubbardston Town
25,LANCASTER TOWN,2502734165,Lancaster Town
25,LEICESTER TOWN,2502734795,Leicester Town
25,LEOMINSTER CITY,2502735075,Leominster City
25,LUNENBURG TOWN,2502737420,Lunenburg Town
25,MENDON TOWN,2502740255,Mendon Town
25,MILFORD TOWN,2502741165,Milford Town
25,MILLBURY TOWN,2502741340,Millbury Town
25,MILLVILLE TOWN,2502741585,Millville Town
25,NEW BRAINTREE TOWN,2502745105,New Braintree Town
25,NORTHBOROUGH TOWN,2502746820,Northborough Town
25,NORTHBRIDGE TOWN,2502746925,Northbridge Town
25,NORTH BROOKFIELD TOWN,2502747135,North Brookfield Town
25,OAKHAM TOWN,2502750670,Oakham Town
25,OXFORD TOWN,2502751825,Oxford Town
25,PAXTON TOWN,2502752420,Paxton Town
25,PETERSHAM TOWN,2502753120,Petersham Town
25,PHILLIPSTON TOWN,2502753225,Phillipston Town
25,PRINCETON TOWN,2502755395,Princeton Town
25,ROYALSTON TOWN,2502758580,Royalston Town
25,RUTLAND TOWN,2502758825,Rutland Town
25,SHREWSBURY TOWN,2502761800,Shrewsbury Town
25,SOUTHBOROUGH TOWN,2502763165,Southborough Town
25,SOUTHBRIDGE TOWN,2502763270,Southbridge Town
25,SPENCER TOWN,2502766105,Spencer Town
25,STERLING TOWN,2502767385,Sterling Town
25,STURBRIDGE TOWN,2502768155,Sturbridge Town
25,SUTTON TOWN,2502768610,Sutton Town
25,TEMPLETON TOWN,2502769275,Templeton Town
25,UPTON TOWN,2502771480,Upton Town
25,UXBRIDGE TOWN,2502771620,Uxbridge Town
25,WARREN TOWN,2502773090,Warren Town
25,WEBSTER TOWN,2502773895,Webster Town
25,WESTBOROUGH TOWN,2502775015,Westborough Town
25,WEST BOYLSTON TOWN,2502775155,West Boylston Town
25,WEST BROOKFIELD TOWN,2502775400,West Brookfield Town
25,WESTMINSTER TOWN,2502777010,Westminster Town
25,WINCHENDON TOWN,2502780405,Winchendon Town
25,WORCESTER CITY,2502782000,Worcester City
26,ALCONA COUNTY,2600100000,Alcona
26,ALGER COUNTY,2600300000,Alger
26,ALLEGAN COUNTY,2600500000,Allegan
26,ALPENA COUNTY,2600700000,Alpena
26,ANTRIM COUNTY,2600900000,Antrim
26,ARENAC COUNTY,2601100000,Arenac
26,BARAGA COUNTY,2601300000,Baraga
26,BARRY COUNTY,2601500000,Barry
26,BAY COUNTY,2601700000,Bay
26,BENZIE COUNTY,2601900000,Benzie
26,BERRIEN COUNTY,2602100000,Berrien
26,BRANCH COUNTY,2602300000,Branch
26,CALHOUN COUNTY,2602500000,Calhoun
26,CASS COUNTY,2602700000,Cass
26,CHARLEVOIX COUNTY,2602900000,Charlevoix
26,CHEBOYGAN COUNTY,2603100000,Cheboygan
26,CHIPPEWA COUNTY,2603300000,Chippewa
26,CLARE COUNTY,2603500000,Clare
26,CLINTON COUNTY,2603700000,Clinton
26,CRAWFORD COUNTY,2603900000,Crawford
26,DELTA COUNTY,2604100000,Delta
26,DICKINSON COUNTY,2604300000,Dickinson
26,EATON COUNTY,2604500000,Eaton
26,EMMET COUNTY,2604700000,Emmet
26,GENESEE COUNTY,2604900000,Genesee
26,GLADWIN COUNTY,2605100000,Gladwin
26,GOGEBIC COUNTY,2605300000,Gogebic
26,GRAND TRAVERSE COUNTY,2605500000,Grand Traverse
26,GRATIOT COUNTY,2605700000,Gratiot
26,HILLSDALE COUNTY,2605900000,Hillsdale
26,HOUGHTON COUNTY,2606100000,Houghton
26,HURON COUNTY,2606300000,Huron
26,INGHAM COUNTY,2606500000,Ingham
26,IONIA COUNTY,2606700000,Ionia
26,IOSCO COUNTY,2606900000,Iosco
26,IRON COUNTY,2607100000,Iron
26,ISABELLA COUNTY,2607300000,Isabella
26,JACKSON COUNTY,2607500000,Jackson
26,KALAMAZOO COUNTY,2607700000,Kalamazoo
26,KALKASKA COUNTY,2607900000,Kalkaska
26,KENT COUNTY,2608100000,Kent
26,KEWEENAW COUNTY,2608300000,Keweenaw
26,LAKE COUNTY,2608500000,Lake
26,LAPEER COUNTY,2608700000,Lapeer
26,LEELANAU COUNTY,2608900000,Leelanau
26,LENAWEE COUNTY,2609100000,Lenawee
26,LIVINGSTON COUNTY,2609300000,Livingston
26,LUCE COUNTY,2609500000,Luce
26,MACKINAC COUNTY,2609700000,Mackinac
26,MACOMB COUNTY,2609900000,Macomb
26,MANISTEE COUNTY,2610100000,Manistee
26,MARQUETTE COUNTY,2610300000,Marquette
26,MASON COUNTY,2610500000,Mason
26,MECOSTA COUNTY,2610700000,Mecosta
26,MENOMINEE COUNTY,2610900000,Menominee
26,MIDLAND COUNTY,2611100000,Midland
26,MISSAUKEE COUNTY,2611300000,Missaukee
26,MONROE COUNTY,2611500000,Monroe
26,MONTCALM COUNTY,2611700000,Montcalm
26,MONTMORENCY COUNTY,2611900000,Montmorency
26,MUSKEGON COUNTY,2612100000,Muskegon
26,NEWAYGO COUNTY,2612300000,Newaygo
26,OAKLAND COUNTY,2612500000,Oakland
26,OCEANA COUNTY,2612700000,Oceana
26,OGEMAW COUNTY,2612900000,Ogemaw
26,ONTONAGON COUNTY,2613100000,Ontonagon
26,OSCEOLA COUNTY,2613300000,Osceola
26,OSCODA COUNTY,2613500000,Oscoda
26,OTSEGO COUNTY,2613700000,Otsego
26,OTTAWA COUNTY,2613900000,Ottawa
26,PRESQUE ISLE COUNTY,2614100000,Presque Isle
26,ROSCOMMON COUNTY,2614300000,Roscommon
26,SAGINAW COUNTY,2614500000,Saginaw
26,ST. CLAIR COUNTY,2614700000,St. Clair
26,ST. JOSEPH COUNTY,2614900000,St. Joseph
26,SANILAC COUNTY,2615100000,Sanilac
26,SCHOOLCRAFT COUNTY,2615300000,Schoolcraft
26,SHIAWASSEE COUNTY,2615500000,Shiawassee
26,TUSCOLA COUNTY,2615700000,Tuscola
26,VAN BUREN COUNTY,2615900000,Van Buren
26,WASHTENAW COUNTY,2616100000,Washtenaw
26,WAYNE COUNTY,2616300000,Wayne
26,WEXFORD COUNTY,2616500000,Wexford
27,AITKIN COUNTY,2700100000,Aitkin
27,ANOKA COUNTY,2700300000,Anoka
27,BECKER COUNTY,2700500000,Becker
27,BELTRAMI COUNTY,2700700000,Beltrami
27,BENTON COUNTY,2700900000,Benton
27,BIG STONE COUNTY,2701100000,Big Stone
27,BLUE EARTH COUNTY,2701300000,Blue Earth
27,BROWN COUNTY,2701500000,Brown
27,CARLTON COUNTY,2701700000,Carlton
27,CARVER COUNTY,2701900000,Carver
27,CASS COUNTY,2702100000,Cass
27,CHIPPEWA COUNTY,2702300000,Chippewa
27,CHISAGO COUNTY,2702500000,Chisago
27,CLAY COUNTY,2702700000,Clay
27,CLEARWATER COUNTY,2702900000,Clearwater
27,COOK COUNTY,2703100000,Cook
27,COTTONWOOD COUNTY,2703300000,Cottonwood
27,CROW WING COUNTY,2703500000,Crow Wing
27,DAKOTA COUNTY,2703700000,Dakota
27,DODGE COUNTY,2703900000,Dodge
27,DOUGLAS COUNTY,2704100000,Douglas
27,FARIBAULT COUNTY,2704300000,Faribault
27,FILLMORE COUNTY,2704500000,Fillmore
27,FREEBORN COUNTY,2704700000,Freeborn
27,GOODHUE COUNTY,2704900000,Goodhue
27,GRANT COUNTY,2705100000,Grant
27,HENNEPIN COUNTY,2705300000,Hennepin
27,HOUSTON COUNTY,2705500000,Houston
27,HUBBARD COUNTY,2705700000,Hubbard
27,ISANTI COUNTY,2705900000,Isanti
27,ITASCA COUNTY,2706100000,Itasca
27,JACKSON COUNTY,2706300000,Jackson
27,KANABEC COUNTY,2706500000,Kanabec
27,KANDIYOHI COUNTY,2706700000,Kandiyohi
27,KITTSON COUNTY,2706900000,Kittson
27,KOOCHICHING COUNTY,2707100000,Koochiching
27,LAC QUI PARLE COUNTY,2707300000,Lac Qui Parle
27,LAKE COUNTY,2707500000,Lake
27,LAKE OF THE WOODS COUNTY,2707700000,Lake Of The Woods
27,LE SUEUR COUNTY,2707900000,Le Sueur
27,LINCOLN COUNTY,2708100000,Lincoln
27,LYON COUNTY,2708300000,Lyon
27,MCLEOD COUNTY,2708500000,Mcleod
27,MAHNOMEN COUNTY,2708700000,Mahnomen
27,MARSHALL COUNTY,2708900000,Marshall
27,MARTIN COUNTY,2709100000,Martin
27,MEEKER COUNTY,2709300000,Meeker
27,MILLE LACS COUNTY,2709500000,Mille Lacs
27,MORRISON COUNTY,2709700000,Morrison
27,MOWER COUNTY,2709900000,Mower
27,MURRAY COUNTY,2710100000,Murray
27,NICOLLET COUNTY,2710300000,Nicollet
27,NOBLES COUNTY,2710500000,Nobles
27,NORMAN COUNTY,2710700000,Norman
27,OLMSTED COUNTY,2710900000,Olmsted
27,OTTER TAIL COUNTY,2711100000,Otter Tail
27,PENNINGTON COUNTY,2711300000,Pennington
27,PINE COUNTY,2711500000,Pine
27,PIPESTONE COUNTY,2711700000,Pipestone
27,POLK COUNTY,2711900000,Polk
27,POPE COUNTY,2712100000,Pope
27,RAMSEY COUNTY,2712300000,Ramsey
27,RED LAKE COUNTY,2712500000,Red Lake
27,REDWOOD COUNTY,2712700000,Redwood
27,RENVILLE COUNTY,2712900000,Renville
27,RICE COUNTY,2713100000,Rice
27,ROCK COUNTY,2713300000,Rock
27,ROSEAU COUNTY,2713500000,Roseau
27,ST. LOUIS COUNTY,2713700000,St. Louis
27,SCOTT COUNTY,2713900000,Scott
27,SHERBURNE COUNTY,2714100000,Sherburne
27,SIBLEY COUNTY,2714300000,Sibley
27,STEARNS COUNTY,2714500000,Stearns
27,STEELE COUNTY,2714700000,Steele
27,STEVENS COUNTY,2714900000,Stevens
27,SWIFT COUNTY,2715100000,Swift
27,TODD COUNTY,2715300000,Todd
27,TRAVERSE COUNTY,2715500000,Traverse
27,WABASHA COUNTY,2715700000,Wabasha
27,WADENA COUNTY,2715900000,Wadena
27,WASECA COUNTY,2716100000,Waseca
27,WASHINGTON COUNTY,2716300000,Washington
27,WATONWAN COUNTY,2716500000,Watonwan
27,WILKIN COUNTY,2716700000,Wilkin
27,WINONA COUNTY,2716900000,Winona
27,WRIGHT COUNTY,2717100000,Wright
27,YELLOW MEDICINE COUNTY,2717300000,Yellow Medicine
28,ADAMS COUNTY,2800100000,Adams
28,ALCORN COUNTY,2800300000,Alcorn
28,AMITE COUNTY,2800500000,Amite
28,ATTALA COUNTY,2800700000,Attala
28,BENTON COUNTY,2800900000,Benton
28,BOLIVAR COUNTY,2801100000,Bolivar
28,CALHOUN COUNTY,2801300000,Calhoun
28,CARROLL COUNTY,2801500000,Carroll
28,CHICKASAW COUNTY,2801700000,Chickasaw
28,CHOCTAW COUNTY,2801900000,Choctaw
28,CLAIBORNE COUNTY,2802100000,Claiborne
28,CLARKE COUNTY,2802300000,Clarke
28,CLAY COUNTY,2802500000,Clay
28,COAHOMA COUNTY,2802700000,Coahoma
28,COPIAH COUNTY,2802900000,Copiah
28,COVINGTON COUNTY,2803100000,Covington
28,DESOTO COUNTY,2803300000,Desoto
28,FORREST COUNTY,2803500000,Forrest
28,FRANKLIN COUNTY,2803700000,Franklin
28,GEORGE COUNTY,2803900000,George
28,GREENE COUNTY,2804100000,Greene
28,GRENADA COUNTY,2804300000,Grenada
28,HANCOCK COUNTY,2804500000,Hancock
28,HARRISON COUNTY,2804700000,Harrison
28,HINDS COUNTY,2804900000,Hinds
28,HOLMES COUNTY,2805100000,Holmes
28,HUMPHREYS COUNTY,2805300000,Humphreys
28,ISSAQUENA COUNTY,2805500000,Issaquena
28,ITAWAMBA COUNTY,2805700000,Itawamba
28,JACKSON COUNTY,2805900000,Jackson
28,JASPER COUNTY,2806100000,Jasper
28,JEFFERSON COUNTY,2806300000,Jefferson
28,JEFFERSON DAVIS COUNTY,2806500000,Jefferson Davis
28,JONES COUNTY,2806700000,Jones
28,KEMPER COUNTY,2806900000,Kemper
28,LAFAYETTE COUNTY,2807100000,Lafayette
28,LAMAR COUNTY,2807300000,Lamar
28,LAUDERDALE COUNTY,2807500000,Lauderdale
28,LAWRENCE COUNTY,2807700000,Lawrence
28,LEAKE COUNTY,2807900000,Leake
28,LEE COUNTY,2808100000,Lee
28,LEFLORE COUNTY,2808300000,Leflore
28,LINCOLN COUNTY,2808500000,Lincoln
28,LOWNDES COUNTY,2808700000,Lowndes
28,MADISON COUNTY,2808900000,Madison
28,MARION COUNTY,2809100000,Marion
28,MARSHALL COUNTY,2809300000,Marshall
28,MONROE COUNTY,2809500000,Monroe
28,MONTGOMERY COUNTY,2809700000,Montgomery
28,NESHOBA COUNTY,2809900000,Neshoba
28,NEWTON COUNTY,2810100000,Newton
28,NOXUBEE COUNTY,2810300000,Noxubee
28,OKTIBBEHA COUNTY,2810500000,Oktibbeha
28,PANOLA COUNTY,2810700000,Panola
28,PEARL RIVER COUNTY,2810900000,Pearl River
28,PERRY COUNTY,2811100000,Perry
28,PIKE COUNTY,2811300000,Pike
28,PONTOTOC COUNTY,2811500000,Pontotoc
28,PRENTISS COUNTY,2811700000,Prentiss
28,QUITMAN COUNTY,2811900000,Quitman
28,RANKIN COUNTY,2812100000,Rankin
28,SCOTT COUNTY,2812300000,Scott
28,SHARKEY COUNTY,2812500000,Sharkey
28,SIMPSON COUNTY,2812700000,Simpson
28,SMITH COUNTY,2812900000,Smith
28,STONE COUNTY,2813100000,Stone
28,SUNFLOWER COUNTY,2813300000,Sunflower
28,TALLAHATCHIE COUNTY,2813500000,Tallahatchie
28,TATE COUNTY,2813700000,Tate
28,TIPPAH COUNTY,2813900000,Tippah
28,TISHOMINGO COUNTY,2814100000,Tishomingo
28,TUNICA COUNTY,2814300000,Tunica
28,UNION COUNTY,2814500000,Union
28,WALTHALL COUNTY,2814700000,Walthall
28,WARREN COUNTY,2814900000,Warren
28,WASHINGTON COUNTY,2815100000,Washington
28,WAYNE COUNTY,2815300000,Wayne
28,WEBSTER COUNTY,2815500000,Webster
28,WILKINSON COUNTY,2815700000,Wilkinson
28,WINSTON COUNTY,2815900000,Winston
28,YALOBUSHA COUNTY,2816100000,Yalobusha
28,YAZOO COUNTY,2816300000,Yazoo
29,ADAIR COUNTY,2900100000,Adair
29,ANDREW COUNTY,2900300000,Andrew
29,ATCHISON COUNTY,2900500000,Atchison
29,AUDRAIN COUNTY,2900700000,Audrain
29,BARRY COUNTY,2900900000,Barry
29,BARTON COUNTY,2901100000,Barton
29,BATES COUNTY,2901300000,Bates
29,BENTON COUNTY,2901500000,Benton
29,BOLLINGER COUNTY,2901700000,Bollinger
29,BOONE COUNTY,2901900000,Boone
29,BUCHANAN COUNTY,2902100000,Buchanan
29,BUTLER COUNTY,2902300000,Butler
29,CALDWELL COUNTY,2902500000,Caldwell
29,CALLAWAY COUNTY,2902700000,Callaway
29,CAMDEN COUNTY,2902900000,Camden
29,CAPE GIRARDEAU COUNTY,2903100000,Cape Girardeau
29,CARROLL COUNTY,2903300000,Carroll
29,CARTER COUNTY,2903500000,Carter
29,CASS COUNTY,2903700000,Cass
29,CEDAR COUNTY,2903900000,Cedar
29,CHARITON COUNTY,2904100000,Chariton
29,CHRISTIAN COUNTY,2904300000,Christian
29,CLARK COUNTY,2904500000,Clark
29,CLAY COUNTY,2904700000,Clay
29,CLINTON COUNTY,2904900000,Clinton
29,COLE COUNTY,2905100000,Cole
29,COOPER COUNTY,2905300000,Cooper
29,CRAWFORD COUNTY,2905500000,Crawford
29,DADE COUNTY,2905700000,Dade
29,DALLAS COUNTY,2905900000,Dallas
29,DAVIESS COUNTY,2906100000,Daviess
29,DEKALB COUNTY,2906300000,Dekalb
29,DENT COUNTY,2906500000,Dent
29,DOUGLAS COUNTY,2906700000,Douglas
29,DUNKLIN COUNTY,2906900000,Dunklin
29,FRANKLIN COUNTY,2907100000,Franklin
29,GASCONADE COUNTY,2907300000,Gasconade
29,GENTRY COUNTY,2907500000,Gentry
29,GREENE COUNTY,2907700000,Greene
29,GRUNDY COUNTY,2907900000,Grundy
29,HARRISON COUNTY,2908100000,Harrison
29,HENRY COUNTY,2908300000,Henry
29,HICKORY COUNTY,2908500000,Hickory
29,HOLT COUNTY,2908700000,Holt
29,HOWARD COUNTY,2908900000,Howard
29,HOWELL COUNTY,2909100000,Howell
29,IRON COUNTY,2909300000,Iron
29,JACKSON COUNTY,2909500000,Jackson
29,JASPER COUNTY,2909700000,Jasper
29,JEFFERSON COUNTY,2909900000,Jefferson
29,JOHNSON COUNTY,2910100000,Johnson
29,KNOX COUNTY,2910300000,Knox
29,LACLEDE COUNTY,2910500000,Laclede
29,LAFAYETTE COUNTY,2910700000,Lafayette
29,LAWRENCE COUNTY,2910900000,Lawrence
29,LEWIS COUNTY,2911100000,Lewis
29,LINCOLN COUNTY,2911300000,Lincoln
29,LINN COUNTY,2911500000,Linn
29,LIVINGSTON COUNTY,2911700000,Livingston
29,MCDONALD COUNTY,2911900000,Mcdonald
29,MACON COUNTY,2912100000,Macon
29,MADISON COUNTY,2912300000,Madison
29,MARIES COUNTY,2912500000,Maries
29,MARION COUNTY,2912700000,Marion
29,MERCER COUNTY,2912900000,Mercer
29,MILLER COUNTY,2913100000,Miller
29,MISSISSIPPI COUNTY,2913300000,Mississippi
29,MONITEAU COUNTY,2913500000,Moniteau
29,MONROE COUNTY,2913700000,Monroe
29,MONTGOMERY COUNTY,2913900000,Montgomery
29,MORGAN COUNTY,2914100000,Morgan
29,NEW MADRID COUNTY,2914300000,New Madrid
29,NEWTON COUNTY,2914500000,Newton
29,NODAWAY COUNTY,2914700000,Nodaway
29,OREGON COUNTY,2914900000,Oregon
29,OSAGE COUNTY,2915100000,Osage
29,OZARK COUNTY,2915300000,Ozark
29,PEMISCOT COUNTY,2915500000,Pemiscot
29,PERRY COUNTY,2915700000,Perry
29,PETTIS COUNTY,2915900000,Pettis
29,PHELPS COUNTY,2916100000,Phelps
29,PIKE COUNTY,2916300000,Pike
29,PLATTE COUNTY,2916500000,Platte
29,POLK COUNTY,2916700000,Polk
29,PULASKI COUNTY,2916900000,Pulaski
29,PUTNAM COUNTY,2917100000,Putnam
29,RALLS COUNTY,2917300000,Ralls
29,RANDOLPH COUNTY,2917500000,Randolph
29,RAY COUNTY,2917700000,Ray
29,REYNOLDS COUNTY,2917900000,Reynolds
29,RIPLEY COUNTY,2918100000,Ripley
29,ST. CHARLES COUNTY,2918300000,St. Charles
29,ST. CLAIR COUNTY,2918500000,St. Clair
29,STE. GENEVIEVE COUNTY,2918600000,Ste. Genevieve
29,ST. FRANCOIS COUNTY,2918700000,St. Francois
29,ST. LOUIS COUNTY,2918900000,St. Louis
29,SALINE COUNTY,2919500000,Saline
29,SCHUYLER COUNTY,2919700000,Schuyler
29,SCOTLAND COUNTY,2919900000,Scotland
29,SCOTT COUNTY,2920100000,Scott
29,SHANNON COUNTY,2920300000,Shannon
29,SHELBY COUNTY,2920500000,Shelby
29,STODDARD COUNTY,2920700000,Stoddard
29,STONE COUNTY,2920900000,Stone
29,SULLIVAN COUNTY,2921100000,Sullivan
29,TANEY COUNTY,2921300000,Taney
29,TEXAS COUNTY,2921500000,Texas
29,VERNON COUNTY,2921700000,Vernon
29,WARREN COUNTY,2921900000,Warren
29,WASHINGTON COUNTY,2922100000,Washington
29,WAYNE COUNTY,2922300000,Wayne
29,WEBSTER COUNTY,2922500000,Webster
29,WORTH COUNTY,2922700000,Worth
29,WRIGHT COUNTY,2922900000,Wright
29,KANSAS CITY CITY,2938000000,Kansas City City
29,ST. LOUIS CITY,2951000000,St. Louis City
30,BEAVERHEAD COUNTY,3000100000,Beaverhead
30,BIG HORN COUNTY,3000300000,Big Horn
30,BLAINE COUNTY,3000500000,Blaine
30,BROADWATER COUNTY,3000700000,Broadwater
30,CARBON COUNTY,3000900000,Carbon
30,CARTER COUNTY,3001100000,Carter
30,CASCADE COUNTY,3001300000,Cascade
30,CHOUTEAU COUNTY,3001500000,Chouteau
30,CUSTER COUNTY,3001700000,Custer
30,DANIELS COUNTY,3001900000,Daniels
30,DAWSON COUNTY,3002100000,Dawson
30,DEER LODGE COUNTY,3002300000,Deer Lodge
30,FALLON COUNTY,3002500000,Fallon
30,FERGUS COUNTY,3002700000,Fergus
30,FLATHEAD COUNTY,3002900000,Flathead
30,GALLATIN COUNTY,3003100000,Gallatin
30,GARFIELD COUNTY,3003300000,Garfield
30,GLACIER COUNTY,3003500000,Glacier
30,GOLDEN VALLEY COUNTY,3003700000,Golden Valley
30,GRANITE COUNTY,3003900000,Granite
30,HILL COUNTY,3004100000,Hill
30,JEFFERSON COUNTY,3004300000,Jefferson
30,JUDITH BASIN COUNTY,3004500000,Judith Basin
30,LAKE COUNTY,3004700000,Lake
30,LEWIS AND CLARK COUNTY,3004900000,Lewis And Clark
30,LIBERTY COUNTY,3005100000,Liberty
30,LINCOLN COUNTY,3005300000,Lincoln
30,MCCONE COUNTY,3005500000,Mccone
30,MADISON COUNTY,3005700000,Madison
30,MEAGHER COUNTY,3005900000,Meagher
30,MINERAL COUNTY,3006100000,Mineral
30,MISSOULA COUNTY,3006300000,Missoula
30,MUSSELSHELL COUNTY,3006500000,Musselshell
30,PARK COUNTY,3006700000,Park
30,PETROLEUM COUNTY,3006900000,Petroleum
30,PHILLIPS COUNTY,3007100000,Phillips
30,PONDERA COUNTY,3007300000,Pondera
30,POWDER RIVER COUNTY,3007500000,Powder River
30,POWELL COUNTY,3007700000,Powell
30,PRAIRIE COUNTY,3007900000,Prairie
30,RAVALLI COUNTY,3008100000,Ravalli
30,RICHLAND COUNTY,3008300000,Richland
30,ROOSEVELT COUNTY,3008500000,Roosevelt
30,ROSEBUD COUNTY,3008700000,Rosebud
30,SANDERS COUNTY,3008900000,Sanders
30,SHERIDAN COUNTY,3009100000,Sheridan
30,SILVER BOW COUNTY,3009300000,Silver Bow
30,STILLWATER COUNTY,3009500000,Stillwater
30,SWEET GRASS COUNTY,3009700000,Sweet Grass
30,TETON COUNTY,3009900000,Teton
30,TOOLE COUNTY,3010100000,Toole
30,TREASURE COUNTY,3010300000,Treasure
30,VALLEY COUNTY,3010500000,Valley
30,WHEATLAND COUNTY,3010700000,Wheatland
30,WIBAUX COUNTY,3010900000,Wibaux
30,YELLOWSTONE COUNTY,3011100000,Yellowstone
31,ADAMS COUNTY,3100100000,Adams
31,ANTELOPE COUNTY,3100300000,Antelope
31,ARTHUR COUNTY,3100500000,Arthur
31,BANNER COUNTY,3100700000,Banner
31,BLAINE COUNTY,3100900000,Blaine
31,BOONE COUNTY,3101100000,Boone
31,BOX BUTTE COUNTY,3101300000,Box Butte
31,BOYD COUNTY,3101500000,Boyd
31,BROWN COUNTY,3101700000,Brown
31,BUFFALO COUNTY,3101900000,Buffalo
31,BURT COUNTY,3102100000,Burt
31,BUTLER COUNTY,3102300000,Butler
31,CASS COUNTY,3102500000,Cass
31,CEDAR COUNTY,3102700000,Cedar
31,CHASE COUNTY,3102900000,Chase
31,CHERRY COUNTY,3103100000,Cherry
31,CHEYENNE COUNTY,3103300000,Cheyenne
31,CLAY COUNTY,3103500000,Clay
31,COLFAX COUNTY,3103700000,Colfax
31,CUMING COUNTY,3103900000,Cuming
31,CUSTER COUNTY,3104100000,Custer
31,DAKOTA COUNTY,3104300000,Dakota
31,DAWES COUNTY,3104500000,Dawes
31,DAWSON COUNTY,3104700000,Dawson
31,DEUEL COUNTY,3104900000,Deuel
31,DIXON COUNTY,3105100000,Dixon
31,DODGE COUNTY,3105300000,Dodge
31,DOUGLAS COUNTY,3105500000,Douglas
31,DUNDY COUNTY,3105700000,Dundy
31,FILLMORE COUNTY,3105900000,Fillmore
31,FRANKLIN COUNTY,3106100000,Franklin
31,FRONTIER COUNTY,3106300000,Frontier
31,FURNAS COUNTY,3106500000,Furnas
31,GAGE COUNTY,3106700000,Gage
31,GARDEN COUNTY,3106900000,Garden
31,GARFIELD COUNTY,3107100000,Garfield
31,GOSPER COUNTY,3107300000,Gosper
31,GRANT COUNTY,3107500000,Grant
31,GREELEY COUNTY,3107700000,Greeley
31,HALL COUNTY,3107900000,Hall
31,HAMILTON COUNTY,3108100000,Hamilton
31,HARLAN COUNTY,3108300000,Harlan
31,HAYES COUNTY,3108500000,Hayes
31,HITCHCOCK COUNTY,3108700000,Hitchcock
31,HOLT COUNTY,3108900000,Holt
31,HOOKER COUNTY,3109100000,Hooker
31,HOWARD COUNTY,3109300000,Howard
31,JEFFERSON COUNTY,3109500000,Jefferson
31,JOHNSON COUNTY,3109700000,Johnson
31,KEARNEY COUNTY,3109900000,Kearney
31,KEITH COUNTY,3110100000,Keith
31,KEYA PAHA COUNTY,3110300000,Keya Paha
31,KIMBALL COUNTY,3110500000,Kimball
31,KNOX COUNTY,3110700000,Knox
31,LANCASTER COUNTY,3110900000,Lancaster
31,LINCOLN COUNTY,3111100000,Lincoln
31,LOGAN COUNTY,3111300000,Logan
31,LOUP COUNTY,3111500000,Loup
31,MCPHERSON COUNTY,3111700000,Mcpherson
31,MADISON COUNTY,3111900000,Madison
31,MERRICK COUNTY,3112100000,Merrick
31,MORRILL COUNTY,3112300000,Morrill
31,NANCE COUNTY,3112500000,Nance
31,NEMAHA COUNTY,3112700000,Nemaha
31,NUCKOLLS COUNTY,3112900000,Nuckolls
31,OTOE COUNTY,3113100000,Otoe
31,PAWNEE COUNTY,3113300000,Pawnee
31,PERKINS COUNTY,3113500000,Perkins
31,PHELPS COUNTY,3113700000,Phelps
31,PIERCE COUNTY,3113900000,Pierce
31,PLATTE COUNTY,3114100000,Platte
31,POLK COUNTY,3114300000,Polk
31,RED WILLOW COUNTY,3114500000,Red Willow
31,RICHARDSON COUNTY,3114700000,Richardson
31,ROCK COUNTY,3114900000,Rock
31,SALINE COUNTY,3115100000,Saline
31,SARPY COUNTY,3115300000,Sarpy
31,SAUNDERS COUNTY,3115500000,Saunders
31,SCOTTS BLUFF COUNTY,3115700000,Scotts Bluff
31,SEWARD COUNTY,3115900000,Seward
31,SHERIDAN COUNTY,3116100000,Sheridan
31,SHERMAN COUNTY,3116300000,Sherman
31,SIOUX COUNTY,3116500000,Sioux
31,STANTON COUNTY,3116700000,Stanton
31,THAYER COUNTY,3116900000,Thayer
31,THOMAS COUNTY,3117100000,Thomas
31,THURSTON COUNTY,3117300000,Thurston
31,VALLEY COUNTY,3117500000,Valley
31,WASHINGTON COUNTY,3117700000,Washington
31,WAYNE COUNTY,3117900000,Wayne
31,WEBSTER COUNTY,3118100000,Webster
31,WHEELER COUNTY,3118300000,Wheeler
31,YORK COUNTY,3118500000,York
32,CHURCHILL COUNTY,3200100000,Churchill
32,CLARK COUNTY,3200300000,Clark
32,DOUGLAS COUNTY,3200500000,Douglas
32,ELKO COUNTY,3200700000,Elko
32,ESMERALDA COUNTY,3200900000,Esmeralda
32,EUREKA COUNTY,3201100000,Eureka
32,HUMBOLDT COUNTY,3201300000,Humboldt
32,LANDER COUNTY,3201500000,Lander
32,LINCOLN COUNTY,3201700000,Lincoln
32,LYON COUNTY,3201900000,Lyon
32,MINERAL COUNTY,3202100000,Mineral
32,NYE COUNTY,3202300000,Nye
32,PERSHING COUNTY,3202700000,Pershing
32,STOREY COUNTY,3202900000,Storey
32,WASHOE COUNTY,3203100000,Washoe
32,WHITE PINE COUNTY,3203300000,White Pine
32,CARSON CITY,3251000000,Carson City
33,ALTON 00,3300101060,Alton 00
33,BARNSTEAD 00,3300103220,Barnstead 00
33,BELMONT 00,3300104740,Belmont 00
33,CENTER HARBOR 00,3300110660,Center Harbor 00
33,GILFORD 00,3300128740,Gilford 00
33,GILMANTON 00,3300128980,Gilmanton 00
33,LACONIA 01,3300140181,Laconia 01
33,LACONIA 02,3300140182,Laconia 02
33,LACONIA 03,3300140183,Laconia 03
33,LACONIA 04,3300140184,Laconia 04
33,LACONIA 05,3300140185,Laconia 05
33,LACONIA 06,3300140186,Laconia 06
33,MEREDITH 00,3300147140,Meredith 00
33,NEW HAMPTON 00,3300151540,New Hampton 00
33,SANBORNTON 00,3300167300,Sanbornton 00
33,TILTON 00,3300177060,Tilton 00
33,ALBANY 00,3300300420,Albany 00
33,BARTLETT 00,3300303700,Bartlett 00
33,BROOKFIELD 00,3300307940,Brookfield 00
33,CHATHAM 00,3300311780,Chatham 00
33,CONWAY 00,3300314660,Conway 00
33,EATON 00,3300323380,Eaton 00
33,EFFINGHAM 00,3300323620,Effingham 00
33,FREEDOM 00,3300327700,Freedom 00
33,HALE'S LOCATION 00,3300332500,Hale'S Location 00
33,HART'S LOCATION 00,3300334500,Hart'S Location 00
33,JACKSON 00,3300338260,Jackson 00
33,MADISON 00,3300345060,Madison 00
33,MOULTONBOROUGH 00,3300349380,Moultonborough 00
33,OSSIPEE 00,3300358740,Ossipee 00
33,SANDWICH 00,3300367780,Sandwich 00
33,TAMWORTH 00,3300376100,Tamworth 00
33,TUFTONBORO 00,3300377620,Tuftonboro 00
33,WAKEFIELD 00,3300378180,Wakefield 00
33,WOLFEBORO 00,3300386420,Wolfeboro 00
33,ALSTEAD 00,3300500820,Alstead 00
33,CHESTERFIELD 00,3300512260,Chesterfield 00
33,DUBLIN 00,3300519140,Dublin 00
33,FITZWILLIAM 00,3300526500,Fitzwilliam 00
33,GILSUM 00,3300529220,Gilsum 00
33,HARRISVILLE 00,3300534420,Harrisville 00
33,HINSDALE 00,3300536660,Hinsdale 00
33,JAFFREY 00,3300538500,Jaffrey 00
33,KEENE 01,3300539301,Keene 01
33,KEENE 02,3300539302,Keene 02
33,KEENE 03,3300539303,Keene 03
33,KEENE 04,3300539304,Keene 04
33,KEENE 05,3300539305,Keene 05
33,MARLBOROUGH 00,3300545460,Marlborough 00
33,MARLOW 00,3300545700,Marlow 00
33,NELSON 00,3300550580,Nelson 00
33,RICHMOND 00,3300564420,Richmond 00
33,RINDGE 00,3300564580,Rindge 00
33,ROXBURY 00,3300565700,Roxbury 00
33,STODDARD 00,3300573700,Stoddard 00
33,SULLIVAN 00,3300574900,Sullivan 00
33,SURRY 00,3300575300,Surry 00
33,SWANZEY 00,3300575700,Swanzey 00
33,TROY 00,3300577380,Troy 00
33,WALPOLE 00,3300578420,Walpole 00
33,WESTMORELAND 00,3300582660,Westmoreland 00
33,WINCHESTER 00,3300585540,Winchester 00
33,AT.& GIL. AC. GT. 00,3300702420,At.& Gil. Ac. Gt. 00
33,BEAN'S GRANT 00,3300704100,Bean'S Grant 00
33,BEAN'S PURCHASE 00,3300704260,Bean'S Purchase 00
33,BERLIN 00,3300705140,Berlin 00
33,CAMBRIDGE 00,3300708420,Cambridge 00
33,CARROLL 00,3300710100,Carroll 00
33,CHANDLERS PURCHASE 00,3300711220,Chandlers Purchase 00
33,CLARKSVILLE 00,3300713220,Clarksville 00
33,COLEBROOK 00,3300713780,Colebrook 00
33,COLUMBIA 00,3300713940,Columbia 00
33,CRAWFORD'S PURCHASE 00,3300716100,Crawford'S Purchase 00
33,CUTT'S GRANT 00,3300716660,Cutt'S Grant 00
33,DALTON 00,3300716820,Dalton 00
33,DIX'S GRANT 00,3300718340,Dix'S Grant 00
33,DIXVILLE 00,3300718420,Dixville 00
33,DUMMER 00,3300719300,Dummer 00
33,ERROL 00,3300725140,Errol 00
33,ERVING'S LOCATION 00,3300725180,Erving'S Location 00
33,GORHAM 00,3300730260,Gorham 00
33,GREEN'S GRANT 00,3300731780,Green'S Grant 00
33,HADLEY'S PURCHASE 00,3300732420,Hadley'S Purchase 00
33,JEFFERSON 00,3300738820,Jefferson 00
33,KILKENNY 00,3300739940,Kilkenny 00
33,LANCASTER 00,3300740420,Lancaster 00
33,LOW & BURBANKS GRANT 00,3300743620,Low & Burbanks Grant 00
33,MARTIN'S LOCATION 00,3300746020,Martin'S Location 00
33,MILAN 00,3300747860,Milan 00
33,MILLSFIELD 00,3300748260,Millsfield 00
33,NORTHUMBERLAND 00,3300756100,Northumberland 00
33,ODELL 00,3300757860,Odell 00
33,PINKHAM'S GRANT 00,3300761620,Pinkham'S Grant 00
33,PITTSBURG 00,3300761780,Pittsburg 00
33,RANDOLPH 00,3300763860,Randolph 00
33,SARGENT'S PURCHASE 00,3300767860,Sargent'S Purchase 00
33,SECOND COLLEGE GRANT 00,3300768500,Second College Grant 00
33,SHELBURNE 00,3300768980,Shelburne 00
33,STARK 00,3300773060,Stark 00
33,STEWARTSTOWN 00,3300773380,Stewartstown 00
33,STRATFORD 00,3300774180,Stratford 00
33,SUCCESS 00,3300774500,Success 00
33,THOMPSON & MESERVE'S PURCHASE 00,3300776580,Thompson & Meserve'S Purchase 00
33,WENTWORTH'S LOCATION 00,3300780740,Wentworth'S Location 00
33,WHITEFIELD 00,3300784420,Whitefield 00
33,ALEXANDRIA 00,3300900580,Alexandria 00
33,ASHLAND 00,3300902020,Ashland 00
33,BATH 00,3300903940,Bath 00
33,BENTON 00,3300905060,Benton 00
33,BETHLEHEM 00,3300905460,Bethlehem 00
33,BRIDGEWATER 00,3300907540,Bridgewater 00
33,BRISTOL 00,3300907700,Bristol 00
33,CAMPTON 00,3300908660,Campton 00
33,CANAAN 00,3300908980,Canaan 00
33,DORCHESTER 00,3300918740,Dorchester 00
33,EASTON 00,3300922020,Easton 00
33,ELLSWORTH 00,3300923860,Ellsworth 00
33,ENFIELD 00,3300924340,Enfield 00
33,FRANCONIA 00,3300927300,Franconia 00
33,GRAFTON 00,3300930820,Grafton 00
33,GROTON 00,3300932180,Groton 00
33,HANOVER 00,3300933860,Hanover 00
33,HAVERHILL 00,3300934820,Haverhill 00
33,HEBRON 00,3300935220,Hebron 00
33,HOLDERNESS 00,3300936900,Holderness 00
33,LANDAFF 00,3300940660,Landaff 00
33,LEBANON 01,3300941301,Lebanon 01
33,LEBANON 02,3300941302,Lebanon 02
33,LEBANON 03,3300941303,Lebanon 03
33,LINCOLN 00,3300941860,Lincoln 00
33,LISBON 00,3300942020,Lisbon 00
33,LITTLETON 00,3300942580,Littleton 00
33,LIVERMORE 00,3300942820,Livermore 00
33,LYMAN 00,3300944100,Lyman 00
33,LYME 00,3300944260,Lyme 00
33,MONROE 00,3300948980,Monroe 00
33,ORANGE 00,3300958340,Orange 00
33,ORFORD 00,3300958500,Orford 00
33,PIERMONT 00,3300961060,Piermont 00
33,PLYMOUTH 00,3300962660,Plymouth 00
33,RUMNEY 00,3300965940,Rumney 00
33,SUGAR HILL 00,3300974740,Sugar Hill 00
33,THORNTON 00,3300976740,Thornton 00
33,WARREN 00,3300978740,Warren 00
33,WATERVILLE VALLEY 00,3300979380,Waterville Valley 00
33,WENTWORTH 00,3300980500,Wentworth 00
33,WOODSTOCK 00,3300987060,Woodstock 00
33,AMHERST 00,3301101300,Amherst 00
33,ANTRIM 00,3301101700,Antrim 00
33,BEDFORD 00,3301104500,Bedford 00
33,BENNINGTON 00,3301104900,Bennington 00
33,BROOKLINE 00,3301108100,Brookline 00
33,DEERING 00,3301117780,Deering 00
33,FRANCESTOWN 00,3301127140,Francestown 00
33,GOFFSTOWN 00,3301129860,Goffstown 00
33,GREENFIELD 00,3301131540,Greenfield 00
33,GREENVILLE 00,3301131940,Greenville 00
33,HANCOCK 00,3301133700,Hancock 00
33,HILLSBOROUGH 00,3301136180,Hillsborough 00
33,HOLLIS 00,3301137140,Hollis 00
33,HUDSON 00,3301137940,Hudson 00
33,LITCHFIELD 00,3301142260,Litchfield 00
33,LYNDEBOROUGH 00,3301144580,Lyndeborough 00
33,MANCHESTER 01,3301145141,Manchester 01
33,MANCHESTER 02,3301145142,Manchester 02
33,MANCHESTER 03,3301145143,Manchester 03
33,MANCHESTER 04,3301145144,Manchester 04
33,MANCHESTER 05,3301145145,Manchester 05
33,MANCHESTER 06,3301145146,Manchester 06
33,MANCHESTER 07,3301145147,Manchester 07
33,MANCHESTER 08,3301145148,Manchester 08
33,MANCHESTER 09,3301145149,Manchester 09
33,MANCHESTER 10,3301145150,Manchester 10
33,MANCHESTER 11,3301145151,Manchester 11
33,MANCHESTER 12,3301145152,Manchester 12
33,MASON 00,3301146260,Mason 00
33,MERRIMACK 00,3301147540,Merrimack 00
33,MILFORD 00,3301148020,Milford 00
33,MONT VERNON 00,3301149140,Mont Vernon 00
33,NASHUA 01,3301150261,Nashua 01
33,NASHUA 02,3301150262,Nashua 02
33,NASHUA 03,3301150263,Nashua 03
33,NASHUA 04,3301150264,Nashua 04
33,NASHUA 05,3301150265,Nashua 05
33,NASHUA 06,3301150266,Nashua 06
33,NASHUA 07,3301150267,Nashua 07
33,NASHUA 08,3301150268,Nashua 08
33,NASHUA 09,3301150269,Nashua 09
33,NEW BOSTON 00,3301150740,New Boston 00
33,NEW IPSWICH 00,3301151940,New Ipswich 00
33,PELHAM 00,3301159940,Pelham 00
33,PETERBOROUGH 00,3301160580,Peterborough 00
33,SHARON 00,3301168820,Sharon 00
33,TEMPLE 00,3301176260,Temple 00
33,WEARE 00,3301179780,Weare 00
33,WILTON 00,3301185220,Wilton 00
33,WINDSOR 00,3301185940,Windsor 00
33,ALLENSTOWN 00,3301300660,Allenstown 00
33,ANDOVER 00,3301301460,Andover 00
33,BOSCAWEN 00,3301306260,Boscawen 00
33,BOW 00,3301306500,Bow 00
33,BRADFORD 00,3301306980,Bradford 00
33,CANTERBURY 00,3301309860,Canterbury 00
33,CHICHESTER 00,3301312420,Chichester 00
33,CONCORD 01,3301314201,Concord 01
33,CONCORD 02,3301314202,Concord 02
33,CONCORD 03,3301314203,Concord 03
33,CONCORD 04,3301314204,Concord 04
33,CONCORD 05,3301314205,Concord 05
33,CONCORD 06,3301314206,Concord 06
33,CONCORD 07,3301314207,Concord 07
33,CONCORD 08,3301314208,Concord 08
33,CONCORD 09,3301314209,Concord 09
33,CONCORD 10,3301314210,Concord 10
33,DANBURY 00,3301316980,Danbury 00
33,DUNBARTON 00,3301319460,Dunbarton 00
33,EPSOM 00,3301324900,Epsom 00
33,FRANKLIN 01,3301327381,Franklin 01
33,FRANKLIN 02,3301327382,Franklin 02
33,FRANKLIN 03,3301327383,Franklin 03
33,HENNIKER 00,3301335540,Henniker 00
33,HILL 00,3301335860,Hill 00
33,HOOKSETT 00,3301337300,Hooksett 00
33,HOPKINTON 00,3301337540,Hopkinton 00
33,LOUDON 00,3301343380,Loudon 00
33,NEWBURY 00,3301350900,Newbury 00
33,NEW LONDON 00,3301352100,New London 00
33,NORTHFIELD 00,3301354260,Northfield 00
33,PEMBROKE 00,3301360020,Pembroke 00
33,PITTSFIELD 00,3301361940,Pittsfield 00
33,SALISBURY 00,3301366980,Salisbury 00
33,SUTTON 00,3301375460,Sutton 00
33,WARNER 00,3301378580,Warner 00
33,WEBSTER 00,3301380020,Webster 00
33,WILMOT 00,3301384900,Wilmot 00
33,ATKINSON 00,3301502340,Atkinson 00
33,AUBURN 00,3301502820,Auburn 00
33,BRENTWOOD 00,3301507220,Brentwood 00
33,CANDIA 00,3301509300,Candia 00
33,CHESTER 00,3301512100,Chester 00
33,DANVILLE 00,3301517140,Danville 00
33,DEERFIELD 00,3301517460,Deerfield 00
33,DERRY 00,3301517940,Derry 00
33,EAST KINGSTON 00,3301521380,East Kingston 00
33,EPPING 00,3301524660,Epping 00
33,EXETER 00,3301525380,Exeter 00
33,FREMONT 00,3301527940,Fremont 00
33,GREENLAND 00,3301531700,Greenland 00
33,HAMPSTEAD 00,3301532900,Hampstead 00
33,HAMPTON 00,3301533060,Hampton 00
33,HAMPTON FALLS 00,3301533460,Hampton Falls 00
33,KENSINGTON 00,3301539780,Kensington 00
33,KINGSTON 00,3301540100,Kingston 00
33,LONDONDERRY 00,3301543220,Londonderry 00
33,NEW CASTLE 00,3301550980,New Castle 00
33,NEWFIELDS 00,3301551380,Newfields 00
33,NEWINGTON 00,3301551620,Newington 00
33,NEWMARKET 00,3301552340,Newmarket 00
33,NEWTON 00,3301552900,Newton 00
33,NORTH HAMPTON 00,3301554580,North Hampton 00
33,NORTHWOOD 00,3301556820,Northwood 00
33,NOTTINGHAM 00,3301557460,Nottingham 00
33,PLAISTOW 00,3301562500,Plaistow 00
33,PORTSMOUTH 01,3301562901,Portsmouth 01
33,PORTSMOUTH 02,3301562902,Portsmouth 02
33,PORTSMOUTH 03,3301562903,Portsmouth 03
33,PORTSMOUTH 04,3301562904,Portsmouth 04
33,PORTSMOUTH 05,3301562905,Portsmouth 05
33,RAYMOND 00,3301564020,Raymond 00
33,RYE 00,3301566180,Rye 00
33,SALEM 00,3301566660,Salem 00
33,SANDOWN 00,3301567620,Sandown 00
33,SEABROOK 00,3301568260,Seabrook 00
33,SOUTH HAMPTON 00,3301571140,South Hampton 00
33,STRATHAM 00,3301574340,Stratham 00
33,WINDHAM 00,3301585780,Windham 00
33,BARRINGTON 00,3301703460,Barrington 00
33,DOVER 01,3301718821,Dover 01
33,DOVER 02,3301718822,Dover 02
33,DOVER 03,3301718823,Dover 03
33,DOVER 04,3301718824,Dover 04
33,DOVER 05,3301718825,Dover 05
33,DOVER 06,3301718826,Dover 06
33,DURHAM 00,3301719700,Durham 00
33,FARMINGTON 01,3301726020,Farmington 01
33,LEE 00,3301741460,Lee 00
33,MADBURY 00,3301744820,Madbury 00
33,MIDDLETON 00,3301747700,Middleton 00
33,MILTON 00,3301748660,Milton 00
33,NEW DURHAM 00,3301751220,New Durham 00
33,ROCHESTER 01,3301765141,Rochester 01
33,ROCHESTER 02,3301765142,Rochester 02
33,ROCHESTER 03,3301765143,Rochester 03
33,ROCHESTER 04,3301765144,Rochester 04
33,ROCHESTER 05,3301765145,Rochester 05
33,ROCHESTER 06,3301765146,Rochester 06
33,ROLLINSFORD 00,3301765540,Rollinsford 00
33,SOMERSWORTH 01,3301769941,Somersworth 01
33,SOMERSWORTH 02,3301769942,Somersworth 02
33,SOMERSWORTH 03,3301769943,Somersworth 03
33,SOMERSWORTH 04,3301769944,Somersworth 04
33,SOMERSWORTH 05,3301769945,Somersworth 05
33,STRAFFORD 00,3301773860,Strafford 00
33,ACWORTH 00,3301900260,Acworth 00
33,CHARLESTOWN 00,3301911380,Charlestown 00
33,CLAREMONT 01,3301912901,Claremont 01
33,CLAREMONT 02,3301912902,Claremont 02
33,CLAREMONT 03,3301912903,Claremont 03
33,CORNISH 00,3301915060,Cornish 00
33,CROYDON 00,3301916340,Croydon 00
33,GOSHEN 00,3301930500,Goshen 00
33,GRANTHAM 00,3301931220,Grantham 00
33,LANGDON 00,3301940900,Langdon 00
33,LEMPSTER 00,3301941700,Lempster 00
33,NEWPORT 00,3301952580,Newport 00
33,PLAINFIELD 00,3301962340,Plainfield 00
33,SPRINGFIELD 00,3301972740,Springfield 00
33,SUNAPEE 00,3301975060,Sunapee 00
33,UNITY 00,3301977940,Unity 00
33,WASHINGTON 00,3301978980,Washington 00
34,ATLANTIC COUNTY,3400100000,Atlantic
34,BERGEN COUNTY,3400300000,Bergen
34,BURLINGTON COUNTY,3400500000,Burlington
34,CAMDEN COUNTY,3400700000,Camden
34,CAPE MAY COUNTY,3400900000,Cape May
34,CUMBERLAND COUNTY,3401100000,Cumberland
34,ESSEX COUNTY,3401300000,Essex
34,GLOUCESTER COUNTY,3401500000,Gloucester
34,HUDSON COUNTY,3401700000,Hudson
34,HUNTERDON COUNTY,3401900000,Hunterdon
34,MERCER COUNTY,3402100000,Mercer
34,MIDDLESEX COUNTY,3402300000,Middlesex
34,MONMOUTH COUNTY,3402500000,Monmouth
34,MORRIS COUNTY,3402700000,Morris
34,OCEAN COUNTY,3402900000,Ocean
34,PASSAIC COUNTY,3403100000,Passaic
34,SALEM COUNTY,3403300000,Salem
34,SOMERSET COUNTY,3403500000,Somerset
34,SUSSEX COUNTY,3403700000,Sussex
34,UNION COUNTY,3403900000,Union
34,WARREN COUNTY,3404100000,Warren
35,BERNALILLO COUNTY,3500100000,Bernalillo
35,CATRON COUNTY,3500300000,Catron
35,CHAVES COUNTY,3500500000,Chaves
35,CIBOLA COUNTY,3500600000,Cibola
35,COLFAX COUNTY,3500700000,Colfax
35,CURRY COUNTY,3500900000,Curry
35,DE BACA COUNTY,3501100000,De Baca
35,DONA ANA COUNTY,3501300000,Dona Ana
35,EDDY COUNTY,3501500000,Eddy
35,GRANT COUNTY,3501700000,Grant
35,GUADALUPE COUNTY,3501900000,Guadalupe
35,HARDING COUNTY,3502100000,Harding
35,HIDALGO COUNTY,3502300000,Hidalgo
35,LEA COUNTY,3502500000,Lea
35,LINCOLN COUNTY,3502700000,Lincoln
35,LOS ALAMOS COUNTY,3502800000,Los Alamos
35,LUNA COUNTY,3502900000,Luna
35,MCKINLEY COUNTY,3503100000,Mckinley
35,MORA COUNTY,3503300000,Mora
35,OTERO COUNTY,3503500000,Otero
35,QUAY COUNTY,3503700000,Quay
35,RIO ARRIBA COUNTY,3503900000,Rio Arriba
35,ROOSEVELT COUNTY,3504100000,Roosevelt
35,SANDOVAL COUNTY,3504300000,Sandoval
35,SAN JUAN COUNTY,3504500000,San Juan
35,SAN MIGUEL COUNTY,3504700000,San Miguel
35,SANTA FE COUNTY,3504900000,Santa Fe
35,SIERRA COUNTY,3505100000,Sierra
35,SOCORRO COUNTY,3505300000,Socorro
35,TAOS COUNTY,3505500000,Taos
35,TORRANCE COUNTY,3505700000,Torrance
35,UNION COUNTY,3505900000,Union
35,VALENCIA COUNTY,3506100000,Valencia
36,ALBANY COUNTY,3600100000,Albany
36,ALLEGANY COUNTY,3600300000,Allegany
36,BRONX COUNTY,3600500000,Bronx
36,BROOME COUNTY,3600700000,Broome
36,CATTARAUGUS COUNTY,3600900000,Cattaraugus
36,CAYUGA COUNTY,3601100000,Cayuga
36,CHAUTAUQUA COUNTY,3601300000,Chautauqua
36,CHEMUNG COUNTY,3601500000,Chemung
36,CHENANGO COUNTY,3601700000,Chenango
36,CLINTON COUNTY,3601900000,Clinton
36,COLUMBIA COUNTY,3602100000,Columbia
36,CORTLAND COUNTY,3602300000,Cortland
36,DELAWARE COUNTY,3602500000,Delaware
36,DUTCHESS COUNTY,3602700000,Dutchess
36,ERIE COUNTY,3602900000,Erie
36,ESSEX COUNTY,3603100000,Essex
36,FRANKLIN COUNTY,3603300000,Franklin
36,FULTON COUNTY,3603500000,Fulton
36,GENESEE COUNTY,3603700000,Genesee
36,GREENE COUNTY,3603900000,Greene
36,HAMILTON COUNTY,3604100000,Hamilton
36,HERKIMER COUNTY,3604300000,Herkimer
36,JEFFERSON COUNTY,3604500000,Jefferson
36,KINGS COUNTY,3604700000,Kings
36,LEWIS COUNTY,3604900000,Lewis
36,LIVINGSTON COUNTY,3605100000,Livingston
36,MADISON COUNTY,3605300000,Madison
36,MONROE COUNTY,3605500000,Monroe
36,MONTGOMERY COUNTY,3605700000,Montgomery
36,NASSAU COUNTY,3605900000,Nassau
36,NEW YORK COUNTY,3606100000,New York
36,NIAGARA COUNTY,3606300000,Niagara
36,ONEIDA COUNTY,3606500000,Oneida
36,ONONDAGA COUNTY,3606700000,Onondaga
36,ONTARIO COUNTY,3606900000,Ontario
36,ORANGE COUNTY,3607100000,Orange
36,ORLEANS COUNTY,3607300000,Orleans
36,OSWEGO COUNTY,3607500000,Oswego
36,OTSEGO COUNTY,3607700000,Otsego
36,PUTNAM COUNTY,3607900000,Putnam
36,QUEENS COUNTY,3608100000,Queens
36,RENSSELAER COUNTY,3608300000,Rensselaer
36,RICHMOND COUNTY,3608500000,Richmond
36,ROCKLAND COUNTY,3608700000,Rockland
36,ST. LAWRENCE COUNTY,3608900000,St. Lawrence
36,SARATOGA COUNTY,3609100000,Saratoga
36,SCHENECTADY COUNTY,3609300000,Schenectady
36,SCHOHARIE COUNTY,3609500000,Schoharie
36,SCHUYLER COUNTY,3609700000,Schuyler
36,SENECA COUNTY,3609900000,Seneca
36,STEUBEN COUNTY,3610100000,Steuben
36,SUFFOLK COUNTY,3610300000,Suffolk
36,SULLIVAN COUNTY,3610500000,Sullivan
36,TIOGA COUNTY,3610700000,Tioga
36,TOMPKINS COUNTY,3610900000,Tompkins
36,ULSTER COUNTY,3611100000,Ulster
36,WARREN COUNTY,3611300000,Warren
36,WASHINGTON COUNTY,3611500000,Washington
36,WAYNE COUNTY,3611700000,Wayne
36,WESTCHESTER COUNTY,3611900000,Westchester
36,WYOMING COUNTY,3612100000,Wyoming
36,YATES COUNTY,3612300000,Yates
37,ALAMANCE COUNTY,3700100000,Alamance
37,ALEXANDER COUNTY,3700300000,Alexander
37,ALLEGHANY COUNTY,3700500000,Alleghany
37,ANSON COUNTY,3700700000,Anson
37,ASHE COUNTY,3700900000,Ashe
37,AVERY COUNTY,3701100000,Avery
37,BEAUFORT COUNTY,3701300000,Beaufort
37,BERTIE COUNTY,3701500000,Bertie
37,BLADEN COUNTY,3701700000,Bladen
37,BRUNSWICK COUNTY,3701900000,Brunswick
37,BUNCOMBE COUNTY,3702100000,Buncombe
37,BURKE COUNTY,3702300000,Burke
37,CABARRUS COUNTY,3702500000,Cabarrus
37,CALDWELL COUNTY,3702700000,Caldwell
37,CAMDEN COUNTY,3702900000,Camden
37,CARTERET COUNTY,3703100000,Carteret
37,CASWELL COUNTY,3703300000,Caswell
37,CATAWBA COUNTY,3703500000,Catawba
37,CHATHAM COUNTY,3703700000,Chatham
37,CHEROKEE COUNTY,3703900000,Cherokee
37,CHOWAN COUNTY,3704100000,Chowan
37,CLAY COUNTY,3704300000,Clay
37,CLEVELAND COUNTY,3704500000,Cleveland
37,COLUMBUS COUNTY,3704700000,Columbus
37,CRAVEN COUNTY,3704900000,Craven
37,CUMBERLAND COUNTY,3705100000,Cumberland
37,CURRITUCK COUNTY,3705300000,Currituck
37,DARE COUNTY,3705500000,Dare
37,DAVIDSON COUNTY,3705700000,Davidson
37,DAVIE COUNTY,3705900000,Davie
37,DUPLIN COUNTY,3706100000,Duplin
37,DURHAM COUNTY,3706300000,Durham
37,EDGECOMBE COUNTY,3706500000,Edgecombe
37,FORSYTH COUNTY,3706700000,Forsyth
37,FRANKLIN COUNTY,3706900000,Franklin
37,GASTON COUNTY,3707100000,Gaston
37,GATES COUNTY,3707300000,Gates
37,GRAHAM COUNTY,3707500000,Graham
37,GRANVILLE COUNTY,3707700000,Granville
37,GREENE COUNTY,3707900000,Greene
37,GUILFORD COUNTY,3708100000,Guilford
37,HALIFAX COUNTY,3708300000,Halifax
37,HARNETT COUNTY,3708500000,Harnett
37,HAYWOOD COUNTY,3708700000,Haywood
37,HENDERSON COUNTY,3708900000,Henderson
37,HERTFORD COUNTY,3709100000,Hertford
37,HOKE COUNTY,3709300000,Hoke
37,HYDE COUNTY,3709500000,Hyde
37,IREDELL COUNTY,3709700000,Iredell
37,JACKSON COUNTY,3709900000,Jackson
37,JOHNSTON COUNTY,3710100000,Johnston
37,JONES COUNTY,3710300000,Jones
37,LEE COUNTY,3710500000,Lee
37,LENOIR COUNTY,3710700000,Lenoir
37,LINCOLN COUNTY,3710900000,Lincoln
37,MCDOWELL COUNTY,3711100000,Mcdowell
37,MACON COUNTY,3711300000,Macon
37,MADISON COUNTY,3711500000,Madison
37,MARTIN COUNTY,3711700000,Martin
37,MECKLENBURG COUNTY,3711900000,Mecklenburg
37,MITCHELL COUNTY,3712100000,Mitchell
37,MONTGOMERY COUNTY,3712300000,Montgomery
37,MOORE COUNTY,3712500000,Moore
37,NASH COUNTY,3712700000,Nash
37,NEW HANOVER COUNTY,3712900000,New Hanover
37,NORTHAMPTON COUNTY,3713100000,Northampton
37,ONSLOW COUNTY,3713300000,Onslow
37,ORANGE COUNTY,3713500000,Orange
37,PAMLICO COUNTY,3713700000,Pamlico
37,PASQUOTANK COUNTY,3713900000,Pasquotank
37,PENDER COUNTY,3714100000,Pender
37,PERQUIMANS COUNTY,3714300000,Perquimans
37,PERSON COUNTY,3714500000,Person
37,PITT COUNTY,3714700000,Pitt
37,POLK COUNTY,3714900000,Polk
37,RANDOLPH COUNTY,3715100000,Randolph
37,RICHMOND COUNTY,3715300000,Richmond
37,ROBESON COUNTY,3715500000,Robeson
37,ROCKINGHAM COUNTY,3715700000,Rockingham
37,ROWAN COUNTY,3715900000,Rowan
37,RUTHERFORD COUNTY,3716100000,Rutherford
37,SAMPSON COUNTY,3716300000,Sampson
37,SCOTLAND COUNTY,3716500000,Scotland
37,STANLY COUNTY,3716700000,Stanly
37,STOKES COUNTY,3716900000,Stokes
37,SURRY COUNTY,3717100000,Surry
37,SWAIN COUNTY,3717300000,Swain
37,TRANSYLVANIA COUNTY,3717500000,Transylvania
37,TYRRELL COUNTY,3717700000,Tyrrell
37,UNION COUNTY,3717900000,Union
37,VANCE COUNTY,3718100000,Vance
37,WAKE COUNTY,3718300000,Wake
37,WARREN COUNTY,3718500000,Warren
37,WASHINGTON COUNTY,3718700000,Washington
37,WATAUGA COUNTY,3718900000,Watauga
37,WAYNE COUNTY,3719100000,Wayne
37,WILKES COUNTY,3719300000,Wilkes
37,WILSON COUNTY,3719500000,Wilson
37,YADKIN COUNTY,3719700000,Yadkin
37,YANCEY COUNTY,3719900000,Yancey
38,ADAMS COUNTY,3800100000,Adams
38,BARNES COUNTY,3800300000,Barnes
38,BENSON COUNTY,3800500000,Benson
38,BILLINGS COUNTY,3800700000,Billings
38,BOTTINEAU COUNTY,3800900000,Bottineau
38,BOWMAN COUNTY,3801100000,Bowman
38,BURKE COUNTY,3801300000,Burke
38,BURLEIGH COUNTY,3801500000,Burleigh
38,CASS COUNTY,3801700000,Cass
38,CAVALIER COUNTY,3801900000,Cavalier
38,DICKEY COUNTY,3802100000,Dickey
38,DIVIDE COUNTY,3802300000,Divide
38,DUNN COUNTY,3802500000,Dunn
38,EDDY COUNTY,3802700000,Eddy
38,EMMONS COUNTY,3802900000,Emmons
38,FOSTER COUNTY,3803100000,Foster
38,GOLDEN VALLEY COUNTY,3803300000,Golden Valley
38,GRAND FORKS COUNTY,3803500000,Grand Forks
38,GRANT COUNTY,3803700000,Grant
38,GRIGGS COUNTY,3803900000,Griggs
38,HETTINGER COUNTY,3804100000,Hettinger
38,KIDDER COUNTY,3804300000,Kidder
38,LAMOURE COUNTY,3804500000,Lamoure
38,LOGAN COUNTY,3804700000,Logan
38,MCHENRY COUNTY,3804900000,Mchenry
38,MCINTOSH COUNTY,3805100000,Mcintosh
38,MCKENZIE COUNTY,3805300000,Mckenzie
38,MCLEAN COUNTY,3805500000,Mclean
38,MERCER COUNTY,3805700000,Mercer
38,MORTON COUNTY,3805900000,Morton
38,MOUNTRAIL COUNTY,3806100000,Mountrail
38,NELSON COUNTY,3806300000,Nelson
38,OLIVER COUNTY,3806500000,Oliver
38,PEMBINA COUNTY,3806700000,Pembina
38,PIERCE COUNTY,3806900000,Pierce
38,RAMSEY COUNTY,3807100000,Ramsey
38,RANSOM COUNTY,3807300000,Ransom
38,RENVILLE COUNTY,3807500000,Renville
38,RICHLAND COUNTY,3807700000,Richland
38,ROLETTE COUNTY,3807900000,Rolette
38,SARGENT COUNTY,3808100000,Sargent
38,SHERIDAN COUNTY,3808300000,Sheridan
38,SIOUX COUNTY,3808500000,Sioux
38,SLOPE COUNTY,3808700000,Slope
38,STARK COUNTY,3808900000,Stark
38,STEELE COUNTY,3809100000,Steele
38,STUTSMAN COUNTY,3809300000,Stutsman
38,TOWNER COUNTY,3809500000,Towner
38,TRAILL COUNTY,3809700000,Traill
38,WALSH COUNTY,3809900000,Walsh
38,WARD COUNTY,3810100000,Ward
38,WELLS COUNTY,3810300000,Wells
38,WILLIAMS COUNTY,3810500000,Williams
39,ADAMS COUNTY,3900100000,Adams
39,ALLEN COUNTY,3900300000,Allen
39,ASHLAND COUNTY,3900500000,Ashland
39,ASHTABULA COUNTY,3900700000,Ashtabula
39,ATHENS COUNTY,3900900000,Athens
39,AUGLAIZE COUNTY,3901100000,Auglaize
39,BELMONT COUNTY,3901300000,Belmont
39,BROWN COUNTY,3901500000,Brown
39,BUTLER COUNTY,3901700000,Butler
39,CARROLL COUNTY,3901900000,Carroll
39,CHAMPAIGN COUNTY,3902100000,Champaign
39,CLARK COUNTY,3902300000,Clark
39,CLERMONT COUNTY,3902500000,Clermont
39,CLINTON COUNTY,3902700000,Clinton
39,COLUMBIANA COUNTY,3902900000,Columbiana
39,COSHOCTON COUNTY,3903100000,Coshocton
39,CRAWFORD COUNTY,3903300000,Crawford
39,CUYAHOGA COUNTY,3903500000,Cuyahoga
39,DARKE COUNTY,3903700000,Darke
39,DEFIANCE COUNTY,3903900000,Defiance
39,DELAWARE COUNTY,3904100000,Delaware
39,ERIE COUNTY,3904300000,Erie
39,FAIRFIELD COUNTY,3904500000,Fairfield
39,FAYETTE COUNTY,3904700000,Fayette
39,FRANKLIN COUNTY,3904900000,Franklin
39,FULTON COUNTY,3905100000,Fulton
39,GALLIA COUNTY,3905300000,Gallia
39,GEAUGA COUNTY,3905500000,Geauga
39,GREENE COUNTY,3905700000,Greene
39,GUERNSEY COUNTY,3905900000,Guernsey
39,HAMILTON COUNTY,3906100000,Hamilton
39,HANCOCK COUNTY,3906300000,Hancock
39,HARDIN COUNTY,3906500000,Hardin
39,HARRISON COUNTY,3906700000,Harrison
39,HENRY COUNTY,3906900000,Henry
39,HIGHLAND COUNTY,3907100000,Highland
39,HOCKING COUNTY,3907300000,Hocking
39,HOLMES COUNTY,3907500000,Holmes
39,HURON COUNTY,3907700000,Huron
39,JACKSON COUNTY,3907900000,Jackson
39,JEFFERSON COUNTY,3908100000,Jefferson
39,KNOX COUNTY,3908300000,Knox
39,LAKE COUNTY,3908500000,Lake
39,LAWRENCE COUNTY,3908700000,Lawrence
39,LICKING COUNTY,3908900000,Licking
39,LOGAN COUNTY,3909100000,Logan
39,LORAIN COUNTY,3909300000,Lorain
39,LUCAS COUNTY,3909500000,Lucas
39,MADISON COUNTY,3909700000,Madison
39,MAHONING COUNTY,3909900000,Mahoning
39,MARION COUNTY,3910100000,Marion
39,MEDINA COUNTY,3910300000,Medina
39,MEIGS COUNTY,3910500000,Meigs
39,MERCER COUNTY,3910700000,Mercer
39,MIAMI COUNTY,3910900000,Miami
39,MONROE COUNTY,3911100000,Monroe
39,MONTGOMERY COUNTY,3911300000,Montgomery
39,MORGAN COUNTY,3911500000,Morgan
39,MORROW COUNTY,3911700000,Morrow
39,MUSKINGUM COUNTY,3911900000,Muskingum
39,NOBLE COUNTY,3912100000,Noble
39,OTTAWA COUNTY,3912300000,Ottawa
39,PAULDING COUNTY,3912500000,Paulding
39,PERRY COUNTY,3912700000,Perry
39,PICKAWAY COUNTY,3912900000,Pickaway
39,PIKE COUNTY,3913100000,Pike
39,PORTAGE COUNTY,3913300000,Portage
39,PREBLE COUNTY,3913500000,Preble
39,PUTNAM COUNTY,3913700000,Putnam
39,RICHLAND COUNTY,3913900000,Richland
39,ROSS COUNTY,3914100000,Ross
39,SANDUSKY COUNTY,3914300000,Sandusky
39,SCIOTO COUNTY,3914500000,Scioto
39,SENECA COUNTY,3914700000,Seneca
39,SHELBY COUNTY,3914900000,Shelby
39,STARK COUNTY,3915100000,Stark
39,SUMMIT COUNTY,3915300000,Summit
39,TRUMBULL COUNTY,3915500000,Trumbull
39,TUSCARAWAS COUNTY,3915700000,Tuscarawas
39,UNION COUNTY,3915900000,Union
39,VAN WERT COUNTY,3916100000,Van Wert
39,VINTON COUNTY,3916300000,Vinton
39,WARREN COUNTY,3916500000,Warren
39,WASHINGTON COUNTY,3916700000,Washington
39,WAYNE COUNTY,3916900000,Wayne
39,WILLIAMS COUNTY,3917100000,Williams
39,WOOD COUNTY,3917300000,Wood
39,WYANDOT COUNTY,3917500000,Wyandot
40,ADAIR COUNTY,4000100000,Adair
40,ALFALFA COUNTY,4000300000,Alfalfa
40,ATOKA COUNTY,4000500000,Atoka
40,BEAVER COUNTY,4000700000,Beaver
40,BECKHAM COUNTY,4000900000,Beckham
40,BLAINE COUNTY,4001100000,Blaine
40,BRYAN COUNTY,4001300000,Bryan
40,CADDO COUNTY,4001500000,Caddo
40,CANADIAN COUNTY,4001700000,Canadian
40,CARTER COUNTY,4001900000,Carter
40,CHEROKEE COUNTY,4002100000,Cherokee
40,CHOCTAW COUNTY,4002300000,Choctaw
40,CIMARRON COUNTY,4002500000,Cimarron
40,CLEVELAND COUNTY,4002700000,Cleveland
40,COAL COUNTY,4002900000,Coal
40,COMANCHE COUNTY,4003100000,Comanche
40,COTTON COUNTY,4003300000,Cotton
40,CRAIG COUNTY,4003500000,Craig
40,CREEK COUNTY,4003700000,Creek
40,CUSTER COUNTY,4003900000,Custer
40,DELAWARE COUNTY,4004100000,Delaware
40,DEWEY COUNTY,4004300000,Dewey
40,ELLIS COUNTY,4004500000,Ellis
40,GARFIELD COUNTY,4004700000,Garfield
40,GARVIN COUNTY,4004900000,Garvin
40,GRADY COUNTY,4005100000,Grady
40,GRANT COUNTY,4005300000,Grant
40,GREER COUNTY,4005500000,Greer
40,HARMON COUNTY,4005700000,Harmon
40,HARPER COUNTY,4005900000,Harper
40,HASKELL COUNTY,4006100000,Haskell
40,HUGHES COUNTY,4006300000,Hughes
40,JACKSON COUNTY,4006500000,Jackson
40,JEFFERSON COUNTY,4006700000,Jefferson
40,JOHNSTON COUNTY,4006900000,Johnston
40,KAY COUNTY,4007100000,Kay
40,KINGFISHER COUNTY,4007300000,Kingfisher
40,KIOWA COUNTY,4007500000,Kiowa
40,LATIMER COUNTY,4007700000,Latimer
40,LE FLORE COUNTY,4007900000,Le Flore
40,LINCOLN COUNTY,4008100000,Lincoln
40,LOGAN COUNTY,4008300000,Logan
40,LOVE COUNTY,4008500000,Love
40,MCCLAIN COUNTY,4008700000,Mcclain
40,MCCURTAIN COUNTY,4008900000,Mccurtain
40,MCINTOSH COUNTY,4009100000,Mcintosh
40,MAJOR COUNTY,4009300000,Major
40,MARSHALL COUNTY,4009500000,Marshall
40,MAYES COUNTY,4009700000,Mayes
40,MURRAY COUNTY,4009900000,Murray
40,MUSKOGEE COUNTY,4010100000,Muskogee
40,NOBLE COUNTY,4010300000,Noble
40,NOWATA COUNTY,4010500000,Nowata
40,OKFUSKEE COUNTY,4010700000,Okfuskee
40,OKLAHOMA COUNTY,4010900000,Oklahoma
40,OKMULGEE COUNTY,4011100000,Okmulgee
40,OSAGE COUNTY,4011300000,Osage
40,OTTAWA COUNTY,4011500000,Ottawa
40,PAWNEE COUNTY,4011700000,Pawnee
40,PAYNE COUNTY,4011900000,Payne
40,PITTSBURG COUNTY,4012100000,Pittsburg
40,PONTOTOC COUNTY,4012300000,Pontotoc
40,POTTAWATOMIE COUNTY,4012500000,Pottawatomie
40,PUSHMATAHA COUNTY,4012700000,Pushmataha
40,ROGER MILLS COUNTY,4012900000,Roger Mills
40,ROGERS COUNTY,4013100000,Rogers
40,SEMINOLE COUNTY,4013300000,Seminole
40,SEQUOYAH COUNTY,4013500000,Sequoyah
40,STEPHENS COUNTY,4013700000,Stephens
40,TEXAS COUNTY,4013900000,Texas
40,TILLMAN COUNTY,4014100000,Tillman
40,TULSA COUNTY,4014300000,Tulsa
40,WAGONER COUNTY,4014500000,Wagoner
40,WASHINGTON COUNTY,4014700000,Washington
40,WASHITA COUNTY,4014900000,Washita
40,WOODS COUNTY,4015100000,Woods
40,WOODWARD COUNTY,4015300000,Woodward
41,BAKER COUNTY,4100100000,Baker
41,BENTON COUNTY,4100300000,Benton
41,CLACKAMAS COUNTY,4100500000,Clackamas
41,CLATSOP COUNTY,4100700000,Clatsop
41,COLUMBIA COUNTY,4100900000,Columbia
41,COOS COUNTY,4101100000,Coos
41,CROOK COUNTY,4101300000,Crook
41,CURRY COUNTY,4101500000,Curry
41,DESCHUTES COUNTY,4101700000,Deschutes
41,DOUGLAS COUNTY,4101900000,Douglas
41,GILLIAM COUNTY,4102100000,Gilliam
41,GRANT COUNTY,4102300000,Grant
41,HARNEY COUNTY,4102500000,Harney
41,HOOD RIVER COUNTY,4102700000,Hood River
41,JACKSON COUNTY,4102900000,Jackson
41,JEFFERSON COUNTY,4103100000,Jefferson
41,JOSEPHINE COUNTY,4103300000,Josephine
41,KLAMATH COUNTY,4103500000,Klamath
41,LAKE COUNTY,4103700000,Lake
41,LANE COUNTY,4103900000,Lane
41,LINCOLN COUNTY,4104100000,Lincoln
41,LINN COUNTY,4104300000,Linn
41,MALHEUR COUNTY,4104500000,Malheur
41,MARION COUNTY,4104700000,Marion
41,MORROW COUNTY,4104900000,Morrow
41,MULTNOMAH COUNTY,4105100000,Multnomah
41,POLK COUNTY,4105300000,Polk
41,SHERMAN COUNTY,4105500000,Sherman
41,TILLAMOOK COUNTY,4105700000,Tillamook
41,UMATILLA COUNTY,4105900000,Umatilla
41,UNION COUNTY,4106100000,Union
41,WALLOWA COUNTY,4106300000,Wallowa
41,WASCO COUNTY,4106500000,Wasco
41,WASHINGTON COUNTY,4106700000,Washington
41,WHEELER COUNTY,4106900000,Wheeler
41,YAMHILL COUNTY,4107100000,Yamhill
42,ADAMS COUNTY,4200100000,Adams
42,ALLEGHENY COUNTY,4200300000,Allegheny
42,ARMSTRONG COUNTY,4200500000,Armstrong
42,BEAVER COUNTY,4200700000,Beaver
42,BEDFORD COUNTY,4200900000,Bedford
42,BERKS COUNTY,4201100000,Berks
42,BLAIR COUNTY,4201300000,Blair
42,BRADFORD COUNTY,4201500000,Bradford
42,BUCKS COUNTY,4201700000,Bucks
42,BUTLER COUNTY,4201900000,Butler
42,CAMBRIA COUNTY,4202100000,Cambria
42,CAMERON COUNTY,4202300000,Cameron
42,CARBON COUNTY,4202500000,Carbon
42,CENTRE COUNTY,4202700000,Centre
42,CHESTER COUNTY,4202900000,Chester
42,CLARION COUNTY,4203100000,Clarion
42,CLEARFIELD COUNTY,4203300000,Clearfield
42,CLINTON COUNTY,4203500000,Clinton
42,COLUMBIA COUNTY,4203700000,Columbia
42,CRAWFORD COUNTY,4203900000,Crawford
42,CUMBERLAND COUNTY,4204100000,Cumberland
42,DAUPHIN COUNTY,4204300000,Dauphin
42,DELAWARE COUNTY,4204500000,Delaware
42,ELK COUNTY,4204700000,Elk
42,ERIE COUNTY,4204900000,Erie
42,FAYETTE COUNTY,4205100000,Fayette
42,FOREST COUNTY,4205300000,Forest
42,FRANKLIN COUNTY,4205500000,Franklin
42,FULTON COUNTY,4205700000,Fulton
42,GREENE COUNTY,4205900000,Greene
42,HUNTINGDON COUNTY,4206100000,Huntingdon
42,INDIANA COUNTY,4206300000,Indiana
42,JEFFERSON COUNTY,4206500000,Jefferson
42,JUNIATA COUNTY,4206700000,Juniata
42,LACKAWANNA COUNTY,4206900000,Lackawanna
42,LANCASTER COUNTY,4207100000,Lancaster
42,LAWRENCE COUNTY,4207300000,Lawrence
42,LEBANON COUNTY,4207500000,Lebanon
42,LEHIGH COUNTY,4207700000,Lehigh
42,LUZERNE COUNTY,4207900000,Luzerne
42,LYCOMING COUNTY,4208100000,Lycoming
42,MCKEAN COUNTY,4208300000,Mckean
42,MERCER COUNTY,4208500000,Mercer
42,MIFFLIN COUNTY,4208700000,Mifflin
42,MONROE COUNTY,4208900000,Monroe
42,MONTGOMERY COUNTY,4209100000,Montgomery
42,MONTOUR COUNTY,4209300000,Montour
42,NORTHAMPTON COUNTY,4209500000,Northampton
42,NORTHUMBERLAND COUNTY,4209700000,Northumberland
42,PERRY COUNTY,4209900000,Perry
42,PHILADELPHIA COUNTY,4210100000,Philadelphia
42,PIKE COUNTY,4210300000,Pike
42,POTTER COUNTY,4210500000,Potter
42,SCHUYLKILL COUNTY,4210700000,Schuylkill
42,SNYDER COUNTY,4210900000,Snyder
42,SOMERSET COUNTY,4211100000,Somerset
42,SULLIVAN COUNTY,4211300000,Sullivan
42,SUSQUEHANNA COUNTY,4211500000,Susquehanna
42,TIOGA COUNTY,4211700000,Tioga
42,UNION COUNTY,4211900000,Union
42,VENANGO COUNTY,4212100000,Venango
42,WARREN COUNTY,4212300000,Warren
42,WASHINGTON COUNTY,4212500000,Washington
42,WAYNE COUNTY,4212700000,Wayne
42,WESTMORELAND COUNTY,4212900000,Westmoreland
42,WYOMING COUNTY,4213100000,Wyoming
42,YORK COUNTY,4213300000,York
44,BARRINGTON TOWN,4400105140,Barrington Town
44,BRISTOL TOWN,4400109280,Bristol Town
44,WARREN TOWN,4400173760,Warren Town
44,COVENTRY TOWN,4400318640,Coventry Town
44,EAST GREENWICH TOWN,4400322240,East Greenwich Town
44,WARWICK CITY,4400374300,Warwick City
44,WEST GREENWICH TOWN,4400377720,West Greenwich Town
44,WEST WARWICK TOWN,4400378440,West Warwick Town
44,JAMESTOWN TOWN,4400536820,Jamestown Town
44,LITTLE COMPTON TOWN,4400542400,Little Compton Town
44,MIDDLETOWN TOWN,4400545460,Middletown Town
44,NEWPORT CITY,4400549960,Newport City
44,PORTSMOUTH TOWN,4400557880,Portsmouth Town
44,TIVERTON TOWN,4400570880,Tiverton Town
44,BURRILLVILLE TOWN,4400711800,Burrillville Town
44,CENTRAL FALLS CITY,4400714140,Central Falls City
44,CRANSTON CITY,4400719180,Cranston City
44,CUMBERLAND TOWN,4400720080,Cumberland Town
44,EAST PROVIDENCE CITY,4400722960,East Providence City
44,FOSTER TOWN,4400727460,Foster Town
44,GLOCESTER TOWN,4400730340,Glocester Town
44,JOHNSTON TOWN,4400737720,Johnston Town
44,LINCOLN TOWN,4400741500,Lincoln Town
44,NORTH PROVIDENCE TOWN,4400751760,North Providence Town
44,NORTH SMITHFIELD TOWN,4400752480,North Smithfield Town
44,PAWTUCKET CITY,4400754640,Pawtucket City
44,PROVIDENCE CITY,4400759000,Providence City
44,SCITUATE TOWN,4400764220,Scituate Town
44,SMITHFIELD TOWN,4400766200,Smithfield Town
44,WOONSOCKET CITY,4400780780,Woonsocket City
44,CHARLESTOWN TOWN,4400914500,Charlestown Town
44,EXETER TOWN,4400925300,Exeter Town
44,HOPKINTON TOWN,4400935380,Hopkinton Town
44,NARRAGANSETT TOWN,4400948340,Narragansett Town
44,NEW SHOREHAM TOWN,4400950500,New Shoreham Town
44,NORTH KINGSTOWN TOWN,4400951580,North Kingstown Town
44,RICHMOND TOWN,4400961160,Richmond Town
44,SOUTH KINGSTOWN TOWN,4400967460,South Kingstown Town
44,WESTERLY TOWN,4400977000,Westerly Town
45,ABBEVILLE COUNTY,4500100000,Abbeville
45,AIKEN COUNTY,4500300000,Aiken
45,ALLENDALE COUNTY,4500500000,Allendale
45,ANDERSON COUNTY,4500700000,Anderson
45,BAMBERG COUNTY,4500900000,Bamberg
45,BARNWELL COUNTY,4501100000,Barnwell
45,BEAUFORT COUNTY,4501300000,Beaufort
45,BERKELEY COUNTY,4501500000,Berkeley
45,CALHOUN COUNTY,4501700000,Calhoun
45,CHARLESTON COUNTY,4501900000,Charleston
45,CHEROKEE COUNTY,4502100000,Cherokee
45,CHESTER COUNTY,4502300000,Chester
45,CHESTERFIELD COUNTY,4502500000,Chesterfield
45,CLARENDON COUNTY,4502700000,Clarendon
45,COLLETON COUNTY,4502900000,Colleton
45,DARLINGTON COUNTY,4503100000,Darlington
45,DILLON COUNTY,4503300000,Dillon
45,DORCHESTER COUNTY,4503500000,Dorchester
45,EDGEFIELD COUNTY,4503700000,Edgefield
45,FAIRFIELD COUNTY,4503900000,Fairfield
45,FLORENCE COUNTY,4504100000,Florence
45,GEORGETOWN COUNTY,4504300000,Georgetown
45,GREENVILLE COUNTY,4504500000,Greenville
45,GREENWOOD COUNTY,4504700000,Greenwood
45,HAMPTON COUNTY,4504900000,Hampton
45,HORRY COUNTY,4505100000,Horry
45,JASPER COUNTY,4505300000,Jasper
45,KERSHAW COUNTY,4505500000,Kershaw
45,LANCASTER COUNTY,4505700000,Lancaster
45,LAURENS COUNTY,4505900000,Laurens
45,LEE COUNTY,4506100000,Lee
45,LEXINGTON COUNTY,4506300000,Lexington
45,MCCORMICK COUNTY,4506500000,Mccormick
45,MARION COUNTY,4506700000,Marion
45,MARLBORO COUNTY,4506900000,Marlboro
45,NEWBERRY COUNTY,4507100000,Newberry
45,OCONEE COUNTY,4507300000,Oconee
45,ORANGEBURG COUNTY,4507500000,Orangeburg
45,PICKENS COUNTY,4507700000,Pickens
45,RICHLAND COUNTY,4507900000,Richland
45,SALUDA COUNTY,4508100000,Saluda
45,SPARTANBURG COUNTY,4508300000,Spartanburg
45,SUMTER COUNTY,4508500000,Sumter
45,UNION COUNTY,4508700000,Union
45,WILLIAMSBURG COUNTY,4508900000,Williamsburg
45,YORK COUNTY,4509100000,York
46,AURORA COUNTY,4600300000,Aurora
46,BEADLE COUNTY,4600500000,Beadle
46,BENNETT COUNTY,4600700000,Bennett
46,BON HOMME COUNTY,4600900000,Bon Homme
46,BROOKINGS COUNTY,4601100000,Brookings
46,BROWN COUNTY,4601300000,Brown
46,BRULE COUNTY,4601500000,Brule
46,BUFFALO COUNTY,4601700000,Buffalo
46,BUTTE COUNTY,4601900000,Butte
46,CAMPBELL COUNTY,4602100000,Campbell
46,CHARLES MIX COUNTY,4602300000,Charles Mix
46,CLARK COUNTY,4602500000,Clark
46,CLAY COUNTY,4602700000,Clay
46,CODINGTON COUNTY,4602900000,Codington
46,CORSON COUNTY,4603100000,Corson
46,CUSTER COUNTY,4603300000,Custer
46,DAVISON COUNTY,4603500000,Davison
46,DAY COUNTY,4603700000,Day
46,DEUEL COUNTY,4603900000,Deuel
46,DEWEY COUNTY,4604100000,Dewey
46,DOUGLAS COUNTY,4604300000,Douglas
46,EDMUNDS COUNTY,4604500000,Edmunds
46,FALL RIVER COUNTY,4604700000,Fall River
46,FAULK COUNTY,4604900000,Faulk
46,GRANT COUNTY,4605100000,Grant
46,GREGORY COUNTY,4605300000,Gregory
46,HAAKON COUNTY,4605500000,Haakon
46,HAMLIN COUNTY,4605700000,Hamlin
46,HAND COUNTY,4605900000,Hand
46,HANSON COUNTY,4606100000,Hanson
46,HARDING COUNTY,4606300000,Harding
46,HUGHES COUNTY,4606500000,Hughes
46,HUTCHINSON COUNTY,4606700000,Hutchinson
46,HYDE COUNTY,4606900000,Hyde
46,JACKSON COUNTY,4607100000,Jackson
46,JERAULD COUNTY,4607300000,Jerauld
46,JONES COUNTY,4607500000,Jones
46,KINGSBURY COUNTY,4607700000,Kingsbury
46,LAKE COUNTY,4607900000,Lake
46,LAWRENCE COUNTY,4608100000,Lawrence
46,LINCOLN COUNTY,4608300000,Lincoln
46,LYMAN COUNTY,4608500000,Lyman
46,MCCOOK COUNTY,4608700000,Mccook
46,MCPHERSON COUNTY,4608900000,Mcpherson
46,MARSHALL COUNTY,4609100000,Marshall
46,MEADE COUNTY,4609300000,Meade
46,MELLETTE COUNTY,4609500000,Mellette
46,MINER COUNTY,4609700000,Miner
46,MINNEHAHA COUNTY,4609900000,Minnehaha
46,MOODY COUNTY,4610100000,Moody
46,OGLALA LAKOTA COUNTY,4610200000,Oglala Lakota
46,PENNINGTON COUNTY,4610300000,Pennington
46,PERKINS COUNTY,4610500000,Perkins
46,POTTER COUNTY,4610700000,Potter
46,ROBERTS COUNTY,4610900000,Roberts
46,SANBORN COUNTY,4611100000,Sanborn
46,SPINK COUNTY,4611500000,Spink
46,STANLEY COUNTY,4611700000,Stanley
46,SULLY COUNTY,4611900000,Sully
46,TODD COUNTY,4612100000,Todd
46,TRIPP COUNTY,4612300000,Tripp
46,TURNER COUNTY,4612500000,Turner
46,UNION COUNTY,4612700000,Union
46,WALWORTH COUNTY,4612900000,Walworth
46,YANKTON COUNTY,4613500000,Yankton
46,ZIEBACH COUNTY,4613700000,Ziebach
47,ANDERSON COUNTY,4700100000,Anderson
47,BEDFORD COUNTY,4700300000,Bedford
47,BENTON COUNTY,4700500000,Benton
47,BLEDSOE COUNTY,4700700000,Bledsoe
47,BLOUNT COUNTY,4700900000,Blount
47,BRADLEY COUNTY,4701100000,Bradley
47,CAMPBELL COUNTY,4701300000,Campbell
47,CANNON COUNTY,4701500000,Cannon
47,CARROLL COUNTY,4701700000,Carroll
47,CARTER COUNTY,4701900000,Carter
47,CHEATHAM COUNTY,4702100000,Cheatham
47,CHESTER COUNTY,4702300000,Chester
47,CLAIBORNE COUNTY,4702500000,Claiborne
47,CLAY COUNTY,4702700000,Clay
47,COCKE COUNTY,4702900000,Cocke
47,COFFEE COUNTY,4703100000,Coffee
47,CROCKETT COUNTY,4703300000,Crockett
47,CUMBERLAND COUNTY,4703500000,Cumberland
47,DAVIDSON COUNTY,4703700000,Davidson
47,DECATUR COUNTY,4703900000,Decatur
47,DEKALB COUNTY,4704100000,Dekalb
47,DICKSON COUNTY,4704300000,Dickson
47,DYER COUNTY,4704500000,Dyer
47,FAYETTE COUNTY,4704700000,Fayette
47,FENTRESS COUNTY,4704900000,Fentress
47,FRANKLIN COUNTY,4705100000,Franklin
47,GIBSON COUNTY,4705300000,Gibson
47,GILES COUNTY,4705500000,Giles
47,GRAINGER COUNTY,4705700000,Grainger
47,GREENE COUNTY,4705900000,Greene
47,GRUNDY COUNTY,4706100000,Grundy
47,HAMBLEN COUNTY,4706300000,Hamblen
47,HAMILTON COUNTY,4706500000,Hamilton
47,HANCOCK COUNTY,4706700000,Hancock
47,HARDEMAN COUNTY,4706900000,Hardeman
47,HARDIN COUNTY,4707100000,Hardin
47,HAWKINS COUNTY,4707300000,Hawkins
47,HAYWOOD COUNTY,4707500000,Haywood
47,HENDERSON COUNTY,4707700000,Henderson
47,HENRY COUNTY,4707900000,Henry
47,HICKMAN COUNTY,4708100000,Hickman
47,HOUSTON COUNTY,4708300000,Houston
47,HUMPHREYS COUNTY,4708500000,Humphreys
47,JACKSON COUNTY,4708700000,Jackson
47,JEFFERSON COUNTY,4708900000,Jefferson
47,JOHNSON COUNTY,4709100000,Johnson
47,KNOX COUNTY,4709300000,Knox
47,LAKE COUNTY,4709500000,Lake
47,LAUDERDALE COUNTY,4709700000,Lauderdale
47,LAWRENCE COUNTY,4709900000,Lawrence
47,LEWIS COUNTY,4710100000,Lewis
47,LINCOLN COUNTY,4710300000,Lincoln
47,LOUDON COUNTY,4710500000,Loudon
47,MCMINN COUNTY,4710700000,Mcminn
47,MCNAIRY COUNTY,4710900000,Mcnairy
47,MACON COUNTY,4711100000,Macon
47,MADISON COUNTY,4711300000,Madison
47,MARION COUNTY,4711500000,Marion
47,MARSHALL COUNTY,4711700000,Marshall
47,MAURY COUNTY,4711900000,Maury
47,MEIGS COUNTY,4712100000,Meigs
47,MONROE COUNTY,4712300000,Monroe
47,MONTGOMERY COUNTY,4712500000,Montgomery
47,MOORE COUNTY,4712700000,Moore
47,MORGAN COUNTY,4712900000,Morgan
47,OBION COUNTY,4713100000,Obion
47,OVERTON COUNTY,4713300000,Overton
47,PERRY COUNTY,4713500000,Perry
47,PICKETT COUNTY,4713700000,Pickett
47,POLK COUNTY,4713900000,Polk
47,PUTNAM COUNTY,4714100000,Putnam
47,RHEA COUNTY,4714300000,Rhea
47,ROANE COUNTY,4714500000,Roane
47,ROBERTSON COUNTY,4714700000,Robertson
47,RUTHERFORD COUNTY,4714900000,Rutherford
47,SCOTT COUNTY,4715100000,Scott
47,SEQUATCHIE COUNTY,4715300000,Sequatchie
47,SEVIER COUNTY,4715500000,Sevier
47,SHELBY COUNTY,4715700000,Shelby
47,SMITH COUNTY,4715900000,Smith
47,STEWART COUNTY,4716100000,Stewart
47,SULLIVAN COUNTY,4716300000,Sullivan
47,SUMNER COUNTY,4716500000,Sumner
47,TIPTON COUNTY,4716700000,Tipton
47,TROUSDALE COUNTY,4716900000,Trousdale
47,UNICOI COUNTY,4717100000,Unicoi
47,UNION COUNTY,4717300000,Union
47,VAN BUREN COUNTY,4717500000,Van Buren
47,WARREN COUNTY,4717700000,Warren
47,WASHINGTON COUNTY,4717900000,Washington
47,WAYNE COUNTY,4718100000,Wayne
47,WEAKLEY COUNTY,4718300000,Weakley
47,WHITE COUNTY,4718500000,White
47,WILLIAMSON COUNTY,4718700000,Williamson
47,WILSON COUNTY,4718900000,Wilson
48,ANDERSON COUNTY,4800100000,Anderson
48,ANDREWS COUNTY,4800300000,Andrews
48,ANGELINA COUNTY,4800500000,Angelina
48,ARANSAS COUNTY,4800700000,Aransas
48,ARCHER COUNTY,4800900000,Archer
48,ARMSTRONG COUNTY,4801100000,Armstrong
48,ATASCOSA COUNTY,4801300000,Atascosa
48,AUSTIN COUNTY,4801500000,Austin
48,BAILEY COUNTY,4801700000,Bailey
48,BANDERA COUNTY,4801900000,Bandera
48,BASTROP COUNTY,4802100000,Bastrop
48,BAYLOR COUNTY,4802300000,Baylor
48,BEE COUNTY,4802500000,Bee
48,BELL COUNTY,4802700000,Bell
48,BEXAR COUNTY,4802900000,Bexar
48,BLANCO COUNTY,4803100000,Blanco
48,BORDEN COUNTY,4803300000,Borden
48,BOSQUE COUNTY,4803500000,Bosque
48,BOWIE COUNTY,4803700000,Bowie
48,BRAZORIA COUNTY,4803900000,Brazoria
48,BRAZOS COUNTY,4804100000,Brazos
48,BREWSTER COUNTY,4804300000,Brewster
48,BRISCOE COUNTY,4804500000,Briscoe
48,BROOKS COUNTY,4804700000,Brooks
48,BROWN COUNTY,4804900000,Brown
48,BURLESON COUNTY,4805100000,Burleson
48,BURNET COUNTY,4805300000,Burnet
48,CALDWELL COUNTY,4805500000,Caldwell
48,CALHOUN COUNTY,4805700000,Calhoun
48,CALLAHAN COUNTY,4805900000,Callahan
48,CAMERON COUNTY,4806100000,Cameron
48,CAMP COUNTY,4806300000,Camp
48,CARSON COUNTY,4806500000,Carson
48,CASS COUNTY,4806700000,Cass
48,CASTRO COUNTY,4806900000,Castro
48,CHAMBERS COUNTY,4807100000,Chambers
48,CHEROKEE COUNTY,4807300000,Cherokee
48,CHILDRESS COUNTY,4807500000,Childress
48,CLAY COUNTY,4807700000,Clay
48,COCHRAN COUNTY,4807900000,Cochran
48,COKE COUNTY,4808100000,Coke
48,COLEMAN COUNTY,4808300000,Coleman
48,COLLIN COUNTY,4808500000,Collin
48,COLLINGSWORTH COUNTY,4808700000,Collingsworth
48,COLORADO COUNTY,4808900000,Colorado
48,COMAL COUNTY,4809100000,Comal
48,COMANCHE COUNTY,4809300000,Comanche
48,CONCHO COUNTY,4809500000,Concho
48,COOKE COUNTY,4809700000,Cooke
48,CORYELL COUNTY,4809900000,Coryell
48,COTTLE COUNTY,4810100000,Cottle
48,CRANE COUNTY,4810300000,Crane
48,CROCKETT COUNTY,4810500000,Crockett
48,CROSBY COUNTY,4810700000,Crosby
48,CULBERSON COUNTY,4810900000,Culberson
48,DALLAM COUNTY,4811100000,Dallam
48,DALLAS COUNTY,4811300000,Dallas
48,DAWSON COUNTY,4811500000,Dawson
48,DEAF SMITH COUNTY,4811700000,Deaf Smith
48,DELTA COUNTY,4811900000,Delta
48,DENTON COUNTY,4812100000,Denton
48,DEWITT COUNTY,4812300000,Dewitt
48,DICKENS COUNTY,4812500000,Dickens
48,DIMMIT COUNTY,4812700000,Dimmit
48,DONLEY COUNTY,4812900000,Donley
48,DUVAL COUNTY,4813100000,Duval
48,EASTLAND COUNTY,4813300000,Eastland
48,ECTOR COUNTY,4813500000,Ector
48,EDWARDS COUNTY,4813700000,Edwards
48,ELLIS COUNTY,4813900000,Ellis
48,EL PASO COUNTY,4814100000,El Paso
48,ERATH COUNTY,4814300000,Erath
48,FALLS COUNTY,4814500000,Falls
48,FANNIN COUNTY,4814700000,Fannin
48,FAYETTE COUNTY,4814900000,Fayette
48,FISHER COUNTY,4815100000,Fisher
48,FLOYD COUNTY,4815300000,Floyd
48,FOARD COUNTY,4815500000,Foard
48,FORT BEND COUNTY,4815700000,Fort Bend
48,FRANKLIN COUNTY,4815900000,Franklin
48,FREESTONE COUNTY,4816100000,Freestone
48,FRIO COUNTY,4816300000,Frio
48,GAINES COUNTY,4816500000,Gaines
48,GALVESTON COUNTY,4816700000,Galveston
48,GARZA COUNTY,4816900000,Garza
48,GILLESPIE COUNTY,4817100000,Gillespie
48,GLASSCOCK COUNTY,4817300000,Glasscock
48,GOLIAD COUNTY,4817500000,Goliad
48,GONZALES COUNTY,4817700000,Gonzales
48,GRAY COUNTY,4817900000,Gray
48,GRAYSON COUNTY,4818100000,Grayson
48,GREGG COUNTY,4818300000,Gregg
48,GRIMES COUNTY,4818500000,Grimes
48,GUADALUPE COUNTY,4818700000,Guadalupe
48,HALE COUNTY,4818900000,Hale
48,HALL COUNTY,4819100000,Hall
48,HAMILTON COUNTY,4819300000,Hamilton
48,HANSFORD COUNTY,4819500000,Hansford
48,HARDEMAN COUNTY,4819700000,Hardeman
48,HARDIN COUNTY,4819900000,Hardin
48,HARRIS COUNTY,4820100000,Harris
48,HARRISON COUNTY,4820300000,Harrison
48,HARTLEY COUNTY,4820500000,Hartley
48,HASKELL COUNTY,4820700000,Haskell
48,HAYS COUNTY,4820900000,Hays
48,HEMPHILL COUNTY,4821100000,Hemphill
48,HENDERSON COUNTY,4821300000,Henderson
48,HIDALGO COUNTY,4821500000,Hidalgo
48,HILL COUNTY,4821700000,Hill
48,HOCKLEY COUNTY,4821900000,Hockley
48,HOOD COUNTY,4822100000,Hood
48,HOPKINS COUNTY,4822300000,Hopkins
48,HOUSTON COUNTY,4822500000,Houston
48,HOWARD COUNTY,4822700000,Howard
48,HUDSPETH COUNTY,4822900000,Hudspeth
48,HUNT COUNTY,4823100000,Hunt
48,HUTCHINSON COUNTY,4823300000,Hutchinson
48,IRION COUNTY,4823500000,Irion
48,JACK COUNTY,4823700000,Jack
48,JACKSON COUNTY,4823900000,Jackson
48,JASPER COUNTY,4824100000,Jasper
48,JEFF DAVIS COUNTY,4824300000,Jeff Davis
48,JEFFERSON COUNTY,4824500000,Jefferson
48,JIM HOGG COUNTY,4824700000,Jim Hogg
48,JIM WELLS COUNTY,4824900000,Jim Wells
48,JOHNSON COUNTY,4825100000,Johnson
48,JONES COUNTY,4825300000,Jones
48,KARNES COUNTY,4825500000,Karnes
48,KAUFMAN COUNTY,4825700000,Kaufman
48,KENDALL COUNTY,4825900000,Kendall
48,KENEDY COUNTY,4826100000,Kenedy
48,KENT COUNTY,4826300000,Kent
48,KERR COUNTY,4826500000,Kerr
48,KIMBLE COUNTY,4826700000,Kimble
48,KING COUNTY,4826900000,King
48,KINNEY COUNTY,4827100000,Kinney
48,KLEBERG COUNTY,4827300000,Kleberg
48,KNOX COUNTY,4827500000,Knox
48,LAMAR COUNTY,4827700000,Lamar
48,LAMB COUNTY,4827900000,Lamb
48,LAMPASAS COUNTY,4828100000,Lampasas
48,LA SALLE COUNTY,4828300000,La Salle
48,LAVACA COUNTY,4828500000,Lavaca
48,LEE COUNTY,4828700000,Lee
48,LEON COUNTY,4828900000,Leon
48,LIBERTY COUNTY,4829100000,Liberty
48,LIMESTONE COUNTY,4829300000,Limestone
48,LIPSCOMB COUNTY,4829500000,Lipscomb
48,LIVE OAK COUNTY,4829700000,Live Oak
48,LLANO COUNTY,4829900000,Llano
48,LOVING COUNTY,4830100000,Loving
48,LUBBOCK COUNTY,4830300000,Lubbock
48,LYNN COUNTY,4830500000,Lynn
48,MCCULLOCH COUNTY,4830700000,Mcculloch
48,MCLENNAN COUNTY,4830900000,Mclennan
48,MCMULLEN COUNTY,4831100000,Mcmullen
48,MADISON COUNTY,4831300000,Madison
48,MARION COUNTY,4831500000,Marion
48,MARTIN COUNTY,4831700000,Martin
48,MASON COUNTY,4831900000,Mason
48,MATAGORDA COUNTY,4832100000,Matagorda
48,MAVERICK COUNTY,4832300000,Maverick
48,MEDINA COUNTY,4832500000,Medina
48,MENARD COUNTY,4832700000,Menard
48,MIDLAND COUNTY,4832900000,Midland
48,MILAM COUNTY,4833100000,Milam
48,MILLS COUNTY,4833300000,Mills
48,MITCHELL COUNTY,4833500000,Mitchell
48,MONTAGUE COUNTY,4833700000,Montague
48,MONTGOMERY COUNTY,4833900000,Montgomery
48,MOORE COUNTY,4834100000,Moore
48,MORRIS COUNTY,4834300000,Morris
48,MOTLEY COUNTY,4834500000,Motley
48,NACOGDOCHES COUNTY,4834700000,Nacogdoches
48,NAVARRO COUNTY,4834900000,Navarro
48,NEWTON COUNTY,4835100000,Newton
48,NOLAN COUNTY,4835300000,Nolan
48,NUECES COUNTY,4835500000,Nueces
48,OCHILTREE COUNTY,4835700000,Ochiltree
48,OLDHAM COUNTY,4835900000,Oldham
48,ORANGE COUNTY,4836100000,Orange
48,PALO PINTO COUNTY,4836300000,Palo Pinto
48,PANOLA COUNTY,4836500000,Panola
48,PARKER COUNTY,4836700000,Parker
48,PARMER COUNTY,4836900000,Parmer
48,PECOS COUNTY,4837100000,Pecos
48,POLK COUNTY,4837300000,Polk
48,POTTER COUNTY,4837500000,Potter
48,PRESIDIO COUNTY,4837700000,Presidio
48,RAINS COUNTY,4837900000,Rains
48,RANDALL COUNTY,4838100000,Randall
48,REAGAN COUNTY,4838300000,Reagan
48,REAL COUNTY,4838500000,Real
48,RED RIVER COUNTY,4838700000,Red River
48,REEVES COUNTY,4838900000,Reeves
48,REFUGIO COUNTY,4839100000,Refugio
48,ROBERTS COUNTY,4839300000,Roberts
48,ROBERTSON COUNTY,4839500000,Robertson
48,ROCKWALL COUNTY,4839700000,Rockwall
48,RUNNELS COUNTY,4839900000,Runnels
48,RUSK COUNTY,4840100000,Rusk
48,SABINE COUNTY,4840300000,Sabine
48,SAN AUGUSTINE COUNTY,4840500000,San Augustine
48,SAN JACINTO COUNTY,4840700000,San Jacinto
48,SAN PATRICIO COUNTY,4840900000,San Patricio
48,SAN SABA COUNTY,4841100000,San Saba
48,SCHLEICHER COUNTY,4841300000,Schleicher
48,SCURRY COUNTY,4841500000,Scurry
48,SHACKELFORD COUNTY,4841700000,Shackelford
48,SHELBY COUNTY,4841900000,Shelby
48,SHERMAN COUNTY,4842100000,Sherman
48,SMITH COUNTY,4842300000,Smith
48,SOMERVELL COUNTY,4842500000,Somervell
48,STARR COUNTY,4842700000,Starr
48,STEPHENS COUNTY,4842900000,Stephens
48,STERLING COUNTY,4843100000,Sterling
48,STONEWALL COUNTY,4843300000,Stonewall
48,SUTTON COUNTY,4843500000,Sutton
48,SWISHER COUNTY,4843700000,Swisher
48,TARRANT COUNTY,4843900000,Tarrant
48,TAYLOR COUNTY,4844100000,Taylor
48,TERRELL COUNTY,4844300000,Terrell
48,TERRY COUNTY,4844500000,Terry
48,THROCKMORTON COUNTY,4844700000,Throckmorton
48,TITUS COUNTY,4844900000,Titus
48,TOM GREEN COUNTY,4845100000,Tom Green
48,TRAVIS COUNTY,4845300000,Travis
48,TRINITY COUNTY,4845500000,Trinity
48,TYLER COUNTY,4845700000,Tyler
48,UPSHUR COUNTY,4845900000,Upshur
48,UPTON COUNTY,4846100000,Upton
48,UVALDE COUNTY,4846300000,Uvalde
48,VAL VERDE COUNTY,4846500000,Val Verde
48,VAN ZANDT COUNTY,4846700000,Van Zandt
48,VICTORIA COUNTY,4846900000,Victoria
48,WALKER COUNTY,4847100000,Walker
48,WALLER COUNTY,4847300000,Waller
48,WARD COUNTY,4847500000,Ward
48,WASHINGTON COUNTY,4847700000,Washington
48,WEBB COUNTY,4847900000,Webb
48,WHARTON COUNTY,4848100000,Wharton
48,WHEELER COUNTY,4848300000,Wheeler
48,WICHITA COUNTY,4848500000,Wichita
48,WILBARGER COUNTY,4848700000,Wilbarger
48,WILLACY COUNTY,4848900000,Willacy
48,WILLIAMSON COUNTY,4849100000,Williamson
48,WILSON COUNTY,4849300000,Wilson
48,WINKLER COUNTY,4849500000,Winkler
48,WISE COUNTY,4849700000,Wise
48,WOOD COUNTY,4849900000,Wood
48,YOAKUM COUNTY,4850100000,Yoakum
48,YOUNG COUNTY,4850300000,Young
48,ZAPATA COUNTY,4850500000,Zapata
48,ZAVALA COUNTY,4850700000,Zavala
49,BEAVER COUNTY,4900100000,Beaver
49,BOX ELDER COUNTY,4900300000,Box Elder
49,CACHE COUNTY,4900500000,Cache
49,CARBON COUNTY,4900700000,Carbon
49,DAGGETT COUNTY,4900900000,Daggett
49,DAVIS COUNTY,4901100000,Davis
49,DUCHESNE COUNTY,4901300000,Duchesne
49,EMERY COUNTY,4901500000,Emery
49,GARFIELD COUNTY,4901700000,Garfield
49,GRAND COUNTY,4901900000,Grand
49,IRON COUNTY,4902100000,Iron
49,JUAB COUNTY,4902300000,Juab
49,KANE COUNTY,4902500000,Kane
49,MILLARD COUNTY,4902700000,Millard
49,MORGAN COUNTY,4902900000,Morgan
49,PIUTE COUNTY,4903100000,Piute
49,RICH COUNTY,4903300000,Rich
49,SALT LAKE COUNTY,4903500000,Salt Lake
49,SAN JUAN COUNTY,4903700000,San Juan
49,SANPETE COUNTY,4903900000,Sanpete
49,SEVIER COUNTY,4904100000,Sevier
49,SUMMIT COUNTY,4904300000,Summit
49,TOOELE COUNTY,4904500000,Tooele
49,UINTAH COUNTY,4904700000,Uintah
49,UTAH COUNTY,4904900000,Utah
49,WASATCH COUNTY,4905100000,Wasatch
49,WASHINGTON COUNTY,4905300000,Washington
49,WAYNE COUNTY,4905500000,Wayne
49,WEBER COUNTY,4905700000,Weber
50,ADDISON,5000100325,Addison
50,BRIDPORT,5000108575,Bridport
50,BRISTOL,5000109025,Bristol
50,CORNWALL,5000116000,Cornwall
50,FERRISBURG,5000126275,Ferrisburg
50,GOSHEN,5000128600,Goshen
50,GRANVILLE,5000129575,Granville
50,HANCOCK,5000131525,Hancock
50,LEICESTER,5000139325,Leicester
50,LINCOLN,5000140075,Lincoln
50,MIDDLEBURY,5000144350,Middlebury
50,MONKTON,5000145550,Monkton
50,NEW HAVEN,5000148700,New Haven
50,ORWELL,5000153725,Orwell
50,PANTON,5000153950,Panton
50,RIPTON,5000159650,Ripton
50,SALISBURY,5000162575,Salisbury
50,SHOREHAM,5000165050,Shoreham
50,STARKSBORO,5000170075,Starksboro
50,VERGENNES,5000174650,Vergennes
50,WALTHAM,5000176075,Waltham
50,WEYBRIDGE,5000183275,Weybridge
50,WHITING,5000183800,Whiting
50,ARLINGTON,5000301450,Arlington
50,BENNINGTON,5000304825,Bennington
50,DORSET,5000317725,Dorset
50,LANDGROVE,5000339025,Landgrove
50,MANCHESTER,5000342850,Manchester
50,PERU,5000355000,Peru
50,POWNAL,5000357025,Pownal
50,READSBORO,5000358600,Readsboro
50,RUPERT,5000361000,Rupert
50,SANDGATE,5000362875,Sandgate
50,SEARSBURG,5000363175,Searsburg
50,SHAFTSBURY,5000363550,Shaftsbury
50,STAMFORD,5000369775,Stamford
50,SUNDERLAND,5000371425,Sunderland
50,WINHALL,5000385075,Winhall
50,WOODFORD,5000385675,Woodford
50,BARNET,5000502875,Barnet
50,BURKE,5000510450,Burke
50,DANVILLE,5000517125,Danville
50,GROTON,5000530550,Groton
50,HARDWICK,5000531825,Hardwick
50,KIRBY,5000537900,Kirby
50,LYNDON,5000541725,Lyndon
50,NEWARK,5000547725,Newark
50,PEACHAM,5000554400,Peacham
50,RYEGATE,5000561525,Ryegate
50,ST. JOHNSBURY,5000562200,St. Johnsbury
50,SHEFFIELD,5000564075,Sheffield
50,STANNARD,5000569925,Stannard
50,SUTTON,5000571575,Sutton
50,WALDEN,5000575700,Walden
50,WATERFORD,5000577125,Waterford
50,WHEELOCK,5000583500,Wheelock
50,BOLTON,5000706550,Bolton
50,BURLINGTON,5000710675,Burlington
50,CHARLOTTE,5000713300,Charlotte
50,COLCHESTER,5000714875,Colchester
50,ESSEX,5000724175,Essex
50,ESSEX JUNCTION,5000724400,Essex Junction
50,HINESBURG,5000733475,Hinesburg
50,HUNTINGTON,5000734600,Huntington
50,JERICHO,5000736700,Jericho
50,MILTON,5000745250,Milton
50,RICHMOND,5000759275,Richmond
50,ST. GEORGE,5000762050,St. George
50,SHELBURNE,5000764300,Shelburne
50,SOUTH BURLINGTO,5000766175,South Burlingto
50,UNDERHILL,5000773975,Underhill
50,WESTFORD,5000780350,Westford
50,WILLISTON,5000784475,Williston
50,WINOOSKI,5000785150,Winooski
50,BLOOMFIELD,5000906325,Bloomfield
50,BRIGHTON,5000908725,Brighton
50,BRUNSWICK,5000910075,Brunswick
50,CANAAN,5000911800,Canaan
50,CONCORD,5000915250,Concord
50,EAST HAVEN,5000921250,East Haven
50,GRANBY,5000929125,Granby
50,GUILDHALL,5000930775,Guildhall
50,LEMINGTON,5000939700,Lemington
50,LUNENBURG,5000941425,Lunenburg
50,MAIDSTONE,5000942475,Maidstone
50,NORTON,5000952750,Norton
50,VICTORY,5000975175,Victory
50,BAKERSFIELD,5001102500,Bakersfield
50,BERKSHIRE,5001105425,Berkshire
50,ENOSBURG,5001123875,Enosburg
50,FAIRFAX,5001124925,Fairfax
50,FAIRFIELD,5001125225,Fairfield
50,FLETCHER,5001126500,Fletcher
50,FRANKLIN,5001127100,Franklin
50,GEORGIA,5001127700,Georgia
50,HIGHGATE,5001133025,Highgate
50,MONTGOMERY,5001145850,Montgomery
50,RICHFORD,5001159125,Richford
50,ST. ALBANS CITY,5001161675,St. Albans City
50,ST. ALBANS TOWN,5001161750,St. Albans Town
50,SHELDON,5001164600,Sheldon
50,SWANTON,5001171725,Swanton
50,ALBURG,5001300700,Alburg
50,GRAND ISLE,5001329275,Grand Isle
50,ISLE LA MOTTE,5001335875,Isle La Motte
50,NORTH HERO,5001350650,North Hero
50,SOUTH HERO,5001367000,South Hero
50,BELVIDERE,5001504375,Belvidere
50,CAMBRIDGE,5001511500,Cambridge
50,EDEN,5001523500,Eden
50,ELMORE,5001523725,Elmore
50,HYDE PARK,5001535050,Hyde Park
50,JOHNSON,5001537075,Johnson
50,MORRISTOWN,5001546675,Morristown
50,STOWE,5001570525,Stowe
50,WATERVILLE,5001577425,Waterville
50,WOLCOTT,5001585375,Wolcott
50,BRADFORD,5001707375,Bradford
50,BRAINTREE,5001707600,Braintree
50,BROOKFIELD,5001709325,Brookfield
50,CHELSEA,5001713525,Chelsea
50,CORINTH,5001715700,Corinth
50,FAIRLEE,5001725675,Fairlee
50,NEWBURY,5001748175,Newbury
50,ORANGE,5001753425,Orange
50,RANDOLPH,5001758075,Randolph
50,STRAFFORD,5001770675,Strafford
50,THETFORD,5001772400,Thetford
50,TOPSHAM,5001773075,Topsham
50,TUNBRIDGE,5001773675,Tunbridge
50,VERSHIRE,5001774950,Vershire
50,WASHINGTON,5001776750,Washington
50,WEST FAIRLEE,5001779975,West Fairlee
50,WILLIAMSTOWN,5001784175,Williamstown
50,ALBANY,5001900475,Albany
50,BARTON,5001903550,Barton
50,BROWNINGTON,5001909850,Brownington
50,CHARLESTON,5001913150,Charleston
50,COVENTRY,5001916150,Coventry
50,CRAFTSBURY,5001916300,Craftsbury
50,DERBY,5001917350,Derby
50,GLOVER,5001928075,Glover
50,GREENSBORO,5001930175,Greensboro
50,HOLLAND,5001933775,Holland
50,IRASBURG,5001935575,Irasburg
50,JAY,5001936325,Jay
50,LOWELL,5001940525,Lowell
50,MORGAN,5001946450,Morgan
50,NEWPORT CITY,5001948850,Newport City
50,NEWPORT TOWN,5001948925,Newport Town
50,TROY,5001973525,Troy
50,WESTFIELD,5001980200,Westfield
50,WESTMORE,5001981700,Westmore
50,BENSON,5002105200,Benson
50,BRANDON,5002107750,Brandon
50,CASTLETON,5002111950,Castleton
50,CHITTENDEN,5002114350,Chittenden
50,CLARENDON,5002114500,Clarendon
50,DANBY,5002116825,Danby
50,FAIR HAVEN,5002125375,Fair Haven
50,HUBBARDTON,5002134450,Hubbardton
50,IRA,5002135425,Ira
50,KILLINGTON,5002137685,Killington
50,MENDON,5002144125,Mendon
50,MIDDLETOWN SPRINGS,5002144800,Middletown Springs
50,MOUNT HOLLY,5002147200,Mount Holly
50,MOUNT TABOR,5002147425,Mount Tabor
50,PAWLET,5002154250,Pawlet
50,PITTSFIELD,5002155450,Pittsfield
50,PITTSFORD,5002155600,Pittsford
50,POULTNEY,5002156875,Poultney
50,PROCTOR,5002157250,Proctor
50,RUTLAND CITY,5002161225,Rutland City
50,RUTLAND TOWN,5002161300,Rutland Town
50,SHREWSBURY,5002165275,Shrewsbury
50,SUDBURY,5002171050,Sudbury
50,TINMOUTH,5002172925,Tinmouth
50,WALLINGFORD,5002175925,Wallingford
50,WELLS,5002177950,Wells
50,WEST HAVEN,5002180875,West Haven
50,WEST RUTLAND,5002182300,West Rutland
50,BARRE CITY,5002303175,Barre City
50,BARRE TOWN,5002303250,Barre Town
50,BERLIN,5002305650,Berlin
50,CABOT,5002311125,Cabot
50,CALAIS,5002311350,Calais
50,DUXBURY,5002318550,Duxbury
50,EAST MONTPELIER,5002321925,East Montpelier
50,FAYSTON,5002325825,Fayston
50,MARSHFIELD,5002343600,Marshfield
50,MIDDLESEX,5002344500,Middlesex
50,MONTPELIER,5002346000,Montpelier
50,MORETOWN,5002346225,Moretown
50,NORTHFIELD,5002350275,Northfield
50,PLAINFIELD,5002355825,Plainfield
50,ROXBURY,5002360625,Roxbury
50,WAITSFIELD,5002375325,Waitsfield
50,WARREN,5002376525,Warren
50,WATERBURY,5002376975,Waterbury
50,WOODBURY,5002385525,Woodbury
50,WORCESTER,5002386125,Worcester
50,ATHENS,5002501900,Athens
50,BRATTLEBORO,5002507900,Brattleboro
50,BROOKLINE,5002509475,Brookline
50,DOVER,5002517875,Dover
50,DUMMERSTON,5002518325,Dummerston
50,GRAFTON,5002528900,Grafton
50,GUILFORD,5002530925,Guilford
50,HALIFAX,5002531150,Halifax
50,JAMAICA,5002536175,Jamaica
50,LONDONDERRY,5002540225,Londonderry
50,MARLBORO,5002543375,Marlboro
50,NEWFANE,5002548400,Newfane
50,PUTNEY,5002557700,Putney
50,ROCKINGHAM,5002560250,Rockingham
50,STRATTON,5002570750,Stratton
50,TOWNSHEND,5002573300,Townshend
50,VERNON,5002574800,Vernon
50,WARDSBORO,5002576225,Wardsboro
50,WESTMINSTER,5002581400,Westminster
50,WHITINGHAM,5002583950,Whitingham
50,WILMINGTON,5002584700,Wilmington
50,WINDHAM,5002584850,Windham
50,ANDOVER,5002701300,Andover
50,BALTIMORE,5002702575,Baltimore
50,BARNARD,5002702725,Barnard
50,BETHEL,5002705800,Bethel
50,BRIDGEWATER,5002708275,Bridgewater
50,CAVENDISH,5002712250,Cavendish
50,CHESTER,5002713675,Chester
50,HARTFORD,5002732275,Hartford
50,HARTLAND,5002732425,Hartland
50,LUDLOW,5002741275,Ludlow
50,NORWICH,5002752900,Norwich
50,PLYMOUTH,5002756050,Plymouth
50,POMFRET,5002756350,Pomfret
50,READING,5002758375,Reading
50,ROCHESTER,5002760100,Rochester
50,ROYALTON,5002760850,Royalton
50,SHARON,5002763775,Sharon
50,SPRINGFIELD,5002769550,Springfield
50,STOCKBRIDGE,5002770375,Stockbridge
50,WEATHERSFIELD,5002777500,Weathersfield
50,WESTON,5002782000,Weston
50,WEST WINDSOR,5002783050,West Windsor
50,WINDSOR,5002784925,Windsor
50,WOODSTOCK,5002785975,Woodstock
51,ACCOMACK COUNTY,5100100000,Accomack
51,ALBEMARLE COUNTY,5100300000,Albemarle
51,ALLEGHANY COUNTY,5100500000,Alleghany
51,AMELIA COUNTY,5100700000,Amelia
51,AMHERST COUNTY,5100900000,Amherst
51,APPOMATTOX COUNTY,5101100000,Appomattox
51,ARLINGTON COUNTY,5101300000,Arlington
51,AUGUSTA COUNTY,5101500000,Augusta
51,BATH COUNTY,5101700000,Bath
51,BEDFORD COUNTY,5101900000,Bedford
51,BLAND COUNTY,5102100000,Bland
51,BOTETOURT COUNTY,5102300000,Botetourt
51,BRUNSWICK COUNTY,5102500000,Brunswick
51,BUCHANAN COUNTY,5102700000,Buchanan
51,BUCKINGHAM COUNTY,5102900000,Buckingham
51,CAMPBELL COUNTY,5103100000,Campbell
51,CAROLINE COUNTY,5103300000,Caroline
51,CARROLL COUNTY,5103500000,Carroll
51,CHARLES CITY COUNTY,5103600000,Charles City
51,CHARLOTTE COUNTY,5103700000,Charlotte
51,CHESTERFIELD COUNTY,5104100000,Chesterfield
51,CLARKE COUNTY,5104300000,Clarke
51,CRAIG COUNTY,5104500000,Craig
51,CULPEPER COUNTY,5104700000,Culpeper
51,CUMBERLAND COUNTY,5104900000,Cumberland
51,DICKENSON COUNTY,5105100000,Dickenson
51,DINWIDDIE COUNTY,5105300000,Dinwiddie
51,ESSEX COUNTY,5105700000,Essex
51,FAIRFAX COUNTY,5105900000,Fairfax
51,FAUQUIER COUNTY,5106100000,Fauquier
51,FLOYD COUNTY,5106300000,Floyd
51,FLUVANNA COUNTY,5106500000,Fluvanna
51,FRANKLIN COUNTY,5106700000,Franklin
51,FREDERICK COUNTY,5106900000,Frederick
51,GILES COUNTY,5107100000,Giles
51,GLOUCESTER COUNTY,5107300000,Gloucester
51,GOOCHLAND COUNTY,5107500000,Goochland
51,GRAYSON COUNTY,5107700000,Grayson
51,GREENE COUNTY,5107900000,Greene
51,GREENSVILLE COUNTY,5108100000,Greensville
51,HALIFAX COUNTY,5108300000,Halifax
51,HANOVER COUNTY,5108500000,Hanover
51,HENRICO COUNTY,5108700000,Henrico
51,HENRY COUNTY,5108900000,Henry
51,HIGHLAND COUNTY,5109100000,Highland
51,ISLE OF WIGHT COUNTY,5109300000,Isle Of Wight
51,JAMES CITY COUNTY,5109500000,James City
51,KING AND QUEEN COUNTY,5109700000,King And Queen
51,KING GEORGE COUNTY,5109900000,King George
51,KING WILLIAM COUNTY,5110100000,King William
51,LANCASTER COUNTY,5110300000,Lancaster
51,LEE COUNTY,5110500000,Lee
51,LOUDOUN COUNTY,5110700000,Loudoun
51,LOUISA COUNTY,5110900000,Louisa
51,LUNENBURG COUNTY,5111100000,Lunenburg
51,MADISON COUNTY,5111300000,Madison
51,MATHEWS COUNTY,5111500000,Mathews
51,MECKLENBURG COUNTY,5111700000,Mecklenburg
51,MIDDLESEX COUNTY,5111900000,Middlesex
51,MONTGOMERY COUNTY,5112100000,Montgomery
51,NELSON COUNTY,5112500000,Nelson
51,NEW KENT COUNTY,5112700000,New Kent
51,NORTHAMPTON COUNTY,5113100000,Northampton
51,NORTHUMBERLAND COUNTY,5113300000,Northumberland
51,NOTTOWAY COUNTY,5113500000,Nottoway
51,ORANGE COUNTY,5113700000,Orange
51,PAGE COUNTY,5113900000,Page
51,PATRICK COUNTY,5114100000,Patrick
51,PITTSYLVANIA COUNTY,5114300000,Pittsylvania
51,POWHATAN COUNTY,5114500000,Powhatan
51,PRINCE EDWARD COUNTY,5114700000,Prince Edward
51,PRINCE GEORGE COUNTY,5114900000,Prince George
51,PRINCE WILLIAM COUNTY,5115300000,Prince William
51,PULASKI COUNTY,5115500000,Pulaski
51,RAPPAHANNOCK COUNTY,5115700000,Rappahannock
51,RICHMOND COUNTY,5115900000,Richmond
51,ROANOKE COUNTY,5116100000,Roanoke
51,ROCKBRIDGE COUNTY,5116300000,Rockbridge
51,ROCKINGHAM COUNTY,5116500000,Rockingham
51,RUSSELL COUNTY,5116700000,Russell
51,SCOTT COUNTY,5116900000,Scott
51,SHENANDOAH COUNTY,5117100000,Shenandoah
51,SMYTH COUNTY,5117300000,Smyth
51,SOUTHAMPTON COUNTY,5117500000,Southampton
51,SPOTSYLVANIA COUNTY,5117700000,Spotsylvania
51,STAFFORD COUNTY,5117900000,Stafford
51,SURRY COUNTY,5118100000,Surry
51,SUSSEX COUNTY,5118300000,Sussex
51,TAZEWELL COUNTY,5118500000,Tazewell
51,WARREN COUNTY,5118700000,Warren
51,WASHINGTON COUNTY,5119100000,Washington
51,WESTMORELAND COUNTY,5119300000,Westmoreland
51,WISE COUNTY,5119500000,Wise
51,WYTHE COUNTY,5119700000,Wythe
51,YORK COUNTY,5119900000,York
51,ALEXANDRIA CITY,5151000000,Alexandria City
51,BRISTOL CITY,5152000000,Bristol City
51,BUENA VISTA CITY,5153000000,Buena Vista City
51,CHARLOTTESVILLE CITY,5154000000,Charlottesville City
51,CHESAPEAKE CITY,5155000000,Chesapeake City
51,COLONIAL HEIGHTS CITY,5157000000,Colonial Heights City
51,COVINGTON CITY,5158000000,Covington City
51,DANVILLE CITY,5159000000,Danville City
51,EMPORIA CITY,5159500000,Emporia City
51,FAIRFAX CITY,5160000000,Fairfax City
51,FALLS CHURCH CITY,5161000000,Falls Church City
51,FRANKLIN CITY,5162000000,Franklin City
51,FREDERICKSBURG CITY,5163000000,Fredericksburg City
51,GALAX CITY,5164000000,Galax City
51,HAMPTON CITY,5165000000,Hampton City
51,HARRISONBURG CITY,5166000000,Harrisonburg City
51,HOPEWELL CITY,5167000000,Hopewell City
51,LEXINGTON CITY,5167800000,Lexington City
51,LYNCHBURG CITY,5168000000,Lynchburg City
51,MANASSAS CITY,5168300000,Manassas City
51,MANASSAS PARK CITY,5168500000,Manassas Park City
51,MARTINSVILLE CITY,5169000000,Martinsville City
51,NEWPORT NEWS CITY,5170000000,Newport News City
51,NORFOLK CITY,5171000000,Norfolk City
51,NORTON CITY,5172000000,Norton City
51,PETERSBURG CITY,5173000000,Petersburg City
51,POQUOSON CITY,5173500000,Poquoson City
51,PORTSMOUTH CITY,5174000000,Portsmouth City
51,RADFORD CITY,5175000000,Radford City
51,RICHMOND CITY,5176000000,Richmond City
51,ROANOKE CITY,5177000000,Roanoke City
51,SALEM CITY,5177500000,Salem City
51,STAUNTON CITY,5179000000,Staunton City
51,SUFFOLK CITY,5180000000,Suffolk City
51,VIRGINIA BEACH CITY,5181000000,Virginia Beach City
51,WAYNESBORO CITY,5182000000,Waynesboro City
51,WILLIAMSBURG CITY,5183000000,Williamsburg City
51,WINCHESTER CITY,5184000000,Winchester City
53,ADAMS COUNTY,5300100000,Adams
53,ASOTIN COUNTY,5300300000,Asotin
53,BENTON COUNTY,5300500000,Benton
53,CHELAN COUNTY,5300700000,Chelan
53,CLALLAM COUNTY,5300900000,Clallam
53,CLARK COUNTY,5301100000,Clark
53,COLUMBIA COUNTY,5301300000,Columbia
53,COWLITZ COUNTY,5301500000,Cowlitz
53,DOUGLAS COUNTY,5301700000,Douglas
53,FERRY COUNTY,5301900000,Ferry
53,FRANKLIN COUNTY,5302100000,Franklin
53,GARFIELD COUNTY,5302300000,Garfield
53,GRANT COUNTY,5302500000,Grant
53,GRAYS HARBOR COUNTY,5302700000,Grays Harbor
53,ISLAND COUNTY,5302900000,Island
53,JEFFERSON COUNTY,5303100000,Jefferson
53,KING COUNTY,5303300000,King
53,KITSAP COUNTY,5303500000,Kitsap
53,KITTITAS COUNTY,5303700000,Kittitas
53,KLICKITAT COUNTY,5303900000,Klickitat
53,LEWIS COUNTY,5304100000,Lewis
53,LINCOLN COUNTY,5304300000,Lincoln
53,MASON COUNTY,5304500000,Mason
53,OKANOGAN COUNTY,5304700000,Okanogan
53,PACIFIC COUNTY,5304900000,Pacific
53,PEND OREILLE COUNTY,5305100000,Pend Oreille
53,PIERCE COUNTY,5305300000,Pierce
53,SAN JUAN COUNTY,5305500000,San Juan
53,SKAGIT COUNTY,5305700000,Skagit
53,SKAMANIA COUNTY,5305900000,Skamania
53,SNOHOMISH COUNTY,5306100000,Snohomish
53,SPOKANE COUNTY,5306300000,Spokane
53,STEVENS COUNTY,5306500000,Stevens
53,THURSTON COUNTY,5306700000,Thurston
53,WAHKIAKUM COUNTY,5306900000,Wahkiakum
53,WALLA WALLA COUNTY,5307100000,Walla Walla
53,WHATCOM COUNTY,5307300000,Whatcom
53,WHITMAN COUNTY,5307500000,Whitman
53,YAKIMA COUNTY,5307700000,Yakima
54,BARBOUR COUNTY,5400100000,Barbour
54,BERKELEY COUNTY,5400300000,Berkeley
54,BOONE COUNTY,5400500000,Boone
54,BRAXTON COUNTY,5400700000,Braxton
54,BROOKE COUNTY,5400900000,Brooke
54,CABELL COUNTY,5401100000,Cabell
54,CALHOUN COUNTY,5401300000,Calhoun
54,CLAY COUNTY,5401500000,Clay
54,DODDRIDGE COUNTY,5401700000,Doddridge
54,FAYETTE COUNTY,5401900000,Fayette
54,GILMER COUNTY,5402100000,Gilmer
54,GRANT COUNTY,5402300000,Grant
54,GREENBRIER COUNTY,5402500000,Greenbrier
54,HAMPSHIRE COUNTY,5402700000,Hampshire
54,HANCOCK COUNTY,5402900000,Hancock
54,HARDY COUNTY,5403100000,Hardy
54,HARRISON COUNTY,5403300000,Harrison
54,JACKSON COUNTY,5403500000,Jackson
54,JEFFERSON COUNTY,5403700000,Jefferson
54,KANAWHA COUNTY,5403900000,Kanawha
54,LEWIS COUNTY,5404100000,Lewis
54,LINCOLN COUNTY,5404300000,Lincoln
54,LOGAN COUNTY,5404500000,Logan
54,MCDOWELL COUNTY,5404700000,Mcdowell
54,MARION COUNTY,5404900000,Marion
54,MARSHALL COUNTY,5405100000,Marshall
54,MASON COUNTY,5405300000,Mason
54,MERCER COUNTY,5405500000,Mercer
54,MINERAL COUNTY,5405700000,Mineral
54,MINGO COUNTY,5405900000,Mingo
54,MONONGALIA COUNTY,5406100000,Monongalia
54,MONROE COUNTY,5406300000,Monroe
54,MORGAN COUNTY,5406500000,Morgan
54,NICHOLAS COUNTY,5406700000,Nicholas
54,OHIO COUNTY,5406900000,Ohio
54,PENDLETON COUNTY,5407100000,Pendleton
54,PLEASANTS COUNTY,5407300000,Pleasants
54,POCAHONTAS COUNTY,5407500000,Pocahontas
54,PRESTON COUNTY,5407700000,Preston
54,PUTNAM COUNTY,5407900000,Putnam
54,RALEIGH COUNTY,5408100000,Raleigh
54,RANDOLPH COUNTY,5408300000,Randolph
54,RITCHIE COUNTY,5408500000,Ritchie
54,ROANE COUNTY,5408700000,Roane
54,SUMMERS COUNTY,5408900000,Summers
54,TAYLOR COUNTY,5409100000,Taylor
54,TUCKER COUNTY,5409300000,Tucker
54,TYLER COUNTY,5409500000,Tyler
54,UPSHUR COUNTY,5409700000,Upshur
54,WAYNE COUNTY,5409900000,Wayne
54,WEBSTER COUNTY,5410100000,Webster
54,WETZEL COUNTY,5410300000,Wetzel
54,WIRT COUNTY,5410500000,Wirt
54,WOOD COUNTY,5410700000,Wood
54,WYOMING COUNTY,5410900000,Wyoming
55,CITY OF ABBOTSFORD - MULTIPLE COUNTIES,5500100000,City Of Abbotsford (Multiple Counties)
55,TOWN OF ABRAMS - OCONTO COUNTY,5500175000,Town Of Abrams (Oconto)
55,TOWN OF ACKLEY - LANGLADE COUNTY,5500225000,Town Of Ackley (Langlade)
55,CITY OF ADAMS - ADAMS COUNTY,5500275000,City Of Adams (Adams)
55,TOWN OF ADAMS - ADAMS COUNTY,5500300000,Town Of Adams (Adams)
55,TOWN OF ADAMS - GREEN COUNTY,5500325000,Town Of Adams (Green)
55,TOWN OF ADAMS - JACKSON COUNTY,5500350000,Town Of Adams (Jackson)
55,TOWN OF ADDISON - WASHINGTON COUNTY,5500425000,Town Of Addison (Washington)
55,VILLAGE OF ADELL - SHEBOYGAN COUNTY,5500450000,Village Of Adell (Sheboygan)
55,TOWN OF ADRIAN - MONROE COUNTY,5500475000,Town Of Adrian (Monroe)
55,TOWN OF AGENDA - ASHLAND COUNTY,5500550000,Town Of Agenda (Ashland)
55,TOWN OF AHNAPEE - KEWAUNEE COUNTY,5500600000,Town Of Ahnapee (Kewaunee)
55,TOWN OF AINSWORTH - LANGLADE COUNTY,5500625000,Town Of Ainsworth (Langlade)
55,TOWN OF AKAN - RICHLAND COUNTY,5500675000,Town Of Akan (Richland)
55,TOWN OF ALBAN - PORTAGE COUNTY,5500725000,Town Of Alban (Portage)
55,VILLAGE OF ALBANY - GREEN COUNTY,5500750000,Village Of Albany (Green)
55,TOWN OF ALBANY - GREEN COUNTY,5500775000,Town Of Albany (Green)
55,TOWN OF ALBANY - PEPIN COUNTY,5500800000,Town Of Albany (Pepin)
55,TOWN OF ALBION - DANE COUNTY,5500875000,Town Of Albion (Dane)
55,TOWN OF ALBION - JACKSON COUNTY,5500900000,Town Of Albion (Jackson)
55,TOWN OF ALBION - TREMPEALEAU COUNTY,5500925000,Town Of Albion (Trempealeau)
55,TOWN OF ALDEN - POLK COUNTY,5500950000,Town Of Alden (Polk)
55,CITY OF ALGOMA - KEWAUNEE COUNTY,5501000000,City Of Algoma (Kewaunee)
55,TOWN OF ALGOMA - WINNEBAGO COUNTY,5501025000,Town Of Algoma (Winnebago)
55,VILLAGE OF ALLOUEZ - BROWN COUNTY,5501150000,Village Of Allouez (Brown)
55,CITY OF ALMA - BUFFALO COUNTY,5501225000,City Of Alma (Buffalo)
55,TOWN OF ALMA - BUFFALO COUNTY,5501250000,Town Of Alma (Buffalo)
55,TOWN OF ALMA - JACKSON COUNTY,5501275000,Town Of Alma (Jackson)
55,VILLAGE OF ALMA CENTER - JACKSON COUNTY,5501300000,Village Of Alma Center (Jackson)
55,VILLAGE OF ALMENA - BARRON COUNTY,5501325000,Village Of Almena (Barron)
55,TOWN OF ALMENA - BARRON COUNTY,5501350000,Town Of Almena (Barron)
55,TOWN OF ALMON - SHAWANO COUNTY,5501375000,Town Of Almon (Shawano)
55,VILLAGE OF ALMOND - PORTAGE COUNTY,5501400000,Village Of Almond (Portage)
55,TOWN OF ALMOND - PORTAGE COUNTY,5501425000,Town Of Almond (Portage)
55,TOWN OF ALTO - FOND DU LAC COUNTY,5501525000,Town Of Alto (Fond Du Lac)
55,CITY OF ALTOONA - EAU CLAIRE COUNTY,5501550000,City Of Altoona (Eau Claire)
55,TOWN OF ALVIN - FOREST COUNTY,5501625000,Town Of Alvin (Forest)
55,TOWN OF AMBERG - MARINETTE COUNTY,5501675000,Town Of Amberg (Marinette)
55,CITY OF AMERY - POLK COUNTY,5501725000,City Of Amery (Polk)
55,VILLAGE OF AMHERST - PORTAGE COUNTY,5501750000,Village Of Amherst (Portage)
55,TOWN OF AMHERST - PORTAGE COUNTY,5501775000,Town Of Amherst (Portage)
55,VILLAGE OF AMHERST JUNCTION - PORTAGE COUNTY,5501800000,Village Of Amherst Junction (Portage)
55,TOWN OF AMNICON - DOUGLAS COUNTY,5501825000,Town Of Amnicon (Douglas)
55,TOWN OF ANDERSON - BURNETT COUNTY,5501900000,Town Of Anderson (Burnett)
55,TOWN OF ANDERSON - IRON COUNTY,5501925000,Town Of Anderson (Iron)
55,TOWN OF ANGELICA - SHAWANO COUNTY,5501975000,Town Of Angelica (Shawano)
55,TOWN OF ANGELO - MONROE COUNTY,5502025000,Town Of Angelo (Monroe)
55,VILLAGE OF ANIWA - SHAWANO COUNTY,5502075000,Village Of Aniwa (Shawano)
55,TOWN OF ANIWA - SHAWANO COUNTY,5502100000,Town Of Aniwa (Shawano)
55,TOWN OF ANSON - CHIPPEWA COUNTY,5502175000,Town Of Anson (Chippewa)
55,CITY OF ANTIGO - LANGLADE COUNTY,5502250000,City Of Antigo (Langlade)
55,TOWN OF ANTIGO - LANGLADE COUNTY,5502275000,Town Of Antigo (Langlade)
55,TOWN OF APPLE RIVER - POLK COUNTY,5502350000,Town Of Apple River (Polk)
55,CITY OF APPLETON - MULTIPLE COUNTIES,5502375000,City Of Appleton (Multiple Counties)
55,TOWN OF ARBOR VITAE - VILAS COUNTY,5502450000,Town Of Arbor Vitae (Vilas)
55,CITY OF ARCADIA - TREMPEALEAU COUNTY,5502500000,City Of Arcadia (Trempealeau)
55,TOWN OF ARCADIA - TREMPEALEAU COUNTY,5502525000,Town Of Arcadia (Trempealeau)
55,VILLAGE OF ARENA - IOWA COUNTY,5502550000,Village Of Arena (Iowa)
55,TOWN OF ARENA - IOWA COUNTY,5502575000,Town Of Arena (Iowa)
55,TOWN OF ARGONNE - FOREST COUNTY,5502625000,Town Of Argonne (Forest)
55,VILLAGE OF ARGYLE - LAFAYETTE COUNTY,5502650000,Village Of Argyle (Lafayette)
55,TOWN OF ARGYLE - LAFAYETTE COUNTY,5502675000,Town Of Argyle (Lafayette)
55,TOWN OF ARLAND - BARRON COUNTY,5502775000,Town Of Arland (Barron)
55,VILLAGE OF ARLINGTON - COLUMBIA COUNTY,5502800000,Village Of Arlington (Columbia)
55,TOWN OF ARLINGTON - COLUMBIA COUNTY,5502825000,Town Of Arlington (Columbia)
55,TOWN OF ARMENIA - JUNEAU COUNTY,5502850000,Town Of Armenia (Juneau)
55,TOWN OF ARMSTRONG CREEK - FOREST COUNTY,5502950000,Town Of Armstrong Creek (Forest)
55,VILLAGE OF ARPIN - WOOD COUNTY,5503025000,Village Of Arpin (Wood)
55,TOWN OF ARPIN - WOOD COUNTY,5503050000,Town Of Arpin (Wood)
55,TOWN OF ARTHUR - CHIPPEWA COUNTY,5503075000,Town Of Arthur (Chippewa)
55,TOWN OF ASHFORD - FOND DU LAC COUNTY,5503150000,Town Of Ashford (Fond Du Lac)
55,TOWN OF ASHIPPUN - DODGE COUNTY,5503200000,Town Of Ashippun (Dodge)
55,CITY OF ASHLAND - MULTIPLE COUNTIES,5503225000,City Of Ashland (Multiple Counties)
55,TOWN OF ASHLAND - ASHLAND COUNTY,5503250000,Town Of Ashland (Ashland)
55,VILLAGE OF ASHWAUBENON - BROWN COUNTY,5503425000,Village Of Ashwaubenon (Brown)
55,TOWN OF ATHELSTANE - MARINETTE COUNTY,5503525000,Town Of Athelstane (Marinette)
55,VILLAGE OF ATHENS - MARATHON COUNTY,5503550000,Village Of Athens (Marathon)
55,TOWN OF ATLANTA - RUSK COUNTY,5503600000,Town Of Atlanta (Rusk)
55,TOWN OF AUBURN - CHIPPEWA COUNTY,5503725000,Town Of Auburn (Chippewa)
55,TOWN OF AUBURN - FOND DU LAC COUNTY,5503750000,Town Of Auburn (Fond Du Lac)
55,VILLAGE OF AUBURNDALE - WOOD COUNTY,5503775000,Village Of Auburndale (Wood)
55,TOWN OF AUBURNDALE - WOOD COUNTY,5503800000,Town Of Auburndale (Wood)
55,CITY OF AUGUSTA - EAU CLAIRE COUNTY,5503825000,City Of Augusta (Eau Claire)
55,TOWN OF AURORA - FLORENCE COUNTY,5503875000,Town Of Aurora (Florence)
55,TOWN OF AURORA - TAYLOR COUNTY,5503900000,Town Of Aurora (Taylor)
55,TOWN OF AURORA - WAUSHARA COUNTY,5503925000,Town Of Aurora (Waushara)
55,VILLAGE OF AVOCA - IOWA COUNTY,5504025000,Village Of Avoca (Iowa)
55,TOWN OF AVON - ROCK COUNTY,5504100000,Town Of Avon (Rock)
55,TOWN OF AZTALAN - JEFFERSON COUNTY,5504125000,Town Of Aztalan (Jefferson)
55,VILLAGE OF BAGLEY - GRANT COUNTY,5504250000,Village Of Bagley (Grant)
55,TOWN OF BAGLEY - OCONTO COUNTY,5504275000,Town Of Bagley (Oconto)
55,TOWN OF BAILEYS HARBOR - DOOR COUNTY,5504325000,Town Of Baileys Harbor (Door)
55,VILLAGE OF BALDWIN - ST. CROIX COUNTY,5504400000,Village Of Baldwin (St. Croix)
55,TOWN OF BALDWIN - ST. CROIX COUNTY,5504425000,Town Of Baldwin (St. Croix)
55,VILLAGE OF BALSAM LAKE - POLK COUNTY,5504475000,Village Of Balsam Lake (Polk)
55,TOWN OF BALSAM LAKE - POLK COUNTY,5504500000,Town Of Balsam Lake (Polk)
55,VILLAGE OF BANGOR - LA CROSSE COUNTY,5504550000,Village Of Bangor (La Crosse)
55,TOWN OF BANGOR - LA CROSSE COUNTY,5504575000,Town Of Bangor (La Crosse)
55,CITY OF BARABOO - SAUK COUNTY,5504625000,City Of Baraboo (Sauk)
55,TOWN OF BARABOO - SAUK COUNTY,5504650000,Town Of Baraboo (Sauk)
55,TOWN OF BARKSDALE - BAYFIELD COUNTY,5504725000,Town Of Barksdale (Bayfield)
55,TOWN OF BARNES - BAYFIELD COUNTY,5504750000,Town Of Barnes (Bayfield)
55,VILLAGE OF BARNEVELD - IOWA COUNTY,5504775000,Village Of Barneveld (Iowa)
55,TOWN OF BARRE - LA CROSSE COUNTY,5504825000,Town Of Barre (La Crosse)
55,CITY OF BARRON - BARRON COUNTY,5504875000,City Of Barron (Barron)
55,TOWN OF BARRON - BARRON COUNTY,5504900000,Town Of Barron (Barron)
55,TOWN OF BARRONETT - WASHBURN COUNTY,5504950000,Town Of Barronett (Washburn)
55,TOWN OF BARTELME - SHAWANO COUNTY,5505000000,Town Of Bartelme (Shawano)
55,TOWN OF BARTON - WASHINGTON COUNTY,5505050000,Town Of Barton (Washington)
55,TOWN OF BASHAW - WASHBURN COUNTY,5505125000,Town Of Bashaw (Washburn)
55,TOWN OF BASS LAKE - SAWYER COUNTY,5505200000,Town Of Bass Lake (Sawyer)
55,TOWN OF BASS LAKE - WASHBURN COUNTY,5505225000,Town Of Bass Lake (Washburn)
55,VILLAGE OF BAY CITY - PIERCE COUNTY,5505325000,Village Of Bay City (Pierce)
55,CITY OF BAYFIELD - BAYFIELD COUNTY,5505350000,City Of Bayfield (Bayfield)
55,TOWN OF BAYFIELD - BAYFIELD COUNTY,5505375000,Town Of Bayfield (Bayfield)
55,VILLAGE OF BAYSIDE - MULTIPLE COUNTIES,5505450000,Village Of Bayside (Multiple Counties)
55,TOWN OF BAYVIEW - BAYFIELD COUNTY,5505475000,Town Of Bayview (Bayfield)
55,TOWN OF BEAR BLUFF - JACKSON COUNTY,5505550000,Town Of Bear Bluff (Jackson)
55,VILLAGE OF BEAR CREEK - OUTAGAMIE COUNTY,5505575000,Village Of Bear Creek (Outagamie)
55,TOWN OF BEAR CREEK - SAUK COUNTY,5505600000,Town Of Bear Creek (Sauk)
55,TOWN OF BEAR CREEK - WAUPACA COUNTY,5505625000,Town Of Bear Creek (Waupaca)
55,TOWN OF BEAR LAKE - BARRON COUNTY,5505650000,Town Of Bear Lake (Barron)
55,TOWN OF BEAVER - CLARK COUNTY,5505750000,Town Of Beaver (Clark)
55,TOWN OF BEAVER - MARINETTE COUNTY,5505800000,Town Of Beaver (Marinette)
55,TOWN OF BEAVER - POLK COUNTY,5505825000,Town Of Beaver (Polk)
55,TOWN OF BEAVER BROOK - WASHBURN COUNTY,5505875000,Town Of Beaver Brook (Washburn)
55,CITY OF BEAVER DAM - DODGE COUNTY,5505900000,City Of Beaver Dam (Dodge)
55,TOWN OF BEAVER DAM - DODGE COUNTY,5505925000,Town Of Beaver Dam (Dodge)
55,TOWN OF BEECHER - MARINETTE COUNTY,5506000000,Town Of Beecher (Marinette)
55,TOWN OF BEETOWN - GRANT COUNTY,5506100000,Town Of Beetown (Grant)
55,VILLAGE OF BELGIUM - OZAUKEE COUNTY,5506150000,Village Of Belgium (Ozaukee)
55,TOWN OF BELGIUM - OZAUKEE COUNTY,5506175000,Town Of Belgium (Ozaukee)
55,TOWN OF BELL - BAYFIELD COUNTY,5506200000,Town Of Bell (Bayfield)
55,VILLAGE OF BELL CENTER - CRAWFORD COUNTY,5506225000,Village Of Bell Center (Crawford)
55,TOWN OF BELLE PLAINE - SHAWANO COUNTY,5506275000,Town Of Belle Plaine (Shawano)
55,VILLAGE OF BELLEVILLE - MULTIPLE COUNTIES,5506300000,Village Of Belleville (Multiple Counties)
55,VILLAGE OF BELLEVUE - BROWN COUNTY,5506350000,Village Of Bellevue (Brown)
55,VILLAGE OF BELMONT - LAFAYETTE COUNTY,5506425000,Village Of Belmont (Lafayette)
55,TOWN OF BELMONT - LAFAYETTE COUNTY,5506450000,Town Of Belmont (Lafayette)
55,TOWN OF BELMONT - PORTAGE COUNTY,5506475000,Town Of Belmont (Portage)
55,CITY OF BELOIT - ROCK COUNTY,5506500000,City Of Beloit (Rock)
55,TOWN OF BELOIT - ROCK COUNTY,5506525000,Town Of Beloit (Rock)
55,TOWN OF BELVIDERE - BUFFALO COUNTY,5506675000,Town Of Belvidere (Buffalo)
55,TOWN OF BENNETT - DOUGLAS COUNTY,5506775000,Town Of Bennett (Douglas)
55,VILLAGE OF BENTON - LAFAYETTE COUNTY,5506825000,Village Of Benton (Lafayette)
55,TOWN OF BENTON - LAFAYETTE COUNTY,5506850000,Town Of Benton (Lafayette)
55,TOWN OF BERGEN - MARATHON COUNTY,5506875000,Town Of Bergen (Marathon)
55,TOWN OF BERGEN - VERNON COUNTY,5506900000,Town Of Bergen (Vernon)
55,CITY OF BERLIN - MULTIPLE COUNTIES,5506925000,City Of Berlin (Multiple Counties)
55,TOWN OF BERLIN - GREEN LAKE COUNTY,5506950000,Town Of Berlin (Green Lake)
55,TOWN OF BERLIN - MARATHON COUNTY,5506975000,Town Of Berlin (Marathon)
55,TOWN OF BERN - MARATHON COUNTY,5507000000,Town Of Bern (Marathon)
55,TOWN OF BERRY - DANE COUNTY,5507025000,Town Of Berry (Dane)
55,TOWN OF BEVENT - MARATHON COUNTY,5507125000,Town Of Bevent (Marathon)
55,TOWN OF BIG BEND - RUSK COUNTY,5507175000,Town Of Big Bend (Rusk)
55,VILLAGE OF BIG BEND - WAUKESHA COUNTY,5507200000,Village Of Big Bend (Waukesha)
55,TOWN OF BIG FALLS - RUSK COUNTY,5507225000,Town Of Big Falls (Rusk)
55,VILLAGE OF BIG FALLS - WAUPACA COUNTY,5507250000,Village Of Big Falls (Waupaca)
55,TOWN OF BIG FLATS - ADAMS COUNTY,5507300000,Town Of Big Flats (Adams)
55,TOWN OF BIRCH - LINCOLN COUNTY,5507500000,Town Of Birch (Lincoln)
55,TOWN OF BIRCH CREEK - CHIPPEWA COUNTY,5507525000,Town Of Birch Creek (Chippewa)
55,VILLAGE OF BIRCHWOOD - WASHBURN COUNTY,5507550000,Village Of Birchwood (Washburn)
55,TOWN OF BIRCHWOOD - WASHBURN COUNTY,5507575000,Town Of Birchwood (Washburn)
55,VILLAGE OF BIRNAMWOOD - MULTIPLE COUNTIES,5507600000,Village Of Birnamwood (Multiple Counties)
55,TOWN OF BIRNAMWOOD - SHAWANO COUNTY,5507625000,Town Of Birnamwood (Shawano)
55,VILLAGE OF BIRON - WOOD COUNTY,5507650000,Village Of Biron (Wood)
55,TOWN OF BLACK BROOK - POLK COUNTY,5507700000,Town Of Black Brook (Polk)
55,VILLAGE OF BLACK CREEK - OUTAGAMIE COUNTY,5507725000,Village Of Black Creek (Outagamie)
55,TOWN OF BLACK CREEK - OUTAGAMIE COUNTY,5507750000,Town Of Black Creek (Outagamie)
55,VILLAGE OF BLACK EARTH - DANE COUNTY,5507800000,Village Of Black Earth (Dane)
55,TOWN OF BLACK EARTH - DANE COUNTY,5507825000,Town Of Black Earth (Dane)
55,CITY OF BLACK RIVER FALLS - JACKSON COUNTY,5507900000,City Of Black River Falls (Jackson)
55,TOWN OF BLACKWELL - FOREST COUNTY,5507950000,Town Of Blackwell (Forest)
55,TOWN OF BLACK WOLF - WINNEBAGO COUNTY,5508000000,Town Of Black Wolf (Winnebago)
55,TOWN OF BLAINE - BURNETT COUNTY,5508025000,Town Of Blaine (Burnett)
55,CITY OF BLAIR - TREMPEALEAU COUNTY,5508075000,City Of Blair (Trempealeau)
55,TOWN OF BLANCHARD - LAFAYETTE COUNTY,5508100000,Town Of Blanchard (Lafayette)
55,VILLAGE OF BLANCHARDVILLE - MULTIPLE COUNTIES,5508125000,Village Of Blanchardville (Multiple Counties)
55,TOWN OF BLOOM - RICHLAND COUNTY,5508175000,Town Of Bloom (Richland)
55,CITY OF BLOOMER - CHIPPEWA COUNTY,5508225000,City Of Bloomer (Chippewa)
55,TOWN OF BLOOMER - CHIPPEWA COUNTY,5508250000,Town Of Bloomer (Chippewa)
55,VILLAGE OF BLOOMFIELD - WALWORTH COUNTY,5508265000,Village Of Bloomfield (Walworth)
55,TOWN OF BLOOMFIELD - WALWORTH COUNTY,5508275000,Town Of Bloomfield (Walworth)
55,TOWN OF BLOOMFIELD - WAUSHARA COUNTY,5508300000,Town Of Bloomfield (Waushara)
55,TOWN OF BLOOMING GROVE - DANE COUNTY,5508350000,Town Of Blooming Grove (Dane)
55,VILLAGE OF BLOOMINGTON - GRANT COUNTY,5508375000,Village Of Bloomington (Grant)
55,TOWN OF BLOOMINGTON - GRANT COUNTY,5508400000,Town Of Bloomington (Grant)
55,VILLAGE OF BLUE MOUNDS - DANE COUNTY,5508475000,Village Of Blue Mounds (Dane)
55,TOWN OF BLUE MOUNDS - DANE COUNTY,5508500000,Town Of Blue Mounds (Dane)
55,VILLAGE OF BLUE RIVER - GRANT COUNTY,5508525000,Village Of Blue River (Grant)
55,VILLAGE OF BOAZ - RICHLAND COUNTY,5508600000,Village Of Boaz (Richland)
55,VILLAGE OF BONDUEL - SHAWANO COUNTY,5508725000,Village Of Bonduel (Shawano)
55,TOWN OF BONE LAKE - POLK COUNTY,5508750000,Town Of Bone Lake (Polk)
55,CITY OF BOSCOBEL - GRANT COUNTY,5508850000,City Of Boscobel (Grant)
55,TOWN OF BOSCOBEL - GRANT COUNTY,5508875000,Town Of Boscobel (Grant)
55,TOWN OF BOULDER JUNCTION - VILAS COUNTY,5508950000,Town Of Boulder Junction (Vilas)
55,TOWN OF BOVINA - OUTAGAMIE COUNTY,5508975000,Town Of Bovina (Outagamie)
55,VILLAGE OF BOWLER - SHAWANO COUNTY,5509025000,Village Of Bowler (Shawano)
55,VILLAGE OF BOYCEVILLE - DUNN COUNTY,5509050000,Village Of Boyceville (Dunn)
55,VILLAGE OF BOYD - CHIPPEWA COUNTY,5509075000,Village Of Boyd (Chippewa)
55,TOWN OF BRADFORD - ROCK COUNTY,5509175000,Town Of Bradford (Rock)
55,TOWN OF BRADLEY - LINCOLN COUNTY,5509225000,Town Of Bradley (Lincoln)
55,VILLAGE OF BRANDON - FOND DU LAC COUNTY,5509300000,Village Of Brandon (Fond Du Lac)
55,TOWN OF BRAZEAU - OCONTO COUNTY,5509375000,Town Of Brazeau (Oconto)
55,TOWN OF BREED - OCONTO COUNTY,5509425000,Town Of Breed (Oconto)
55,TOWN OF BRIDGE CREEK - EAU CLAIRE COUNTY,5509500000,Town Of Bridge Creek (Eau Claire)
55,TOWN OF BRIDGEPORT - CRAWFORD COUNTY,5509550000,Town Of Bridgeport (Crawford)
55,TOWN OF BRIGHAM - IOWA COUNTY,5509600000,Town Of Brigham (Iowa)
55,TOWN OF BRIGHTON - KENOSHA COUNTY,5509635000,Town Of Brighton (Kenosha)
55,TOWN OF BRIGHTON - MARATHON COUNTY,5509650000,Town Of Brighton (Marathon)
55,CITY OF BRILLION - CALUMET COUNTY,5509725000,City Of Brillion (Calumet)
55,TOWN OF BRILLION - CALUMET COUNTY,5509750000,Town Of Brillion (Calumet)
55,TOWN OF BRISTOL - DANE COUNTY,5509775000,Town Of Bristol (Dane)
55,VILLAGE OF BRISTOL - KENOSHA COUNTY,5509800000,Village Of Bristol (Kenosha)
55,TOWN OF BROCKWAY - JACKSON COUNTY,5509900000,Town Of Brockway (Jackson)
55,CITY OF BRODHEAD - MULTIPLE COUNTIES,5509925000,City Of Brodhead (Multiple Counties)
55,CITY OF BROOKFIELD - WAUKESHA COUNTY,5510025000,City Of Brookfield (Waukesha)
55,TOWN OF BROOKFIELD - WAUKESHA COUNTY,5510050000,Town Of Brookfield (Waukesha)
55,VILLAGE OF BROOKLYN - MULTIPLE COUNTIES,5510075000,Village Of Brooklyn (Multiple Counties)
55,TOWN OF BROOKLYN - GREEN COUNTY,5510100000,Town Of Brooklyn (Green)
55,TOWN OF BROOKLYN - GREEN LAKE COUNTY,5510125000,Town Of Brooklyn (Green Lake)
55,TOWN OF BROOKLYN - WASHBURN COUNTY,5510150000,Town Of Brooklyn (Washburn)
55,TOWN OF BROTHERTOWN - CALUMET COUNTY,5510350000,Town Of Brothertown (Calumet)
55,VILLAGE OF BROWN DEER - MILWAUKEE COUNTY,5510375000,Village Of Brown Deer (Milwaukee)
55,TOWN OF BROWNING - TAYLOR COUNTY,5510400000,Town Of Browning (Taylor)
55,VILLAGE OF BROWNSVILLE - DODGE COUNTY,5510450000,Village Of Brownsville (Dodge)
55,VILLAGE OF BROWNTOWN - GREEN COUNTY,5510475000,Village Of Browntown (Green)
55,VILLAGE OF BRUCE - RUSK COUNTY,5510500000,Village Of Bruce (Rusk)
55,TOWN OF BRULE - DOUGLAS COUNTY,5510575000,Town Of Brule (Douglas)
55,TOWN OF BRUNSWICK - EAU CLAIRE COUNTY,5510625000,Town Of Brunswick (Eau Claire)
55,TOWN OF BRUSSELS - DOOR COUNTY,5510700000,Town Of Brussels (Door)
55,TOWN OF BUCHANAN - OUTAGAMIE COUNTY,5510750000,Town Of Buchanan (Outagamie)
55,TOWN OF BUENA VISTA - PORTAGE COUNTY,5510925000,Town Of Buena Vista (Portage)
55,TOWN OF BUENA VISTA - RICHLAND COUNTY,5510950000,Town Of Buena Vista (Richland)
55,TOWN OF BUFFALO - BUFFALO COUNTY,5511025000,Town Of Buffalo (Buffalo)
55,TOWN OF BUFFALO - MARQUETTE COUNTY,5511050000,Town Of Buffalo (Marquette)
55,CITY OF BUFFALO CITY - BUFFALO COUNTY,5511062000,City Of Buffalo City (Buffalo)
55,TOWN OF BURKE - DANE COUNTY,5511150000,Town Of Burke (Dane)
55,CITY OF BURLINGTON - MULTIPLE COUNTIES,5511200000,City Of Burlington (Multiple Counties)
55,TOWN OF BURLINGTON - RACINE COUNTY,5511225000,Town Of Burlington (Racine)
55,TOWN OF BURNETT - DODGE COUNTY,5511275000,Town Of Burnett (Dodge)
55,TOWN OF BURNS - LA CROSSE COUNTY,5511300000,Town Of Burns (La Crosse)
55,TOWN OF BURNSIDE - TREMPEALEAU COUNTY,5511325000,Town Of Burnside (Trempealeau)
55,TOWN OF BUTLER - CLARK COUNTY,5511425000,Town Of Butler (Clark)
55,VILLAGE OF BUTLER - WAUKESHA COUNTY,5511475000,Village Of Butler (Waukesha)
55,VILLAGE OF BUTTERNUT - ASHLAND COUNTY,5511525000,Village Of Butternut (Ashland)
55,TOWN OF BYRON - FOND DU LAC COUNTY,5511600000,Town Of Byron (Fond Du Lac)
55,TOWN OF BYRON - MONROE COUNTY,5511625000,Town Of Byron (Monroe)
55,TOWN OF CABLE - BAYFIELD COUNTY,5511675000,Town Of Cable (Bayfield)
55,TOWN OF CADIZ - GREEN COUNTY,5511725000,Town Of Cadiz (Green)
55,VILLAGE OF CADOTT - CHIPPEWA COUNTY,5511750000,Village Of Cadott (Chippewa)
55,TOWN OF CADY - ST. CROIX COUNTY,5511775000,Town Of Cady (St. Croix)
55,TOWN OF CALAMUS - DODGE COUNTY,5511850000,Town Of Calamus (Dodge)
55,TOWN OF CALEDONIA - COLUMBIA COUNTY,5511900000,Town Of Caledonia (Columbia)
55,VILLAGE OF CALEDONIA - RACINE COUNTY,5511950000,Village Of Caledonia (Racine)
55,TOWN OF CALEDONIA - TREMPEALEAU COUNTY,5511975000,Town Of Caledonia (Trempealeau)
55,TOWN OF CALEDONIA - WAUPACA COUNTY,5512000000,Town Of Caledonia (Waupaca)
55,TOWN OF CALUMET - FOND DU LAC COUNTY,5512075000,Town Of Calumet (Fond Du Lac)
55,VILLAGE OF CAMBRIA - COLUMBIA COUNTY,5512200000,Village Of Cambria (Columbia)
55,VILLAGE OF CAMBRIDGE - MULTIPLE COUNTIES,5512225000,Village Of Cambridge (Multiple Counties)
55,VILLAGE OF CAMERON - BARRON COUNTY,5512250000,Village Of Cameron (Barron)
55,TOWN OF CAMERON - WOOD COUNTY,5512275000,Town Of Cameron (Wood)
55,TOWN OF CAMPBELL - LA CROSSE COUNTY,5512300000,Town Of Campbell (La Crosse)
55,VILLAGE OF CAMPBELLSPORT - FOND DU LAC COUNTY,5512325000,Village Of Campbellsport (Fond Du Lac)
55,VILLAGE OF CAMP DOUGLAS - JUNEAU COUNTY,5512350000,Village Of Camp Douglas (Juneau)
55,TOWN OF CANTON - BUFFALO COUNTY,5512500000,Town Of Canton (Buffalo)
55,TOWN OF CAREY - IRON COUNTY,5512525000,Town Of Carey (Iron)
55,TOWN OF CARLTON - KEWAUNEE COUNTY,5512575000,Town Of Carlton (Kewaunee)
55,TOWN OF CARSON - PORTAGE COUNTY,5512725000,Town Of Carson (Portage)
55,TOWN OF CARY - WOOD COUNTY,5512775000,Town Of Cary (Wood)
55,VILLAGE OF CASCADE - SHEBOYGAN COUNTY,5512825000,Village Of Cascade (Sheboygan)
55,VILLAGE OF CASCO - KEWAUNEE COUNTY,5512850000,Village Of Casco (Kewaunee)
55,TOWN OF CASCO - KEWAUNEE COUNTY,5512875000,Town Of Casco (Kewaunee)
55,TOWN OF CASEY - WASHBURN COUNTY,5512925000,Town Of Casey (Washburn)
55,VILLAGE OF CASHTON - MONROE COUNTY,5512950000,Village Of Cashton (Monroe)
55,TOWN OF CASSEL - MARATHON COUNTY,5512975000,Town Of Cassel (Marathon)
55,TOWN OF CASSIAN - ONEIDA COUNTY,5513025000,Town Of Cassian (Oneida)
55,VILLAGE OF CASSVILLE - GRANT COUNTY,5513050000,Village Of Cassville (Grant)
55,TOWN OF CASSVILLE - GRANT COUNTY,5513075000,Town Of Cassville (Grant)
55,TOWN OF CASTLE ROCK - GRANT COUNTY,5513100000,Town Of Castle Rock (Grant)
55,TOWN OF CASWELL - FOREST COUNTY,5513125000,Town Of Caswell (Forest)
55,VILLAGE OF CATAWBA - PRICE COUNTY,5513175000,Village Of Catawba (Price)
55,TOWN OF CATAWBA - PRICE COUNTY,5513200000,Town Of Catawba (Price)
55,TOWN OF CATO - MANITOWOC COUNTY,5513237000,Town Of Cato (Manitowoc)
55,VILLAGE OF CAZENOVIA - MULTIPLE COUNTIES,5513300000,Village Of Cazenovia (Multiple Counties)
55,VILLAGE OF CECIL - SHAWANO COUNTY,5513325000,Village Of Cecil (Shawano)
55,CITY OF CEDARBURG - OZAUKEE COUNTY,5513375000,City Of Cedarburg (Ozaukee)
55,TOWN OF CEDARBURG - OZAUKEE COUNTY,5513400000,Town Of Cedarburg (Ozaukee)
55,VILLAGE OF CEDAR GROVE - SHEBOYGAN COUNTY,5513475000,Village Of Cedar Grove (Sheboygan)
55,TOWN OF CEDAR LAKE - BARRON COUNTY,5513500000,Town Of Cedar Lake (Barron)
55,TOWN OF CEDAR RAPIDS - RUSK COUNTY,5513550000,Town Of Cedar Rapids (Rusk)
55,TOWN OF CENTER - OUTAGAMIE COUNTY,5513600000,Town Of Center (Outagamie)
55,TOWN OF CENTER - ROCK COUNTY,5513625000,Town Of Center (Rock)
55,TOWN OF CENTERVILLE - MANITOWOC COUNTY,5513750000,Town Of Centerville (Manitowoc)
55,VILLAGE OF CENTURIA - POLK COUNTY,5513850000,Village Of Centuria (Polk)
55,TOWN OF CHARLESTOWN - CALUMET COUNTY,5514000000,Town Of Charlestown (Calumet)
55,TOWN OF CHASE - OCONTO COUNTY,5514125000,Town Of Chase (Oconto)
55,VILLAGE OF CHASEBURG - VERNON COUNTY,5514150000,Village Of Chaseburg (Vernon)
55,TOWN OF CHELSEA - TAYLOR COUNTY,5514200000,Town Of Chelsea (Taylor)
55,VILLAGE OF CHENEQUA - WAUKESHA COUNTY,5514225000,Village Of Chenequa (Waukesha)
55,TOWN OF CHESTER - DODGE COUNTY,5514300000,Town Of Chester (Dodge)
55,CITY OF CHETEK - BARRON COUNTY,5514325000,City Of Chetek (Barron)
55,TOWN OF CHETEK - BARRON COUNTY,5514350000,Town Of Chetek (Barron)
55,TOWN OF CHICOG - WASHBURN COUNTY,5514425000,Town Of Chicog (Washburn)
55,CITY OF CHILTON - CALUMET COUNTY,5514475000,City Of Chilton (Calumet)
55,TOWN OF CHILTON - CALUMET COUNTY,5514500000,Town Of Chilton (Calumet)
55,TOWN OF CHIMNEY ROCK - TREMPEALEAU COUNTY,5514525000,Town Of Chimney Rock (Trempealeau)
55,TOWN OF CHIPPEWA - ASHLAND COUNTY,5514550000,Town Of Chippewa (Ashland)
55,CITY OF CHIPPEWA FALLS - CHIPPEWA COUNTY,5514575000,City Of Chippewa Falls (Chippewa)
55,TOWN OF CHRISTIANA - DANE COUNTY,5514650000,Town Of Christiana (Dane)
55,TOWN OF CHRISTIANA - VERNON COUNTY,5514675000,Town Of Christiana (Vernon)
55,TOWN OF CICERO - OUTAGAMIE COUNTY,5514750000,Town Of Cicero (Outagamie)
55,TOWN OF CITY POINT - JACKSON COUNTY,5514800000,Town Of City Point (Jackson)
55,TOWN OF CLAM FALLS - POLK COUNTY,5514837000,Town Of Clam Falls (Polk)
55,TOWN OF CLARNO - GREEN COUNTY,5515000000,Town Of Clarno (Green)
55,TOWN OF CLAY BANKS - DOOR COUNTY,5515025000,Town Of Clay Banks (Door)
55,TOWN OF CLAYTON - CRAWFORD COUNTY,5515075000,Town Of Clayton (Crawford)
55,VILLAGE OF CLAYTON - POLK COUNTY,5515100000,Village Of Clayton (Polk)
55,TOWN OF CLAYTON - POLK COUNTY,5515125000,Town Of Clayton (Polk)
55,TOWN OF CLAYTON - WINNEBAGO COUNTY,5515150000,Town Of Clayton (Winnebago)
55,TOWN OF CLEAR CREEK - EAU CLAIRE COUNTY,5515200000,Town Of Clear Creek (Eau Claire)
55,TOWN OF CLEARFIELD - JUNEAU COUNTY,5515225000,Town Of Clearfield (Juneau)
55,VILLAGE OF CLEAR LAKE - POLK COUNTY,5515250000,Village Of Clear Lake (Polk)
55,TOWN OF CLEAR LAKE - POLK COUNTY,5515275000,Town Of Clear Lake (Polk)
55,TOWN OF CLEVELAND - CHIPPEWA COUNTY,5515350000,Town Of Cleveland (Chippewa)
55,TOWN OF CLEVELAND - JACKSON COUNTY,5515375000,Town Of Cleveland (Jackson)
55,VILLAGE OF CLEVELAND - MANITOWOC COUNTY,5515400000,Village Of Cleveland (Manitowoc)
55,TOWN OF CLEVELAND - MARATHON COUNTY,5515425000,Town Of Cleveland (Marathon)
55,TOWN OF CLEVELAND - TAYLOR COUNTY,5515450000,Town Of Cleveland (Taylor)
55,TOWN OF CLIFTON - GRANT COUNTY,5515500000,Town Of Clifton (Grant)
55,TOWN OF CLIFTON - MONROE COUNTY,5515550000,Town Of Clifton (Monroe)
55,TOWN OF CLIFTON - PIERCE COUNTY,5515575000,Town Of Clifton (Pierce)
55,TOWN OF CLINTON - BARRON COUNTY,5515600000,Town Of Clinton (Barron)
55,VILLAGE OF CLINTON - ROCK COUNTY,5515625000,Village Of Clinton (Rock)
55,TOWN OF CLINTON - ROCK COUNTY,5515650000,Town Of Clinton (Rock)
55,TOWN OF CLINTON - VERNON COUNTY,5515675000,Town Of Clinton (Vernon)
55,CITY OF CLINTONVILLE - WAUPACA COUNTY,5515725000,City Of Clintonville (Waupaca)
55,TOWN OF CLOVER - BAYFIELD COUNTY,5515750000,Town Of Clover (Bayfield)
55,TOWN OF CLOVERLAND - DOUGLAS COUNTY,5515825000,Town Of Cloverland (Douglas)
55,TOWN OF CLOVERLAND - VILAS COUNTY,5515850000,Town Of Cloverland (Vilas)
55,TOWN OF CLYDE - IOWA COUNTY,5515875000,Town Of Clyde (Iowa)
55,VILLAGE OF CLYMAN - DODGE COUNTY,5515900000,Village Of Clyman (Dodge)
55,TOWN OF CLYMAN - DODGE COUNTY,5515925000,Town Of Clyman (Dodge)
55,VILLAGE OF COBB - IOWA COUNTY,5515975000,Village Of Cobb (Iowa)
55,VILLAGE OF COCHRANE - BUFFALO COUNTY,5516025000,Village Of Cochrane (Buffalo)
55,TOWN OF COLBURN - ADAMS COUNTY,5516075000,Town Of Colburn (Adams)
55,TOWN OF COLBURN - CHIPPEWA COUNTY,5516125000,Town Of Colburn (Chippewa)
55,CITY OF COLBY - MULTIPLE COUNTIES,5516150000,City Of Colby (Multiple Counties)
55,TOWN OF COLBY - CLARK COUNTY,5516175000,Town Of Colby (Clark)
55,TOWN OF COLD SPRING - JEFFERSON COUNTY,5516225000,Town Of Cold Spring (Jefferson)
55,VILLAGE OF COLEMAN - MARINETTE COUNTY,5516250000,Village Of Coleman (Marinette)
55,VILLAGE OF COLFAX - DUNN COUNTY,5516275000,Village Of Colfax (Dunn)
55,TOWN OF COLFAX - DUNN COUNTY,5516300000,Town Of Colfax (Dunn)
55,VILLAGE OF COLOMA - WAUSHARA COUNTY,5516375000,Village Of Coloma (Waushara)
55,TOWN OF COLOMA - WAUSHARA COUNTY,5516400000,Town Of Coloma (Waushara)
55,CITY OF COLUMBUS - MULTIPLE COUNTIES,5516450000,City Of Columbus (Multiple Counties)
55,TOWN OF COLUMBUS - COLUMBIA COUNTY,5516475000,Town Of Columbus (Columbia)
55,VILLAGE OF COMBINED LOCKS - OUTAGAMIE COUNTY,5516500000,Village Of Combined Locks (Outagamie)
55,TOWN OF COMMONWEALTH - FLORENCE COUNTY,5516550000,Town Of Commonwealth (Florence)
55,TOWN OF CONCORD - JEFFERSON COUNTY,5516650000,Town Of Concord (Jefferson)
55,TOWN OF CONOVER - VILAS COUNTY,5516750000,Town Of Conover (Vilas)
55,VILLAGE OF CONRATH - RUSK COUNTY,5516775000,Village Of Conrath (Rusk)
55,TOWN OF COOKS VALLEY - CHIPPEWA COUNTY,5516800000,Town Of Cooks Valley (Chippewa)
55,TOWN OF COON - VERNON COUNTY,5516875000,Town Of Coon (Vernon)
55,VILLAGE OF COON VALLEY - VERNON COUNTY,5516900000,Village Of Coon Valley (Vernon)
55,TOWN OF COOPERSTOWN - MANITOWOC COUNTY,5516950000,Town Of Cooperstown (Manitowoc)
55,CITY OF CORNELL - CHIPPEWA COUNTY,5517100000,City Of Cornell (Chippewa)
55,TOWN OF CORNING - LINCOLN COUNTY,5517125000,Town Of Corning (Lincoln)
55,VILLAGE OF COTTAGE GROVE - DANE COUNTY,5517175000,Village Of Cottage Grove (Dane)
55,TOWN OF COTTAGE GROVE - DANE COUNTY,5517200000,Town Of Cottage Grove (Dane)
55,VILLAGE OF COUDERAY - SAWYER COUNTY,5517225000,Village Of Couderay (Sawyer)
55,TOWN OF COUDERAY - SAWYER COUNTY,5517250000,Town Of Couderay (Sawyer)
55,TOWN OF COURTLAND - COLUMBIA COUNTY,5517325000,Town Of Courtland (Columbia)
55,CITY OF CRANDON - FOREST COUNTY,5517425000,City Of Crandon (Forest)
55,TOWN OF CRANDON - FOREST COUNTY,5517450000,Town Of Crandon (Forest)
55,TOWN OF CRANMOOR - WOOD COUNTY,5517525000,Town Of Cranmoor (Wood)
55,TOWN OF CRESCENT - ONEIDA COUNTY,5517625000,Town Of Crescent (Oneida)
55,VILLAGE OF CRIVITZ - MARINETTE COUNTY,5517725000,Village Of Crivitz (Marinette)
55,TOWN OF CROSS - BUFFALO COUNTY,5517737000,Town Of Cross (Buffalo)
55,VILLAGE OF CROSS PLAINS - DANE COUNTY,5517775000,Village Of Cross Plains (Dane)
55,TOWN OF CROSS PLAINS - DANE COUNTY,5517800000,Town Of Cross Plains (Dane)
55,TOWN OF CRYSTAL - WASHBURN COUNTY,5517850000,Town Of Crystal (Washburn)
55,TOWN OF CRYSTAL LAKE - BARRON COUNTY,5517875000,Town Of Crystal Lake (Barron)
55,TOWN OF CRYSTAL LAKE - MARQUETTE COUNTY,5517900000,Town Of Crystal Lake (Marquette)
55,CITY OF CUBA CITY - MULTIPLE COUNTIES,5517950000,City Of Cuba City (Multiple Counties)
55,CITY OF CUDAHY - MILWAUKEE COUNTY,5517975000,City Of Cudahy (Milwaukee)
55,CITY OF CUMBERLAND - BARRON COUNTY,5518025000,City Of Cumberland (Barron)
55,TOWN OF CUMBERLAND - BARRON COUNTY,5518050000,Town Of Cumberland (Barron)
55,TOWN OF CURRAN - JACKSON COUNTY,5518075000,Town Of Curran (Jackson)
55,VILLAGE OF CURTISS - CLARK COUNTY,5518125000,Village Of Curtiss (Clark)
55,TOWN OF CUTLER - JUNEAU COUNTY,5518225000,Town Of Cutler (Juneau)
55,TOWN OF CYLON - ST. CROIX COUNTY,5518300000,Town Of Cylon (St. Croix)
55,TOWN OF DAIRYLAND - DOUGLAS COUNTY,5518425000,Town Of Dairyland (Douglas)
55,TOWN OF DAKOTA - WAUSHARA COUNTY,5518475000,Town Of Dakota (Waushara)
55,TOWN OF DALE - OUTAGAMIE COUNTY,5518525000,Town Of Dale (Outagamie)
55,VILLAGE OF DALLAS - BARRON COUNTY,5518575000,Village Of Dallas (Barron)
55,TOWN OF DALLAS - BARRON COUNTY,5518600000,Town Of Dallas (Barron)
55,VILLAGE OF DANE - DANE COUNTY,5518700000,Village Of Dane (Dane)
55,TOWN OF DANE - DANE COUNTY,5518725000,Town Of Dane (Dane)
55,TOWN OF DANIELS - BURNETT COUNTY,5518750000,Town Of Daniels (Burnett)
55,VILLAGE OF DARIEN - WALWORTH COUNTY,5518825000,Village Of Darien (Walworth)
55,TOWN OF DARIEN - WALWORTH COUNTY,5518850000,Town Of Darien (Walworth)
55,CITY OF DARLINGTON - LAFAYETTE COUNTY,5518875000,City Of Darlington (Lafayette)
55,TOWN OF DARLINGTON - LAFAYETTE COUNTY,5518900000,Town Of Darlington (Lafayette)
55,TOWN OF DAY - MARATHON COUNTY,5518950000,Town Of Day (Marathon)
55,TOWN OF DAYTON - RICHLAND COUNTY,5519000000,Town Of Dayton (Richland)
55,TOWN OF DAYTON - WAUPACA COUNTY,5519025000,Town Of Dayton (Waupaca)
55,TOWN OF DECATUR - GREEN COUNTY,5519075000,Town Of Decatur (Green)
55,TOWN OF DEER CREEK - OUTAGAMIE COUNTY,5519200000,Town Of Deer Creek (Outagamie)
55,TOWN OF DEER CREEK - TAYLOR COUNTY,5519225000,Town Of Deer Creek (Taylor)
55,VILLAGE OF DEERFIELD - DANE COUNTY,5519250000,Village Of Deerfield (Dane)
55,TOWN OF DEERFIELD - DANE COUNTY,5519275000,Town Of Deerfield (Dane)
55,TOWN OF DEERFIELD - WAUSHARA COUNTY,5519300000,Town Of Deerfield (Waushara)
55,VILLAGE OF DEER PARK - ST. CROIX COUNTY,5519325000,Village Of Deer Park (St. Croix)
55,VILLAGE OF DEFOREST - DANE COUNTY,5519350000,Village Of Deforest (Dane)
55,TOWN OF DEKORRA - COLUMBIA COUNTY,5519375000,Town Of Dekorra (Columbia)
55,CITY OF DELAFIELD - WAUKESHA COUNTY,5519400000,City Of Delafield (Waukesha)
55,TOWN OF DELAFIELD - WAUKESHA COUNTY,5519425000,Town Of Delafield (Waukesha)
55,CITY OF DELAVAN - WALWORTH COUNTY,5519450000,City Of Delavan (Walworth)
55,TOWN OF DELAVAN - WALWORTH COUNTY,5519475000,Town Of Delavan (Walworth)
55,TOWN OF DELLONA - SAUK COUNTY,5519550000,Town Of Dellona (Sauk)
55,TOWN OF DELL PRAIRIE - ADAMS COUNTY,5519575000,Town Of Dell Prairie (Adams)
55,TOWN OF DELMAR - CHIPPEWA COUNTY,5519625000,Town Of Delmar (Chippewa)
55,TOWN OF DELTA - BAYFIELD COUNTY,5519662000,Town Of Delta (Bayfield)
55,TOWN OF DELTON - SAUK COUNTY,5519675000,Town Of Delton (Sauk)
55,VILLAGE OF DENMARK - BROWN COUNTY,5519700000,Village Of Denmark (Brown)
55,CITY OF DE PERE - BROWN COUNTY,5519775000,City Of De Pere (Brown)
55,VILLAGE OF DE SOTO - MULTIPLE COUNTIES,5519850000,Village Of De Soto (Multiple Counties)
55,TOWN OF DEWEY - BURNETT COUNTY,5519925000,Town Of Dewey (Burnett)
55,TOWN OF DEWEY - PORTAGE COUNTY,5519975000,Town Of Dewey (Portage)
55,TOWN OF DEWEY - RUSK COUNTY,5520000000,Town Of Dewey (Rusk)
55,TOWN OF DEWHURST - CLARK COUNTY,5520025000,Town Of Dewhurst (Clark)
55,TOWN OF DEXTER - WOOD COUNTY,5520075000,Town Of Dexter (Wood)
55,TOWN OF DIAMOND BLUFF - PIERCE COUNTY,5520150000,Town Of Diamond Bluff (Pierce)
55,VILLAGE OF DICKEYVILLE - GRANT COUNTY,5520175000,Village Of Dickeyville (Grant)
55,TOWN OF DODGE - TREMPEALEAU COUNTY,5520300000,Town Of Dodge (Trempealeau)
55,CITY OF DODGEVILLE - IOWA COUNTY,5520350000,City Of Dodgeville (Iowa)
55,TOWN OF DODGEVILLE - IOWA COUNTY,5520375000,Town Of Dodgeville (Iowa)
55,VILLAGE OF DORCHESTER - MULTIPLE COUNTIES,5520450000,Village Of Dorchester (Multiple Counties)
55,TOWN OF DOTY - OCONTO COUNTY,5520475000,Town Of Doty (Oconto)
55,TOWN OF DOUGLAS - MARQUETTE COUNTY,5520525000,Town Of Douglas (Marquette)
55,VILLAGE OF DOUSMAN - WAUKESHA COUNTY,5520550000,Village Of Dousman (Waukesha)
55,TOWN OF DOVER - BUFFALO COUNTY,5520575000,Town Of Dover (Buffalo)
55,TOWN OF DOVER - RACINE COUNTY,5520625000,Town Of Dover (Racine)
55,TOWN OF DOVRE - BARRON COUNTY,5520650000,Town Of Dovre (Barron)
55,VILLAGE OF DOWNING - DUNN COUNTY,5520675000,Village Of Downing (Dunn)
55,TOWN OF DOYLE - BARRON COUNTY,5520750000,Town Of Doyle (Barron)
55,VILLAGE OF DOYLESTOWN - COLUMBIA COUNTY,5520775000,Village Of Doylestown (Columbia)
55,TOWN OF DRAMMEN - EAU CLAIRE COUNTY,5520800000,Town Of Drammen (Eau Claire)
55,TOWN OF DRAPER - SAWYER COUNTY,5520825000,Town Of Draper (Sawyer)
55,VILLAGE OF DRESSER - POLK COUNTY,5520850000,Village Of Dresser (Polk)
55,TOWN OF DRUMMOND - BAYFIELD COUNTY,5520887000,Town Of Drummond (Bayfield)
55,TOWN OF DUNBAR - MARINETTE COUNTY,5521000000,Town Of Dunbar (Marinette)
55,TOWN OF DUNKIRK - DANE COUNTY,5521100000,Town Of Dunkirk (Dane)
55,TOWN OF DUNN - DANE COUNTY,5521125000,Town Of Dunn (Dane)
55,TOWN OF DUNN - DUNN COUNTY,5521150000,Town Of Dunn (Dunn)
55,TOWN OF DUPONT - WAUPACA COUNTY,5521200000,Town Of Dupont (Waupaca)
55,CITY OF DURAND - PEPIN COUNTY,5521225000,City Of Durand (Pepin)
55,TOWN OF DURAND - PEPIN COUNTY,5521250000,Town Of Durand (Pepin)
55,TOWN OF EAGLE - RICHLAND COUNTY,5521400000,Town Of Eagle (Richland)
55,VILLAGE OF EAGLE - WAUKESHA COUNTY,5521425000,Village Of Eagle (Waukesha)
55,TOWN OF EAGLE - WAUKESHA COUNTY,5521450000,Town Of Eagle (Waukesha)
55,TOWN OF EAGLE POINT - CHIPPEWA COUNTY,5521600000,Town Of Eagle Point (Chippewa)
55,CITY OF EAGLE RIVER - VILAS COUNTY,5521625000,City Of Eagle River (Vilas)
55,VILLAGE OF EASTMAN - CRAWFORD COUNTY,5521900000,Village Of Eastman (Crawford)
55,TOWN OF EASTMAN - CRAWFORD COUNTY,5521925000,Town Of Eastman (Crawford)
55,TOWN OF EASTON - ADAMS COUNTY,5522000000,Town Of Easton (Adams)
55,TOWN OF EASTON - MARATHON COUNTY,5522025000,Town Of Easton (Marathon)
55,VILLAGE OF EAST TROY - WALWORTH COUNTY,5522100000,Village Of East Troy (Walworth)
55,TOWN OF EAST TROY - WALWORTH COUNTY,5522125000,Town Of East Troy (Walworth)
55,TOWN OF EATON - BROWN COUNTY,5522225000,Town Of Eaton (Brown)
55,TOWN OF EATON - CLARK COUNTY,5522250000,Town Of Eaton (Clark)
55,TOWN OF EATON - MANITOWOC COUNTY,5522275000,Town Of Eaton (Manitowoc)
55,CITY OF EAU CLAIRE - MULTIPLE COUNTIES,5522300000,City Of Eau Claire (Multiple Counties)
55,TOWN OF EAU GALLE - DUNN COUNTY,5522375000,Town Of Eau Galle (Dunn)
55,TOWN OF EAU GALLE - ST. CROIX COUNTY,5522400000,Town Of Eau Galle (St. Croix)
55,TOWN OF EAU PLEINE - MARATHON COUNTY,5522425000,Town Of Eau Pleine (Marathon)
55,TOWN OF EAU PLEINE - PORTAGE COUNTY,5522450000,Town Of Eau Pleine (Portage)
55,VILLAGE OF EDEN - FOND DU LAC COUNTY,5522475000,Village Of Eden (Fond Du Lac)
55,TOWN OF EDEN - FOND DU LAC COUNTY,5522500000,Town Of Eden (Fond Du Lac)
55,TOWN OF EDEN - IOWA COUNTY,5522525000,Town Of Eden (Iowa)
55,VILLAGE OF EDGAR - MARATHON COUNTY,5522550000,Village Of Edgar (Marathon)
55,CITY OF EDGERTON - MULTIPLE COUNTIES,5522575000,City Of Edgerton (Multiple Counties)
55,TOWN OF EDGEWATER - SAWYER COUNTY,5522625000,Town Of Edgewater (Sawyer)
55,TOWN OF EDSON - CHIPPEWA COUNTY,5522750000,Town Of Edson (Chippewa)
55,VILLAGE OF EGG HARBOR - DOOR COUNTY,5522850000,Village Of Egg Harbor (Door)
55,TOWN OF EGG HARBOR - DOOR COUNTY,5522875000,Town Of Egg Harbor (Door)
55,TOWN OF EILEEN - BAYFIELD COUNTY,5522925000,Town Of Eileen (Bayfield)
55,TOWN OF EISENSTEIN - PRICE COUNTY,5522950000,Town Of Eisenstein (Price)
55,VILLAGE OF ELAND - SHAWANO COUNTY,5522975000,Village Of Eland (Shawano)
55,TOWN OF ELBA - DODGE COUNTY,5523000000,Town Of Elba (Dodge)
55,TOWN OF ELCHO - LANGLADE COUNTY,5523050000,Town Of Elcho (Langlade)
55,VILLAGE OF ELDERON - MARATHON COUNTY,5523075000,Village Of Elderon (Marathon)
55,TOWN OF ELDERON - MARATHON COUNTY,5523100000,Town Of Elderon (Marathon)
55,TOWN OF ELDORADO - FOND DU LAC COUNTY,5523150000,Town Of Eldorado (Fond Du Lac)
55,VILLAGE OF ELEVA - TREMPEALEAU COUNTY,5523175000,Village Of Eleva (Trempealeau)
55,TOWN OF ELK - PRICE COUNTY,5523200000,Town Of Elk (Price)
55,TOWN OF ELK GROVE - LAFAYETTE COUNTY,5523262000,Town Of Elk Grove (Lafayette)
55,VILLAGE OF ELKHART LAKE - SHEBOYGAN COUNTY,5523275000,Village Of Elkhart Lake (Sheboygan)
55,CITY OF ELKHORN - WALWORTH COUNTY,5523300000,City Of Elkhorn (Walworth)
55,VILLAGE OF ELK MOUND - DUNN COUNTY,5523325000,Village Of Elk Mound (Dunn)
55,TOWN OF ELK MOUND - DUNN COUNTY,5523350000,Town Of Elk Mound (Dunn)
55,TOWN OF ELLENBORO - GRANT COUNTY,5523400000,Town Of Ellenboro (Grant)
55,TOWN OF ELLINGTON - OUTAGAMIE COUNTY,5523425000,Town Of Ellington (Outagamie)
55,VILLAGE OF ELLSWORTH - PIERCE COUNTY,5523525000,Village Of Ellsworth (Pierce)
55,TOWN OF ELLSWORTH - PIERCE COUNTY,5523550000,Town Of Ellsworth (Pierce)
55,VILLAGE OF ELM GROVE - WAUKESHA COUNTY,5523575000,Village Of Elm Grove (Waukesha)
55,VILLAGE OF ELMWOOD - PIERCE COUNTY,5523700000,Village Of Elmwood (Pierce)
55,VILLAGE OF ELMWOOD PARK - RACINE COUNTY,5523725000,Village Of Elmwood Park (Racine)
55,TOWN OF EL PASO - PIERCE COUNTY,5523775000,Town Of El Paso (Pierce)
55,CITY OF ELROY - JUNEAU COUNTY,5523800000,City Of Elroy (Juneau)
55,VILLAGE OF EMBARRASS - WAUPACA COUNTY,5523850000,Village Of Embarrass (Waupaca)
55,TOWN OF EMERALD - ST. CROIX COUNTY,5523925000,Town Of Emerald (St. Croix)
55,TOWN OF EMERY - PRICE COUNTY,5523975000,Town Of Emery (Price)
55,TOWN OF EMMET - DODGE COUNTY,5524000000,Town Of Emmet (Dodge)
55,TOWN OF EMMET - MARATHON COUNTY,5524025000,Town Of Emmet (Marathon)
55,TOWN OF EMPIRE - FOND DU LAC COUNTY,5524050000,Town Of Empire (Fond Du Lac)
55,VILLAGE OF ENDEAVOR - MARQUETTE COUNTY,5524075000,Village Of Endeavor (Marquette)
55,TOWN OF ENTERPRISE - ONEIDA COUNTY,5524125000,Town Of Enterprise (Oneida)
55,VILLAGE OF EPHRAIM - DOOR COUNTY,5524150000,Village Of Ephraim (Door)
55,TOWN OF ERIN - WASHINGTON COUNTY,5524225000,Town Of Erin (Washington)
55,TOWN OF ERIN PRAIRIE - ST. CROIX COUNTY,5524275000,Town Of Erin Prairie (St. Croix)
55,TOWN OF ESTELLA - CHIPPEWA COUNTY,5524375000,Town Of Estella (Chippewa)
55,VILLAGE OF ETTRICK - TREMPEALEAU COUNTY,5524400000,Village Of Ettrick (Trempealeau)
55,TOWN OF ETTRICK - TREMPEALEAU COUNTY,5524425000,Town Of Ettrick (Trempealeau)
55,TOWN OF EUREKA - POLK COUNTY,5524450000,Town Of Eureka (Polk)
55,CITY OF EVANSVILLE - ROCK COUNTY,5524550000,City Of Evansville (Rock)
55,TOWN OF EVERGREEN - LANGLADE COUNTY,5524575000,Town Of Evergreen (Langlade)
55,TOWN OF EVERGREEN - WASHBURN COUNTY,5524600000,Town Of Evergreen (Washburn)
55,TOWN OF EXCELSIOR - SAUK COUNTY,5524675000,Town Of Excelsior (Sauk)
55,VILLAGE OF EXELAND - SAWYER COUNTY,5524700000,Village Of Exeland (Sawyer)
55,TOWN OF EXETER - GREEN COUNTY,5524725000,Town Of Exeter (Green)
55,TOWN OF FAIRBANKS - SHAWANO COUNTY,5524775000,Town Of Fairbanks (Shawano)
55,VILLAGE OF FAIRCHILD - EAU CLAIRE COUNTY,5524825000,Village Of Fairchild (Eau Claire)
55,TOWN OF FAIRCHILD - EAU CLAIRE COUNTY,5524850000,Town Of Fairchild (Eau Claire)
55,TOWN OF FAIRFIELD - SAUK COUNTY,5524900000,Town Of Fairfield (Sauk)
55,VILLAGE OF FAIRWATER - FOND DU LAC COUNTY,5525075000,Village Of Fairwater (Fond Du Lac)
55,VILLAGE OF FALL CREEK - EAU CLAIRE COUNTY,5525125000,Village Of Fall Creek (Eau Claire)
55,VILLAGE OF FALL RIVER - COLUMBIA COUNTY,5525150000,Village Of Fall River (Columbia)
55,TOWN OF FARMINGTON - JEFFERSON COUNTY,5525300000,Town Of Farmington (Jefferson)
55,TOWN OF FARMINGTON - LA CROSSE COUNTY,5525325000,Town Of Farmington (La Crosse)
55,TOWN OF FARMINGTON - POLK COUNTY,5525350000,Town Of Farmington (Polk)
55,TOWN OF FARMINGTON - WASHINGTON COUNTY,5525375000,Town Of Farmington (Washington)
55,TOWN OF FARMINGTON - WAUPACA COUNTY,5525400000,Town Of Farmington (Waupaca)
55,TOWN OF FAYETTE - LAFAYETTE COUNTY,5525475000,Town Of Fayette (Lafayette)
55,TOWN OF FENCE - FLORENCE COUNTY,5525575000,Town Of Fence (Florence)
55,CITY OF FENNIMORE - GRANT COUNTY,5525600000,City Of Fennimore (Grant)
55,TOWN OF FENNIMORE - GRANT COUNTY,5525625000,Town Of Fennimore (Grant)
55,VILLAGE OF FENWOOD - MARATHON COUNTY,5525650000,Village Of Fenwood (Marathon)
55,TOWN OF FERN - FLORENCE COUNTY,5525675000,Town Of Fern (Florence)
55,VILLAGE OF FERRYVILLE - CRAWFORD COUNTY,5525725000,Village Of Ferryville (Crawford)
55,TOWN OF FIFIELD - PRICE COUNTY,5525775000,Town Of Fifield (Price)
55,TOWN OF FINLEY - JUNEAU COUNTY,5525850000,Town Of Finley (Juneau)
55,CITY OF FITCHBURG - DANE COUNTY,5525950000,City Of Fitchburg (Dane)
55,TOWN OF FLAMBEAU - PRICE COUNTY,5526050000,Town Of Flambeau (Price)
55,TOWN OF FLAMBEAU - RUSK COUNTY,5526100000,Town Of Flambeau (Rusk)
55,TOWN OF FLORENCE - FLORENCE COUNTY,5526200000,Town Of Florence (Florence)
55,CITY OF FOND DU LAC - FOND DU LAC COUNTY,5526275000,City Of Fond Du Lac (Fond Du Lac)
55,TOWN OF FOND DU LAC - FOND DU LAC COUNTY,5526300000,Town Of Fond Du Lac (Fond Du Lac)
55,VILLAGE OF FONTANA - WALWORTH COUNTY,5526350000,Village Of Fontana (Walworth)
55,VILLAGE OF FOOTVILLE - ROCK COUNTY,5526400000,Village Of Footville (Rock)
55,TOWN OF FORD - TAYLOR COUNTY,5526425000,Town Of Ford (Taylor)
55,TOWN OF FOREST - FOND DU LAC COUNTY,5526450000,Town Of Forest (Fond Du Lac)
55,TOWN OF FOREST - RICHLAND COUNTY,5526475000,Town Of Forest (Richland)
55,TOWN OF FOREST - ST. CROIX COUNTY,5526525000,Town Of Forest (St. Croix)
55,TOWN OF FOREST - VERNON COUNTY,5526550000,Town Of Forest (Vernon)
55,VILLAGE OF FORESTVILLE - DOOR COUNTY,5526625000,Village Of Forestville (Door)
55,TOWN OF FORESTVILLE - DOOR COUNTY,5526650000,Town Of Forestville (Door)
55,CITY OF FORT ATKINSON - JEFFERSON COUNTY,5526675000,City Of Fort Atkinson (Jefferson)
55,TOWN OF FORT WINNEBAGO - COLUMBIA COUNTY,5526725000,Town Of Fort Winnebago (Columbia)
55,TOWN OF FOSTER - CLARK COUNTY,5526775000,Town Of Foster (Clark)
55,TOWN OF FOUNTAIN - JUNEAU COUNTY,5526825000,Town Of Fountain (Juneau)
55,CITY OF FOUNTAIN CITY - BUFFALO COUNTY,5526850000,City Of Fountain City (Buffalo)
55,TOWN OF FOUNTAIN PRAIRIE - COLUMBIA COUNTY,5526875000,Town Of Fountain Prairie (Columbia)
55,VILLAGE OF FOX CROSSING - MULTIPLE COUNTIES,5526982000,Village Of Fox Crossing (Multiple Counties)
55,CITY OF FOX LAKE - DODGE COUNTY,5527000000,City Of Fox Lake (Dodge)
55,TOWN OF FOX LAKE - DODGE COUNTY,5527025000,Town Of Fox Lake (Dodge)
55,VILLAGE OF FOX POINT - MILWAUKEE COUNTY,5527075000,Village Of Fox Point (Milwaukee)
55,VILLAGE OF FRANCIS CREEK - MANITOWOC COUNTY,5527125000,Village Of Francis Creek (Manitowoc)
55,TOWN OF FRANKFORT - MARATHON COUNTY,5527150000,Town Of Frankfort (Marathon)
55,TOWN OF FRANKFORT - PEPIN COUNTY,5527175000,Town Of Frankfort (Pepin)
55,TOWN OF FRANKLIN - JACKSON COUNTY,5527225000,Town Of Franklin (Jackson)
55,TOWN OF FRANKLIN - KEWAUNEE COUNTY,5527250000,Town Of Franklin (Kewaunee)
55,TOWN OF FRANKLIN - MANITOWOC COUNTY,5527275000,Town Of Franklin (Manitowoc)
55,CITY OF FRANKLIN - MILWAUKEE COUNTY,5527300000,City Of Franklin (Milwaukee)
55,TOWN OF FRANKLIN - SAUK COUNTY,5527350000,Town Of Franklin (Sauk)
55,TOWN OF FRANKLIN - VERNON COUNTY,5527400000,Town Of Franklin (Vernon)
55,TOWN OF FRANZEN - MARATHON COUNTY,5527450000,Town Of Franzen (Marathon)
55,VILLAGE OF FREDERIC - POLK COUNTY,5527500000,Village Of Frederic (Polk)
55,VILLAGE OF FREDONIA - OZAUKEE COUNTY,5527550000,Village Of Fredonia (Ozaukee)
55,TOWN OF FREDONIA - OZAUKEE COUNTY,5527575000,Town Of Fredonia (Ozaukee)
55,TOWN OF FREEDOM - FOREST COUNTY,5527600000,Town Of Freedom (Forest)
55,TOWN OF FREEDOM - OUTAGAMIE COUNTY,5527650000,Town Of Freedom (Outagamie)
55,TOWN OF FREEDOM - SAUK COUNTY,5527675000,Town Of Freedom (Sauk)
55,TOWN OF FREEMAN - CRAWFORD COUNTY,5527700000,Town Of Freeman (Crawford)
55,TOWN OF FREMONT - CLARK COUNTY,5527775000,Town Of Fremont (Clark)
55,VILLAGE OF FREMONT - WAUPACA COUNTY,5527800000,Village Of Fremont (Waupaca)
55,TOWN OF FREMONT - WAUPACA COUNTY,5527850000,Town Of Fremont (Waupaca)
55,VILLAGE OF FRIENDSHIP - ADAMS COUNTY,5527950000,Village Of Friendship (Adams)
55,TOWN OF FRIENDSHIP - FOND DU LAC COUNTY,5527975000,Town Of Friendship (Fond Du Lac)
55,VILLAGE OF FRIESLAND - COLUMBIA COUNTY,5528000000,Village Of Friesland (Columbia)
55,TOWN OF FROG CREEK - WASHBURN COUNTY,5528025000,Town Of Frog Creek (Washburn)
55,TOWN OF FULTON - ROCK COUNTY,5528075000,Town Of Fulton (Rock)
55,TOWN OF GALE - TREMPEALEAU COUNTY,5528150000,Town Of Gale (Trempealeau)
55,CITY OF GALESVILLE - TREMPEALEAU COUNTY,5528200000,City Of Galesville (Trempealeau)
55,TOWN OF GARDEN VALLEY - JACKSON COUNTY,5528250000,Town Of Garden Valley (Jackson)
55,TOWN OF GARDNER - DOOR COUNTY,5528300000,Town Of Gardner (Door)
55,TOWN OF GARFIELD - JACKSON COUNTY,5528325000,Town Of Garfield (Jackson)
55,TOWN OF GARFIELD - POLK COUNTY,5528350000,Town Of Garfield (Polk)
55,VILLAGE OF GAYS MILLS - CRAWFORD COUNTY,5528450000,Village Of Gays Mills (Crawford)
55,TOWN OF GENESEE - WAUKESHA COUNTY,5528487000,Town Of Genesee (Waukesha)
55,TOWN OF GENEVA - WALWORTH COUNTY,5528550000,Town Of Geneva (Walworth)
55,VILLAGE OF GENOA - VERNON COUNTY,5528625000,Village Of Genoa (Vernon)
55,TOWN OF GENOA - VERNON COUNTY,5528650000,Town Of Genoa (Vernon)
55,VILLAGE OF GENOA CITY - MULTIPLE COUNTIES,5528675000,Village Of Genoa City (Multiple Counties)
55,TOWN OF GEORGETOWN - POLK COUNTY,5528725000,Town Of Georgetown (Polk)
55,TOWN OF GEORGETOWN - PRICE COUNTY,5528750000,Town Of Georgetown (Price)
55,TOWN OF GERMANIA - SHAWANO COUNTY,5528825000,Town Of Germania (Shawano)
55,TOWN OF GERMANTOWN - JUNEAU COUNTY,5528850000,Town Of Germantown (Juneau)
55,VILLAGE OF GERMANTOWN - WASHINGTON COUNTY,5528875000,Village Of Germantown (Washington)
55,TOWN OF GERMANTOWN - WASHINGTON COUNTY,5528900000,Town Of Germantown (Washington)
55,TOWN OF GIBRALTAR - DOOR COUNTY,5528950000,Town Of Gibraltar (Door)
55,TOWN OF GIBSON - MANITOWOC COUNTY,5528975000,Town Of Gibson (Manitowoc)
55,CITY OF GILLETT - OCONTO COUNTY,5529050000,City Of Gillett (Oconto)
55,TOWN OF GILLETT - OCONTO COUNTY,5529075000,Town Of Gillett (Oconto)
55,TOWN OF GILMAN - PIERCE COUNTY,5529150000,Town Of Gilman (Pierce)
55,VILLAGE OF GILMAN - TAYLOR COUNTY,5529175000,Village Of Gilman (Taylor)
55,TOWN OF GILMANTON - BUFFALO COUNTY,5529225000,Town Of Gilmanton (Buffalo)
55,TOWN OF GINGLES - ASHLAND COUNTY,5529250000,Town Of Gingles (Ashland)
55,VILLAGE OF GLENBEULAH - SHEBOYGAN COUNTY,5529350000,Village Of Glenbeulah (Sheboygan)
55,TOWN OF GLENCOE - BUFFALO COUNTY,5529375000,Town Of Glencoe (Buffalo)
55,CITY OF GLENDALE - MILWAUKEE COUNTY,5529400000,City Of Glendale (Milwaukee)
55,TOWN OF GLENDALE - MONROE COUNTY,5529450000,Town Of Glendale (Monroe)
55,VILLAGE OF GLEN FLORA - RUSK COUNTY,5529475000,Village Of Glen Flora (Rusk)
55,TOWN OF GLEN HAVEN - GRANT COUNTY,5529525000,Town Of Glen Haven (Grant)
55,TOWN OF GLENMORE - BROWN COUNTY,5529550000,Town Of Glenmore (Brown)
55,TOWN OF GLENWOOD - ST. CROIX COUNTY,5529600000,Town Of Glenwood (St. Croix)
55,CITY OF GLENWOOD CITY - ST. CROIX COUNTY,5529625000,City Of Glenwood City (St. Croix)
55,TOWN OF GOETZ - CHIPPEWA COUNTY,5529700000,Town Of Goetz (Chippewa)
55,TOWN OF GOODMAN - MARINETTE COUNTY,5529775000,Town Of Goodman (Marinette)
55,TOWN OF GOODRICH - TAYLOR COUNTY,5529837000,Town Of Goodrich (Taylor)
55,TOWN OF GORDON - ASHLAND COUNTY,5529875000,Town Of Gordon (Ashland)
55,TOWN OF GORDON - DOUGLAS COUNTY,5529925000,Town Of Gordon (Douglas)
55,VILLAGE OF GRAFTON - OZAUKEE COUNTY,5530000000,Village Of Grafton (Ozaukee)
55,TOWN OF GRAFTON - OZAUKEE COUNTY,5530025000,Town Of Grafton (Ozaukee)
55,TOWN OF GRAND CHUTE - OUTAGAMIE COUNTY,5530075000,Town Of Grand Chute (Outagamie)
55,TOWN OF GRAND RAPIDS - WOOD COUNTY,5530125000,Town Of Grand Rapids (Wood)
55,TOWN OF GRAND VIEW - BAYFIELD COUNTY,5530175000,Town Of Grand View (Bayfield)
55,TOWN OF GRANT - CLARK COUNTY,5530275000,Town Of Grant (Clark)
55,TOWN OF GRANT - DUNN COUNTY,5530300000,Town Of Grant (Dunn)
55,TOWN OF GRANT - MONROE COUNTY,5530325000,Town Of Grant (Monroe)
55,TOWN OF GRANT - PORTAGE COUNTY,5530350000,Town Of Grant (Portage)
55,TOWN OF GRANT - RUSK COUNTY,5530375000,Town Of Grant (Rusk)
55,TOWN OF GRANT - SHAWANO COUNTY,5530400000,Town Of Grant (Shawano)
55,VILLAGE OF GRANTON - CLARK COUNTY,5530425000,Village Of Granton (Clark)
55,VILLAGE OF GRANTSBURG - BURNETT COUNTY,5530450000,Village Of Grantsburg (Burnett)
55,TOWN OF GRANTSBURG - BURNETT COUNTY,5530475000,Town Of Grantsburg (Burnett)
55,VILLAGE OF GRATIOT - LAFAYETTE COUNTY,5530575000,Village Of Gratiot (Lafayette)
55,TOWN OF GRATIOT - LAFAYETTE COUNTY,5530600000,Town Of Gratiot (Lafayette)
55,CITY OF GREEN BAY - BROWN COUNTY,5531000000,City Of Green Bay (Brown)
55,TOWN OF GREEN BAY - BROWN COUNTY,5531025000,Town Of Green Bay (Brown)
55,TOWN OF GREENBUSH - SHEBOYGAN COUNTY,5531100000,Town Of Greenbush (Sheboygan)
55,VILLAGE OF GREENDALE - MILWAUKEE COUNTY,5531125000,Village Of Greendale (Milwaukee)
55,TOWN OF GREENFIELD - LA CROSSE COUNTY,5531150000,Town Of Greenfield (La Crosse)
55,CITY OF GREENFIELD - MILWAUKEE COUNTY,5531175000,City Of Greenfield (Milwaukee)
55,TOWN OF GREENFIELD - MONROE COUNTY,5531225000,Town Of Greenfield (Monroe)
55,TOWN OF GREENFIELD - SAUK COUNTY,5531250000,Town Of Greenfield (Sauk)
55,TOWN OF GREEN GROVE - CLARK COUNTY,5531275000,Town Of Green Grove (Clark)
55,CITY OF GREEN LAKE - GREEN LAKE COUNTY,5531300000,City Of Green Lake (Green Lake)
55,TOWN OF GREEN LAKE - GREEN LAKE COUNTY,5531350000,Town Of Green Lake (Green Lake)
55,VILLAGE OF GREENLEAF - BROWN COUNTY,5531375000,Village Of Greenleaf (Brown)
55,TOWN OF GREEN VALLEY - MARATHON COUNTY,5531450000,Town Of Green Valley (Marathon)
55,TOWN OF GREEN VALLEY - SHAWANO COUNTY,5531500000,Town Of Green Valley (Shawano)
55,VILLAGE OF GREENVILLE - OUTAGAMIE COUNTY,5531525000,Village Of Greenville (Outagamie)
55,CITY OF GREENWOOD - CLARK COUNTY,5531575000,City Of Greenwood (Clark)
55,TOWN OF GREENWOOD - TAYLOR COUNTY,5531600000,Town Of Greenwood (Taylor)
55,TOWN OF GREENWOOD - VERNON COUNTY,5531625000,Town Of Greenwood (Vernon)
55,VILLAGE OF GRESHAM - SHAWANO COUNTY,5531675000,Village Of Gresham (Shawano)
55,TOWN OF GROVER - MARINETTE COUNTY,5531725000,Town Of Grover (Marinette)
55,TOWN OF GROVER - TAYLOR COUNTY,5531750000,Town Of Grover (Taylor)
55,TOWN OF GROW - RUSK COUNTY,5531775000,Town Of Grow (Rusk)
55,TOWN OF GUENTHER - MARATHON COUNTY,5531800000,Town Of Guenther (Marathon)
55,TOWN OF GULL LAKE - WASHBURN COUNTY,5531825000,Town Of Gull Lake (Washburn)
55,TOWN OF GURNEY - IRON COUNTY,5531875000,Town Of Gurney (Iron)
55,TOWN OF HACKETT - PRICE COUNTY,5531925000,Town Of Hackett (Price)
55,TOWN OF HALE - TREMPEALEAU COUNTY,5532050000,Town Of Hale (Trempealeau)
55,VILLAGE OF HALES CORNERS - MILWAUKEE COUNTY,5532075000,Village Of Hales Corners (Milwaukee)
55,TOWN OF HALLIE - CHIPPEWA COUNTY,5532125000,Town Of Hallie (Chippewa)
55,TOWN OF HALSEY - MARATHON COUNTY,5532150000,Town Of Halsey (Marathon)
55,TOWN OF HAMBURG - MARATHON COUNTY,5532200000,Town Of Hamburg (Marathon)
55,TOWN OF HAMBURG - VERNON COUNTY,5532225000,Town Of Hamburg (Vernon)
55,TOWN OF HAMILTON - LA CROSSE COUNTY,5532275000,Town Of Hamilton (La Crosse)
55,TOWN OF HAMMEL - TAYLOR COUNTY,5532300000,Town Of Hammel (Taylor)
55,VILLAGE OF HAMMOND - ST. CROIX COUNTY,5532325000,Village Of Hammond (St. Croix)
55,TOWN OF HAMMOND - ST. CROIX COUNTY,5532350000,Town Of Hammond (St. Croix)
55,TOWN OF HAMPDEN - COLUMBIA COUNTY,5532375000,Town Of Hampden (Columbia)
55,VILLAGE OF HANCOCK - WAUSHARA COUNTY,5532450000,Village Of Hancock (Waushara)
55,TOWN OF HANCOCK - WAUSHARA COUNTY,5532475000,Town Of Hancock (Waushara)
55,TOWN OF HANEY - CRAWFORD COUNTY,5532500000,Town Of Haney (Crawford)
55,TOWN OF HANSEN - WOOD COUNTY,5532575000,Town Of Hansen (Wood)
55,TOWN OF HARDING - LINCOLN COUNTY,5532650000,Town Of Harding (Lincoln)
55,TOWN OF HARMONY - PRICE COUNTY,5532675000,Town Of Harmony (Price)
55,TOWN OF HARMONY - ROCK COUNTY,5532700000,Town Of Harmony (Rock)
55,TOWN OF HARMONY - VERNON COUNTY,5532725000,Town Of Harmony (Vernon)
55,TOWN OF HARRIS - MARQUETTE COUNTY,5532775000,Town Of Harris (Marquette)
55,VILLAGE OF HARRISON - MULTIPLE COUNTIES,5532790000,Village Of Harrison (Multiple Counties)
55,TOWN OF HARRISON - GRANT COUNTY,5532825000,Town Of Harrison (Grant)
55,TOWN OF HARRISON - LINCOLN COUNTY,5532875000,Town Of Harrison (Lincoln)
55,TOWN OF HARRISON - MARATHON COUNTY,5532900000,Town Of Harrison (Marathon)
55,TOWN OF HARRISON - WAUPACA COUNTY,5532925000,Town Of Harrison (Waupaca)
55,CITY OF HARTFORD - MULTIPLE COUNTIES,5533000000,City Of Hartford (Multiple Counties)
55,TOWN OF HARTFORD - WASHINGTON COUNTY,5533025000,Town Of Hartford (Washington)
55,TOWN OF HARTLAND - PIERCE COUNTY,5533050000,Town Of Hartland (Pierce)
55,TOWN OF HARTLAND - SHAWANO COUNTY,5533075000,Town Of Hartland (Shawano)
55,VILLAGE OF HARTLAND - WAUKESHA COUNTY,5533100000,Village Of Hartland (Waukesha)
55,VILLAGE OF HATLEY - MARATHON COUNTY,5533175000,Village Of Hatley (Marathon)
55,VILLAGE OF HAUGEN - BARRON COUNTY,5533225000,Village Of Haugen (Barron)
55,VILLAGE OF HAWKINS - RUSK COUNTY,5533275000,Village Of Hawkins (Rusk)
55,TOWN OF HAWKINS - RUSK COUNTY,5533300000,Town Of Hawkins (Rusk)
55,TOWN OF HAWTHORNE - DOUGLAS COUNTY,5533350000,Town Of Hawthorne (Douglas)
55,TOWN OF HAY RIVER - DUNN COUNTY,5533400000,Town Of Hay River (Dunn)
55,CITY OF HAYWARD - SAWYER COUNTY,5533450000,City Of Hayward (Sawyer)
55,TOWN OF HAYWARD - SAWYER COUNTY,5533475000,Town Of Hayward (Sawyer)
55,VILLAGE OF HAZEL GREEN - MULTIPLE COUNTIES,5533500000,Village Of Hazel Green (Multiple Counties)
55,TOWN OF HAZEL GREEN - GRANT COUNTY,5533525000,Town Of Hazel Green (Grant)
55,TOWN OF HAZELHURST - ONEIDA COUNTY,5533575000,Town Of Hazelhurst (Oneida)
55,TOWN OF HEBRON - JEFFERSON COUNTY,5533700000,Town Of Hebron (Jefferson)
55,TOWN OF HELVETIA - WAUPACA COUNTY,5533850000,Town Of Helvetia (Waupaca)
55,TOWN OF HENDREN - CLARK COUNTY,5533900000,Town Of Hendren (Clark)
55,TOWN OF HENRIETTA - RICHLAND COUNTY,5533925000,Town Of Henrietta (Richland)
55,TOWN OF HERMAN - DODGE COUNTY,5534000000,Town Of Herman (Dodge)
55,TOWN OF HERMAN - SHAWANO COUNTY,5534025000,Town Of Herman (Shawano)
55,TOWN OF HERMAN - SHEBOYGAN COUNTY,5534050000,Town Of Herman (Sheboygan)
55,TOWN OF HEWETT - CLARK COUNTY,5534200000,Town Of Hewett (Clark)
55,TOWN OF HEWITT - MARATHON COUNTY,5534225000,Town Of Hewitt (Marathon)
55,VILLAGE OF HEWITT - WOOD COUNTY,5534250000,Village Of Hewitt (Wood)
55,TOWN OF HICKORY GROVE - GRANT COUNTY,5534300000,Town Of Hickory Grove (Grant)
55,TOWN OF HIGHLAND - DOUGLAS COUNTY,5534425000,Town Of Highland (Douglas)
55,VILLAGE OF HIGHLAND - IOWA COUNTY,5534450000,Village Of Highland (Iowa)
55,TOWN OF HIGHLAND - IOWA COUNTY,5534475000,Town Of Highland (Iowa)
55,VILLAGE OF HILBERT - CALUMET COUNTY,5534575000,Village Of Hilbert (Calumet)
55,TOWN OF HILES - FOREST COUNTY,5534650000,Town Of Hiles (Forest)
55,TOWN OF HILES - WOOD COUNTY,5534675000,Town Of Hiles (Wood)
55,TOWN OF HILL - PRICE COUNTY,5534725000,Town Of Hill (Price)
55,CITY OF HILLSBORO - VERNON COUNTY,5534825000,City Of Hillsboro (Vernon)
55,TOWN OF HILLSBORO - VERNON COUNTY,5534850000,Town Of Hillsboro (Vernon)
55,TOWN OF HIXON - CLARK COUNTY,5535050000,Town Of Hixon (Clark)
55,VILLAGE OF HIXTON - JACKSON COUNTY,5535075000,Village Of Hixton (Jackson)
55,TOWN OF HIXTON - JACKSON COUNTY,5535100000,Town Of Hixton (Jackson)
55,TOWN OF HOARD - CLARK COUNTY,5535125000,Town Of Hoard (Clark)
55,VILLAGE OF HOBART - BROWN COUNTY,5535150000,Village Of Hobart (Brown)
55,TOWN OF HOLLAND - BROWN COUNTY,5535325000,Town Of Holland (Brown)
55,TOWN OF HOLLAND - LA CROSSE COUNTY,5535350000,Town Of Holland (La Crosse)
55,TOWN OF HOLLAND - SHEBOYGAN COUNTY,5535375000,Town Of Holland (Sheboygan)
55,VILLAGE OF HOLLANDALE - IOWA COUNTY,5535400000,Village Of Hollandale (Iowa)
55,VILLAGE OF HOLMEN - LA CROSSE COUNTY,5535450000,Village Of Holmen (La Crosse)
55,TOWN OF HOLTON - MARATHON COUNTY,5535500000,Town Of Holton (Marathon)
55,TOWN OF HOLWAY - TAYLOR COUNTY,5535525000,Town Of Holway (Taylor)
55,TOWN OF HOMESTEAD - FLORENCE COUNTY,5535600000,Town Of Homestead (Florence)
55,TOWN OF HONEY CREEK - SAUK COUNTY,5535625000,Town Of Honey Creek (Sauk)
55,CITY OF HORICON - DODGE COUNTY,5535750000,City Of Horicon (Dodge)
55,TOWN OF HORTONIA - OUTAGAMIE COUNTY,5535825000,Town Of Hortonia (Outagamie)
55,VILLAGE OF HORTONVILLE - OUTAGAMIE COUNTY,5535850000,Village Of Hortonville (Outagamie)
55,TOWN OF HOW - OCONTO COUNTY,5535925000,Town Of How (Oconto)
55,VILLAGE OF HOWARD - MULTIPLE COUNTIES,5535950000,Village Of Howard (Multiple Counties)
55,TOWN OF HOWARD - CHIPPEWA COUNTY,5536000000,Town Of Howard (Chippewa)
55,VILLAGE OF HOWARDS GROVE - SHEBOYGAN COUNTY,5536025000,Village Of Howards Grove (Sheboygan)
55,TOWN OF HUBBARD - DODGE COUNTY,5536100000,Town Of Hubbard (Dodge)
55,TOWN OF HUBBARD - RUSK COUNTY,5536125000,Town Of Hubbard (Rusk)
55,CITY OF HUDSON - ST. CROIX COUNTY,5536250000,City Of Hudson (St. Croix)
55,TOWN OF HUDSON - ST. CROIX COUNTY,5536275000,Town Of Hudson (St. Croix)
55,TOWN OF HUGHES - BAYFIELD COUNTY,5536300000,Town Of Hughes (Bayfield)
55,TOWN OF HULL - MARATHON COUNTY,5536325000,Town Of Hull (Marathon)
55,TOWN OF HULL - PORTAGE COUNTY,5536350000,Town Of Hull (Portage)
55,TOWN OF HUMBOLDT - BROWN COUNTY,5536425000,Town Of Humboldt (Brown)
55,TOWN OF HUNTER - SAWYER COUNTY,5536450000,Town Of Hunter (Sawyer)
55,CITY OF HURLEY - IRON COUNTY,5536525000,City Of Hurley (Iron)
55,VILLAGE OF HUSTISFORD - DODGE COUNTY,5536625000,Village Of Hustisford (Dodge)
55,TOWN OF HUSTISFORD - DODGE COUNTY,5536650000,Town Of Hustisford (Dodge)
55,VILLAGE OF HUSTLER - JUNEAU COUNTY,5536675000,Village Of Hustler (Juneau)
55,TOWN OF HUTCHINS - SHAWANO COUNTY,5536700000,Town Of Hutchins (Shawano)
55,CITY OF INDEPENDENCE - TREMPEALEAU COUNTY,5536800000,City Of Independence (Trempealeau)
55,VILLAGE OF INGRAM - RUSK COUNTY,5536925000,Village Of Ingram (Rusk)
55,VILLAGE OF IOLA - WAUPACA COUNTY,5537025000,Village Of Iola (Waupaca)
55,TOWN OF IOLA - WAUPACA COUNTY,5537050000,Town Of Iola (Waupaca)
55,VILLAGE OF IRON RIDGE - DODGE COUNTY,5537150000,Village Of Iron Ridge (Dodge)
55,TOWN OF IRON RIVER - BAYFIELD COUNTY,5537200000,Town Of Iron River (Bayfield)
55,VILLAGE OF IRONTON - SAUK COUNTY,5537225000,Village Of Ironton (Sauk)
55,TOWN OF IRONTON - SAUK COUNTY,5537250000,Town Of Ironton (Sauk)
55,TOWN OF IRVING - JACKSON COUNTY,5537275000,Town Of Irving (Jackson)
55,TOWN OF ISABELLE - PIERCE COUNTY,5537350000,Town Of Isabelle (Pierce)
55,TOWN OF ITHACA - RICHLAND COUNTY,5537500000,Town Of Ithaca (Richland)
55,TOWN OF IXONIA - JEFFERSON COUNTY,5537600000,Town Of Ixonia (Jefferson)
55,TOWN OF JACKSON - ADAMS COUNTY,5537625000,Town Of Jackson (Adams)
55,TOWN OF JACKSON - BURNETT COUNTY,5537650000,Town Of Jackson (Burnett)
55,VILLAGE OF JACKSON - WASHINGTON COUNTY,5537675000,Village Of Jackson (Washington)
55,TOWN OF JACKSON - WASHINGTON COUNTY,5537700000,Town Of Jackson (Washington)
55,TOWN OF JACKSONPORT - DOOR COUNTY,5537750000,Town Of Jacksonport (Door)
55,TOWN OF JACOBS - ASHLAND COUNTY,5537775000,Town Of Jacobs (Ashland)
55,TOWN OF JAMESTOWN - GRANT COUNTY,5537800000,Town Of Jamestown (Grant)
55,CITY OF JANESVILLE - ROCK COUNTY,5537825000,City Of Janesville (Rock)
55,TOWN OF JANESVILLE - ROCK COUNTY,5537850000,Town Of Janesville (Rock)
55,TOWN OF JEFFERSON - GREEN COUNTY,5537875000,Town Of Jefferson (Green)
55,CITY OF JEFFERSON - JEFFERSON COUNTY,5537900000,City Of Jefferson (Jefferson)
55,TOWN OF JEFFERSON - JEFFERSON COUNTY,5537925000,Town Of Jefferson (Jefferson)
55,TOWN OF JEFFERSON - MONROE COUNTY,5537950000,Town Of Jefferson (Monroe)
55,TOWN OF JEFFERSON - VERNON COUNTY,5537975000,Town Of Jefferson (Vernon)
55,TOWN OF JOHNSON - MARATHON COUNTY,5538300000,Town Of Johnson (Marathon)
55,VILLAGE OF JOHNSON CREEK - JEFFERSON COUNTY,5538350000,Village Of Johnson Creek (Jefferson)
55,TOWN OF JOHNSTOWN - POLK COUNTY,5538400000,Town Of Johnstown (Polk)
55,TOWN OF JOHNSTOWN - ROCK COUNTY,5538450000,Town Of Johnstown (Rock)
55,TOWN OF JORDAN - GREEN COUNTY,5538550000,Town Of Jordan (Green)
55,TOWN OF JUMP RIVER - TAYLOR COUNTY,5538627000,Town Of Jump River (Taylor)
55,VILLAGE OF JUNCTION CITY - PORTAGE COUNTY,5538650000,Village Of Junction City (Portage)
55,CITY OF JUNEAU - DODGE COUNTY,5538675000,City Of Juneau (Dodge)
55,CITY OF KAUKAUNA - MULTIPLE COUNTIES,5538800000,City Of Kaukauna (Multiple Counties)
55,TOWN OF KAUKAUNA - OUTAGAMIE COUNTY,5538825000,Town Of Kaukauna (Outagamie)
55,VILLAGE OF KEKOSKEE - DODGE COUNTY,5538900000,Village Of Kekoskee (Dodge)
55,VILLAGE OF KELLNERSVILLE - MANITOWOC COUNTY,5539000000,Village Of Kellnersville (Manitowoc)
55,TOWN OF KELLY - BAYFIELD COUNTY,5539025000,Town Of Kelly (Bayfield)
55,TOWN OF KENDALL - LAFAYETTE COUNTY,5539125000,Town Of Kendall (Lafayette)
55,VILLAGE OF KENDALL - MONROE COUNTY,5539150000,Village Of Kendall (Monroe)
55,VILLAGE OF KENNAN - PRICE COUNTY,5539175000,Village Of Kennan (Price)
55,TOWN OF KENNAN - PRICE COUNTY,5539200000,Town Of Kennan (Price)
55,CITY OF KENOSHA - KENOSHA COUNTY,5539225000,City Of Kenosha (Kenosha)
55,VILLAGE OF KEWASKUM - MULTIPLE COUNTIES,5539300000,Village Of Kewaskum (Multiple Counties)
55,TOWN OF KEWASKUM - WASHINGTON COUNTY,5539325000,Town Of Kewaskum (Washington)
55,CITY OF KEWAUNEE - KEWAUNEE COUNTY,5539350000,City Of Kewaunee (Kewaunee)
55,TOWN OF KEYSTONE - BAYFIELD COUNTY,5539425000,Town Of Keystone (Bayfield)
55,TOWN OF KICKAPOO - VERNON COUNTY,5539475000,Town Of Kickapoo (Vernon)
55,CITY OF KIEL - MULTIPLE COUNTIES,5539525000,City Of Kiel (Multiple Counties)
55,TOWN OF KILDARE - JUNEAU COUNTY,5539575000,Town Of Kildare (Juneau)
55,TOWN OF KIMBALL - IRON COUNTY,5539625000,Town Of Kimball (Iron)
55,VILLAGE OF KIMBERLY - OUTAGAMIE COUNTY,5539650000,Village Of Kimberly (Outagamie)
55,TOWN OF KING - LINCOLN COUNTY,5539675000,Town Of King (Lincoln)
55,VILLAGE OF KINGSTON - GREEN LAKE COUNTY,5539750000,Village Of Kingston (Green Lake)
55,TOWN OF KINGSTON - GREEN LAKE COUNTY,5539775000,Town Of Kingston (Green Lake)
55,TOWN OF KINGSTON - JUNEAU COUNTY,5539800000,Town Of Kingston (Juneau)
55,TOWN OF KINNICKINNIC - ST. CROIX COUNTY,5539825000,Town Of Kinnickinnic (St. Croix)
55,VILLAGE OF KNAPP - DUNN COUNTY,5539975000,Village Of Knapp (Dunn)
55,TOWN OF KNAPP - JACKSON COUNTY,5540000000,Town Of Knapp (Jackson)
55,TOWN OF KNIGHT - IRON COUNTY,5540075000,Town Of Knight (Iron)
55,TOWN OF KNOWLTON - MARATHON COUNTY,5540150000,Town Of Knowlton (Marathon)
55,TOWN OF KNOX - PRICE COUNTY,5540175000,Town Of Knox (Price)
55,VILLAGE OF KOHLER - SHEBOYGAN COUNTY,5540275000,Village Of Kohler (Sheboygan)
55,TOWN OF KOMENSKY - JACKSON COUNTY,5540325000,Town Of Komensky (Jackson)
55,TOWN OF KOSHKONONG - JEFFERSON COUNTY,5540375000,Town Of Koshkonong (Jefferson)
55,TOWN OF KOSSUTH - MANITOWOC COUNTY,5540425000,Town Of Kossuth (Manitowoc)
55,VILLAGE OF KRONENWETTER - MARATHON COUNTY,5540550000,Village Of Kronenwetter (Marathon)
55,TOWN OF LAC DU FLAMBEAU - VILAS COUNTY,5540687000,Town Of Lac Du Flambeau (Vilas)
55,VILLAGE OF LAC LA BELLE - MULTIPLE COUNTIES,5540750000,Village Of Lac La Belle (Multiple Counties)
55,CITY OF LA CROSSE - LA CROSSE COUNTY,5540775000,City Of La Crosse (La Crosse)
55,CITY OF LADYSMITH - RUSK COUNTY,5540850000,City Of Ladysmith (Rusk)
55,VILLAGE OF LA FARGE - VERNON COUNTY,5540875000,Village Of La Farge (Vernon)
55,TOWN OF LAFAYETTE - CHIPPEWA COUNTY,5540900000,Town Of Lafayette (Chippewa)
55,TOWN OF LAFAYETTE - MONROE COUNTY,5540925000,Town Of Lafayette (Monroe)
55,TOWN OF LAFAYETTE - WALWORTH COUNTY,5540950000,Town Of Lafayette (Walworth)
55,TOWN OF LA FOLLETTE - BURNETT COUNTY,5540975000,Town Of La Follette (Burnett)
55,TOWN OF LA GRANGE - MONROE COUNTY,5541000000,Town Of La Grange (Monroe)
55,TOWN OF LA GRANGE - WALWORTH COUNTY,5541050000,Town Of La Grange (Walworth)
55,TOWN OF LAKE - MARINETTE COUNTY,5541075000,Town Of Lake (Marinette)
55,TOWN OF LAKE - PRICE COUNTY,5541150000,Town Of Lake (Price)
55,VILLAGE OF LAKE DELTON - SAUK COUNTY,5541300000,Village Of Lake Delton (Sauk)
55,CITY OF LAKE GENEVA - WALWORTH COUNTY,5541450000,City Of Lake Geneva (Walworth)
55,VILLAGE OF LAKE HALLIE - MULTIPLE COUNTIES,5541525000,Village Of Lake Hallie (Multiple Counties)
55,TOWN OF LAKE HOLCOMBE - CHIPPEWA COUNTY,5541550000,Town Of Lake Holcombe (Chippewa)
55,TOWN OF LAKELAND - BARRON COUNTY,5541600000,Town Of Lakeland (Barron)
55,CITY OF LAKE MILLS - JEFFERSON COUNTY,5541675000,City Of Lake Mills (Jefferson)
55,TOWN OF LAKE MILLS - JEFFERSON COUNTY,5541700000,Town Of Lake Mills (Jefferson)
55,VILLAGE OF LAKE NEBAGAMON - DOUGLAS COUNTY,5541725000,Village Of Lake Nebagamon (Douglas)
55,TOWN OF LAKESIDE - DOUGLAS COUNTY,5541800000,Town Of Lakeside (Douglas)
55,TOWN OF LAKE TOMAHAWK - ONEIDA COUNTY,5541887000,Town Of Lake Tomahawk (Oneida)
55,TOWN OF LAKETOWN - POLK COUNTY,5541900000,Town Of Laketown (Polk)
55,TOWN OF LAKEWOOD - OCONTO COUNTY,5542075000,Town Of Lakewood (Oconto)
55,TOWN OF LAMARTINE - FOND DU LAC COUNTY,5542125000,Town Of Lamartine (Fond Du Lac)
55,TOWN OF LAMONT - LAFAYETTE COUNTY,5542175000,Town Of Lamont (Lafayette)
55,TOWN OF LANARK - PORTAGE COUNTY,5542225000,Town Of Lanark (Portage)
55,CITY OF LANCASTER - GRANT COUNTY,5542250000,City Of Lancaster (Grant)
55,TOWN OF LAND O-LAKES - VILAS COUNTY,5542325000,Town Of Land O-Lakes (Vilas)
55,TOWN OF LANGLADE - LANGLADE COUNTY,5542425000,Town Of Langlade (Langlade)
55,VILLAGE OF LANNON - WAUKESHA COUNTY,5542450000,Village Of Lannon (Waukesha)
55,TOWN OF LAONA - FOREST COUNTY,5542500000,Town Of Laona (Forest)
55,TOWN OF LA POINTE - ASHLAND COUNTY,5542562000,Town Of La Pointe (Ashland)
55,TOWN OF LA PRAIRIE - ROCK COUNTY,5542575000,Town Of La Prairie (Rock)
55,TOWN OF LARRABEE - WAUPACA COUNTY,5542650000,Town Of Larrabee (Waupaca)
55,VILLAGE OF LAVALLE - SAUK COUNTY,5542825000,Village Of Lavalle (Sauk)
55,TOWN OF LA VALLE - SAUK COUNTY,5542850000,Town Of La Valle (Sauk)
55,TOWN OF LAWRENCE - BROWN COUNTY,5542900000,Town Of Lawrence (Brown)
55,TOWN OF LAWRENCE - RUSK COUNTY,5542950000,Town Of Lawrence (Rusk)
55,TOWN OF LEBANON - DODGE COUNTY,5543050000,Town Of Lebanon (Dodge)
55,TOWN OF LEBANON - WAUPACA COUNTY,5543075000,Town Of Lebanon (Waupaca)
55,TOWN OF LEDGEVIEW - BROWN COUNTY,5543090000,Town Of Ledgeview (Brown)
55,TOWN OF LEEDS - COLUMBIA COUNTY,5543125000,Town Of Leeds (Columbia)
55,TOWN OF LEMONWEIR - JUNEAU COUNTY,5543300000,Town Of Lemonweir (Juneau)
55,VILLAGE OF LENA - OCONTO COUNTY,5543325000,Village Of Lena (Oconto)
55,TOWN OF LENA - OCONTO COUNTY,5543350000,Town Of Lena (Oconto)
55,TOWN OF LENROOT - SAWYER COUNTY,5543400000,Town Of Lenroot (Sawyer)
55,TOWN OF LEOLA - ADAMS COUNTY,5543425000,Town Of Leola (Adams)
55,TOWN OF LEON - MONROE COUNTY,5543475000,Town Of Leon (Monroe)
55,TOWN OF LEON - WAUSHARA COUNTY,5543500000,Town Of Leon (Waushara)
55,TOWN OF LEROY - DODGE COUNTY,5543650000,Town Of Leroy (Dodge)
55,TOWN OF LESSOR - SHAWANO COUNTY,5543675000,Town Of Lessor (Shawano)
55,TOWN OF LEVIS - CLARK COUNTY,5543700000,Town Of Levis (Clark)
55,TOWN OF LEWISTON - COLUMBIA COUNTY,5543775000,Town Of Lewiston (Columbia)
55,TOWN OF LIBERTY - GRANT COUNTY,5543825000,Town Of Liberty (Grant)
55,TOWN OF LIBERTY - MANITOWOC COUNTY,5543850000,Town Of Liberty (Manitowoc)
55,TOWN OF LIBERTY - OUTAGAMIE COUNTY,5543875000,Town Of Liberty (Outagamie)
55,TOWN OF LIBERTY - VERNON COUNTY,5543900000,Town Of Liberty (Vernon)
55,TOWN OF LIBERTY GROVE - DOOR COUNTY,5543925000,Town Of Liberty Grove (Door)
55,TOWN OF LIMA - GRANT COUNTY,5544050000,Town Of Lima (Grant)
55,TOWN OF LIMA - PEPIN COUNTY,5544075000,Town Of Lima (Pepin)
55,TOWN OF LIMA - ROCK COUNTY,5544125000,Town Of Lima (Rock)
55,TOWN OF LIMA - SHEBOYGAN COUNTY,5544150000,Town Of Lima (Sheboygan)
55,VILLAGE OF LIME RIDGE - SAUK COUNTY,5544225000,Village Of Lime Ridge (Sauk)
55,TOWN OF LINCOLN - ADAMS COUNTY,5544250000,Town Of Lincoln (Adams)
55,TOWN OF LINCOLN - BAYFIELD COUNTY,5544275000,Town Of Lincoln (Bayfield)
55,TOWN OF LINCOLN - BUFFALO COUNTY,5544300000,Town Of Lincoln (Buffalo)
55,TOWN OF LINCOLN - BURNETT COUNTY,5544325000,Town Of Lincoln (Burnett)
55,TOWN OF LINCOLN - EAU CLAIRE COUNTY,5544350000,Town Of Lincoln (Eau Claire)
55,TOWN OF LINCOLN - FOREST COUNTY,5544375000,Town Of Lincoln (Forest)
55,TOWN OF LINCOLN - KEWAUNEE COUNTY,5544425000,Town Of Lincoln (Kewaunee)
55,TOWN OF LINCOLN - MONROE COUNTY,5544450000,Town Of Lincoln (Monroe)
55,TOWN OF LINCOLN - POLK COUNTY,5544475000,Town Of Lincoln (Polk)
55,TOWN OF LINCOLN - TREMPEALEAU COUNTY,5544500000,Town Of Lincoln (Trempealeau)
55,TOWN OF LINCOLN - VILAS COUNTY,5544525000,Town Of Lincoln (Vilas)
55,TOWN OF LINCOLN - WOOD COUNTY,5544550000,Town Of Lincoln (Wood)
55,TOWN OF LIND - WAUPACA COUNTY,5544575000,Town Of Lind (Waupaca)
55,VILLAGE OF LINDEN - IOWA COUNTY,5544625000,Village Of Linden (Iowa)
55,TOWN OF LINDEN - IOWA COUNTY,5544650000,Town Of Linden (Iowa)
55,TOWN OF LINDINA - JUNEAU COUNTY,5544675000,Town Of Lindina (Juneau)
55,TOWN OF LINN - WALWORTH COUNTY,5544750000,Town Of Linn (Walworth)
55,TOWN OF LINWOOD - PORTAGE COUNTY,5544800000,Town Of Linwood (Portage)
55,TOWN OF LISBON - JUNEAU COUNTY,5544825000,Town Of Lisbon (Juneau)
55,VILLAGE OF LISBON - WAUKESHA COUNTY,5544847000,Village Of Lisbon (Waukesha)
55,TOWN OF LISBON - WAUKESHA COUNTY,5544850000,Town Of Lisbon (Waukesha)
55,TOWN OF LITTLE BLACK - TAYLOR COUNTY,5544900000,Town Of Little Black (Taylor)
55,VILLAGE OF LITTLE CHUTE - OUTAGAMIE COUNTY,5544950000,Village Of Little Chute (Outagamie)
55,TOWN OF LITTLE FALLS - MONROE COUNTY,5544975000,Town Of Little Falls (Monroe)
55,TOWN OF LITTLE GRANT - GRANT COUNTY,5545025000,Town Of Little Grant (Grant)
55,TOWN OF LITTLE RICE - ONEIDA COUNTY,5545150000,Town Of Little Rice (Oneida)
55,TOWN OF LITTLE RIVER - OCONTO COUNTY,5545175000,Town Of Little River (Oconto)
55,TOWN OF LITTLE SUAMICO - OCONTO COUNTY,5545275000,Town Of Little Suamico (Oconto)
55,TOWN OF LITTLE WOLF - WAUPACA COUNTY,5545300000,Town Of Little Wolf (Waupaca)
55,VILLAGE OF LIVINGSTON - MULTIPLE COUNTIES,5545325000,Village Of Livingston (Multiple Counties)
55,CITY OF LODI - COLUMBIA COUNTY,5545350000,City Of Lodi (Columbia)
55,TOWN OF LODI - COLUMBIA COUNTY,5545375000,Town Of Lodi (Columbia)
55,VILLAGE OF LOGANVILLE - SAUK COUNTY,5545400000,Village Of Loganville (Sauk)
55,VILLAGE OF LOHRVILLE - WAUSHARA COUNTY,5545425000,Village Of Lohrville (Waushara)
55,VILLAGE OF LOMIRA - DODGE COUNTY,5545475000,Village Of Lomira (Dodge)
55,TOWN OF LOMIRA - DODGE COUNTY,5545500000,Town Of Lomira (Dodge)
55,VILLAGE OF LONE ROCK - RICHLAND COUNTY,5545575000,Village Of Lone Rock (Richland)
55,TOWN OF LONG LAKE - FLORENCE COUNTY,5545625000,Town Of Long Lake (Florence)
55,TOWN OF LONG LAKE - WASHBURN COUNTY,5545650000,Town Of Long Lake (Washburn)
55,TOWN OF LONGWOOD - CLARK COUNTY,5545700000,Town Of Longwood (Clark)
55,TOWN OF LORAIN - POLK COUNTY,5545775000,Town Of Lorain (Polk)
55,VILLAGE OF LOWELL - DODGE COUNTY,5545950000,Village Of Lowell (Dodge)
55,TOWN OF LOWELL - DODGE COUNTY,5545975000,Town Of Lowell (Dodge)
55,TOWN OF LOWVILLE - COLUMBIA COUNTY,5546050000,Town Of Lowville (Columbia)
55,CITY OF LOYAL - CLARK COUNTY,5546075000,City Of Loyal (Clark)
55,TOWN OF LOYAL - CLARK COUNTY,5546100000,Town Of Loyal (Clark)
55,VILLAGE OF LUBLIN - TAYLOR COUNTY,5546150000,Village Of Lublin (Taylor)
55,TOWN OF LUCAS - DUNN COUNTY,5546175000,Town Of Lucas (Dunn)
55,VILLAGE OF LUCK - POLK COUNTY,5546200000,Village Of Luck (Polk)
55,TOWN OF LUCK - POLK COUNTY,5546225000,Town Of Luck (Polk)
55,TOWN OF LUDINGTON - EAU CLAIRE COUNTY,5546275000,Town Of Ludington (Eau Claire)
55,VILLAGE OF LUXEMBURG - KEWAUNEE COUNTY,5546400000,Village Of Luxemburg (Kewaunee)
55,TOWN OF LUXEMBURG - KEWAUNEE COUNTY,5546425000,Town Of Luxemburg (Kewaunee)
55,TOWN OF LYNDON - JUNEAU COUNTY,5546525000,Town Of Lyndon (Juneau)
55,TOWN OF LYNDON - SHEBOYGAN COUNTY,5546575000,Town Of Lyndon (Sheboygan)
55,VILLAGE OF LYNDON STATION - JUNEAU COUNTY,5546600000,Village Of Lyndon Station (Juneau)
55,TOWN OF LYNN - CLARK COUNTY,5546625000,Town Of Lynn (Clark)
55,TOWN OF LYNNE - ONEIDA COUNTY,5546650000,Town Of Lynne (Oneida)
55,VILLAGE OF LYNXVILLE - CRAWFORD COUNTY,5546675000,Village Of Lynxville (Crawford)
55,TOWN OF LYONS - WALWORTH COUNTY,5546725000,Town Of Lyons (Walworth)
55,VILLAGE OF MCFARLAND - DANE COUNTY,5546850000,Village Of Mcfarland (Dane)
55,TOWN OF MACKFORD - GREEN LAKE COUNTY,5546875000,Town Of Mackford (Green Lake)
55,TOWN OF MCKINLEY - POLK COUNTY,5546900000,Town Of Mckinley (Polk)
55,TOWN OF MCKINLEY - TAYLOR COUNTY,5546925000,Town Of Mckinley (Taylor)
55,TOWN OF MCMILLAN - MARATHON COUNTY,5546975000,Town Of Mcmillan (Marathon)
55,TOWN OF MADGE - WASHBURN COUNTY,5547025000,Town Of Madge (Washburn)
55,CITY OF MADISON - DANE COUNTY,5548000000,City Of Madison (Dane)
55,TOWN OF MAGNOLIA - ROCK COUNTY,5548150000,Town Of Magnolia (Rock)
55,VILLAGE OF MAIDEN ROCK - PIERCE COUNTY,5548175000,Village Of Maiden Rock (Pierce)
55,TOWN OF MAIDEN ROCK - PIERCE COUNTY,5548200000,Town Of Maiden Rock (Pierce)
55,VILLAGE OF MAINE - MARATHON COUNTY,5548225000,Village Of Maine (Marathon)
55,TOWN OF MAINE - OUTAGAMIE COUNTY,5548250000,Town Of Maine (Outagamie)
55,CITY OF MANAWA - WAUPACA COUNTY,5548350000,City Of Manawa (Waupaca)
55,TOWN OF MANCHESTER - GREEN LAKE COUNTY,5548400000,Town Of Manchester (Green Lake)
55,TOWN OF MANCHESTER - JACKSON COUNTY,5548425000,Town Of Manchester (Jackson)
55,TOWN OF MANITOWISH WATERS - VILAS COUNTY,5548462000,Town Of Manitowish Waters (Vilas)
55,CITY OF MANITOWOC - MANITOWOC COUNTY,5548500000,City Of Manitowoc (Manitowoc)
55,TOWN OF MANITOWOC - MANITOWOC COUNTY,5548525000,Town Of Manitowoc (Manitowoc)
55,TOWN OF MANITOWOC RAPIDS - MANITOWOC COUNTY,5548575000,Town Of Manitowoc Rapids (Manitowoc)
55,TOWN OF MAPLE - DOUGLAS COUNTY,5548725000,Town Of Maple (Douglas)
55,VILLAGE OF MAPLE BLUFF - DANE COUNTY,5548750000,Village Of Maple Bluff (Dane)
55,TOWN OF MAPLE CREEK - OUTAGAMIE COUNTY,5548775000,Town Of Maple Creek (Outagamie)
55,TOWN OF MAPLE GROVE - BARRON COUNTY,5548825000,Town Of Maple Grove (Barron)
55,TOWN OF MAPLE GROVE - MANITOWOC COUNTY,5548875000,Town Of Maple Grove (Manitowoc)
55,TOWN OF MAPLE GROVE - SHAWANO COUNTY,5548900000,Town Of Maple Grove (Shawano)
55,TOWN OF MAPLEHURST - TAYLOR COUNTY,5548925000,Town Of Maplehurst (Taylor)
55,TOWN OF MAPLE PLAIN - BARRON COUNTY,5548950000,Town Of Maple Plain (Barron)
55,TOWN OF MAPLE VALLEY - OCONTO COUNTY,5549000000,Town Of Maple Valley (Oconto)
55,TOWN OF MARATHON - MARATHON COUNTY,5549075000,Town Of Marathon (Marathon)
55,VILLAGE OF MARATHON CITY - MARATHON COUNTY,5549100000,Village Of Marathon City (Marathon)
55,TOWN OF MARCELLON - COLUMBIA COUNTY,5549150000,Town Of Marcellon (Columbia)
55,TOWN OF MARENGO - ASHLAND COUNTY,5549200000,Town Of Marengo (Ashland)
55,VILLAGE OF MARIBEL - MANITOWOC COUNTY,5549250000,Village Of Maribel (Manitowoc)
55,TOWN OF MARIETTA - CRAWFORD COUNTY,5549275000,Town Of Marietta (Crawford)
55,CITY OF MARINETTE - MARINETTE COUNTY,5549300000,City Of Marinette (Marinette)
55,TOWN OF MARION - GRANT COUNTY,5549350000,Town Of Marion (Grant)
55,TOWN OF MARION - JUNEAU COUNTY,5549375000,Town Of Marion (Juneau)
55,CITY OF MARION - MULTIPLE COUNTIES,5549400000,City Of Marion (Multiple Counties)
55,TOWN OF MARION - WAUSHARA COUNTY,5549425000,Town Of Marion (Waushara)
55,CITY OF MARKESAN - GREEN LAKE COUNTY,5549450000,City Of Markesan (Green Lake)
55,VILLAGE OF MARQUETTE - GREEN LAKE COUNTY,5549500000,Village Of Marquette (Green Lake)
55,TOWN OF MARQUETTE - GREEN LAKE COUNTY,5549525000,Town Of Marquette (Green Lake)
55,VILLAGE OF MARSHALL - DANE COUNTY,5549575000,Village Of Marshall (Dane)
55,TOWN OF MARSHALL - RICHLAND COUNTY,5549600000,Town Of Marshall (Richland)
55,TOWN OF MARSHALL - RUSK COUNTY,5549625000,Town Of Marshall (Rusk)
55,TOWN OF MARSHFIELD - FOND DU LAC COUNTY,5549650000,Town Of Marshfield (Fond Du Lac)
55,CITY OF MARSHFIELD - MULTIPLE COUNTIES,5549675000,City Of Marshfield (Multiple Counties)
55,TOWN OF MARSHFIELD - WOOD COUNTY,5549700000,Town Of Marshfield (Wood)
55,TOWN OF MARTELL - PIERCE COUNTY,5549775000,Town Of Martell (Pierce)
55,VILLAGE OF MASON - BAYFIELD COUNTY,5549900000,Village Of Mason (Bayfield)
55,TOWN OF MASON - BAYFIELD COUNTY,5549925000,Town Of Mason (Bayfield)
55,TOWN OF MATTESON - WAUPACA COUNTY,5549975000,Town Of Matteson (Waupaca)
55,VILLAGE OF MATTOON - SHAWANO COUNTY,5550000000,Village Of Mattoon (Shawano)
55,CITY OF MAUSTON - JUNEAU COUNTY,5550025000,City Of Mauston (Juneau)
55,TOWN OF MAXVILLE - BUFFALO COUNTY,5550075000,Town Of Maxville (Buffalo)
55,TOWN OF MAYVILLE - CLARK COUNTY,5550175000,Town Of Mayville (Clark)
55,CITY OF MAYVILLE - DODGE COUNTY,5550200000,City Of Mayville (Dodge)
55,VILLAGE OF MAZOMANIE - DANE COUNTY,5550225000,Village Of Mazomanie (Dane)
55,TOWN OF MAZOMANIE - DANE COUNTY,5550250000,Town Of Mazomanie (Dane)
55,TOWN OF MEAD - CLARK COUNTY,5550275000,Town Of Mead (Clark)
55,TOWN OF MEADOWBROOK - SAWYER COUNTY,5550300000,Town Of Meadowbrook (Sawyer)
55,TOWN OF MECAN - MARQUETTE COUNTY,5550350000,Town Of Mecan (Marquette)
55,TOWN OF MEDARY - LA CROSSE COUNTY,5550400000,Town Of Medary (La Crosse)
55,CITY OF MEDFORD - TAYLOR COUNTY,5550425000,City Of Medford (Taylor)
55,TOWN OF MEDFORD - TAYLOR COUNTY,5550450000,Town Of Medford (Taylor)
55,TOWN OF MEDINA - DANE COUNTY,5550475000,Town Of Medina (Dane)
55,TOWN OF MEEME - MANITOWOC COUNTY,5550625000,Town Of Meeme (Manitowoc)
55,TOWN OF MEENON - BURNETT COUNTY,5550650000,Town Of Meenon (Burnett)
55,CITY OF MELLEN - ASHLAND COUNTY,5550700000,City Of Mellen (Ashland)
55,VILLAGE OF MELROSE - JACKSON COUNTY,5550750000,Village Of Melrose (Jackson)
55,TOWN OF MELROSE - JACKSON COUNTY,5550775000,Town Of Melrose (Jackson)
55,VILLAGE OF MELVINA - MONROE COUNTY,5550800000,Village Of Melvina (Monroe)
55,CITY OF MENASHA - MULTIPLE COUNTIES,5550825000,City Of Menasha (Multiple Counties)
55,TOWN OF MENOMINEE - MENOMINEE COUNTY,5550975000,Town Of Menominee (Menominee)
55,VILLAGE OF MENOMONEE FALLS - WAUKESHA COUNTY,5551000000,Village Of Menomonee Falls (Waukesha)
55,CITY OF MENOMONIE - DUNN COUNTY,5551025000,City Of Menomonie (Dunn)
55,TOWN OF MENOMONIE - DUNN COUNTY,5551050000,Town Of Menomonie (Dunn)
55,TOWN OF MENTOR - CLARK COUNTY,5551125000,Town Of Mentor (Clark)
55,CITY OF MEQUON - OZAUKEE COUNTY,5551150000,City Of Mequon (Ozaukee)
55,TOWN OF MERCER - IRON COUNTY,5551200000,Town Of Mercer (Iron)
55,CITY OF MERRILL - LINCOLN COUNTY,5551250000,City Of Merrill (Lincoln)
55,TOWN OF MERRILL - LINCOLN COUNTY,5551275000,Town Of Merrill (Lincoln)
55,VILLAGE OF MERRILLAN - JACKSON COUNTY,5551300000,Village Of Merrillan (Jackson)
55,VILLAGE OF MERRIMAC - SAUK COUNTY,5551325000,Village Of Merrimac (Sauk)
55,TOWN OF MERRIMAC - SAUK COUNTY,5551350000,Town Of Merrimac (Sauk)
55,VILLAGE OF MERTON - WAUKESHA COUNTY,5551375000,Village Of Merton (Waukesha)
55,TOWN OF MERTON - WAUKESHA COUNTY,5551400000,Town Of Merton (Waukesha)
55,TOWN OF METEOR - SAWYER COUNTY,5551425000,Town Of Meteor (Sawyer)
55,TOWN OF METOMEN - FOND DU LAC COUNTY,5551450000,Town Of Metomen (Fond Du Lac)
55,TOWN OF MIDDLE INLET - MARINETTE COUNTY,5551537000,Town Of Middle Inlet (Marinette)
55,CITY OF MIDDLETON - DANE COUNTY,5551575000,City Of Middleton (Dane)
55,TOWN OF MIDDLETON - DANE COUNTY,5551600000,Town Of Middleton (Dane)
55,TOWN OF MIFFLIN - IOWA COUNTY,5551725000,Town Of Mifflin (Iowa)
55,TOWN OF MILFORD - JEFFERSON COUNTY,5551850000,Town Of Milford (Jefferson)
55,VILLAGE OF MILLADORE - MULTIPLE COUNTIES,5551875000,Village Of Milladore (Multiple Counties)
55,TOWN OF MILLADORE - WOOD COUNTY,5551900000,Town Of Milladore (Wood)
55,TOWN OF MILLSTON - JACKSON COUNTY,5552050000,Town Of Millston (Jackson)
55,VILLAGE OF MILLTOWN - POLK COUNTY,5552075000,Village Of Milltown (Polk)
55,TOWN OF MILLTOWN - POLK COUNTY,5552100000,Town Of Milltown (Polk)
55,TOWN OF MILLVILLE - GRANT COUNTY,5552150000,Town Of Millville (Grant)
55,TOWN OF MILTON - BUFFALO COUNTY,5552175000,Town Of Milton (Buffalo)
55,CITY OF MILTON - ROCK COUNTY,5552200000,City Of Milton (Rock)
55,TOWN OF MILTON - ROCK COUNTY,5552225000,Town Of Milton (Rock)
55,CITY OF MILWAUKEE - MULTIPLE COUNTIES,5553000000,City Of Milwaukee (Multiple Counties)
55,CITY OF MINERAL POINT - IOWA COUNTY,5553100000,City Of Mineral Point (Iowa)
55,TOWN OF MINERAL POINT - IOWA COUNTY,5553125000,Town Of Mineral Point (Iowa)
55,TOWN OF MINOCQUA - ONEIDA COUNTY,5553225000,Town Of Minocqua (Oneida)
55,VILLAGE OF MINONG - WASHBURN COUNTY,5553250000,Village Of Minong (Washburn)
55,TOWN OF MINONG - WASHBURN COUNTY,5553275000,Town Of Minong (Washburn)
55,VILLAGE OF MISHICOT - MANITOWOC COUNTY,5553325000,Village Of Mishicot (Manitowoc)
55,TOWN OF MISHICOT - MANITOWOC COUNTY,5553350000,Town Of Mishicot (Manitowoc)
55,TOWN OF MITCHELL - SHEBOYGAN COUNTY,5553375000,Town Of Mitchell (Sheboygan)
55,TOWN OF MODENA - BUFFALO COUNTY,5553450000,Town Of Modena (Buffalo)
55,TOWN OF MOLITOR - TAYLOR COUNTY,5553550000,Town Of Molitor (Taylor)
55,CITY OF MONDOVI - BUFFALO COUNTY,5553600000,City Of Mondovi (Buffalo)
55,TOWN OF MONDOVI - BUFFALO COUNTY,5553625000,Town Of Mondovi (Buffalo)
55,TOWN OF MONICO - ONEIDA COUNTY,5553662000,Town Of Monico (Oneida)
55,CITY OF MONONA - DANE COUNTY,5553675000,City Of Monona (Dane)
55,TOWN OF MONROE - ADAMS COUNTY,5553725000,Town Of Monroe (Adams)
55,CITY OF MONROE - GREEN COUNTY,5553750000,City Of Monroe (Green)
55,TOWN OF MONROE - GREEN COUNTY,5553775000,Town Of Monroe (Green)
55,TOWN OF MONTANA - BUFFALO COUNTY,5553850000,Town Of Montana (Buffalo)
55,CITY OF MONTELLO - MARQUETTE COUNTY,5553875000,City Of Montello (Marquette)
55,TOWN OF MONTELLO - MARQUETTE COUNTY,5553900000,Town Of Montello (Marquette)
55,VILLAGE OF MONTFORT - MULTIPLE COUNTIES,5553950000,Village Of Montfort (Multiple Counties)
55,VILLAGE OF MONTICELLO - GREEN COUNTY,5554000000,Village Of Monticello (Green)
55,TOWN OF MONTICELLO - LAFAYETTE COUNTY,5554025000,Town Of Monticello (Lafayette)
55,TOWN OF MONTPELIER - KEWAUNEE COUNTY,5554050000,Town Of Montpelier (Kewaunee)
55,CITY OF MONTREAL - IRON COUNTY,5554075000,City Of Montreal (Iron)
55,TOWN OF MONTROSE - DANE COUNTY,5554100000,Town Of Montrose (Dane)
55,TOWN OF MORGAN - OCONTO COUNTY,5554200000,Town Of Morgan (Oconto)
55,TOWN OF MORRIS - SHAWANO COUNTY,5554250000,Town Of Morris (Shawano)
55,TOWN OF MORRISON - BROWN COUNTY,5554300000,Town Of Morrison (Brown)
55,TOWN OF MORSE - ASHLAND COUNTY,5554400000,Town Of Morse (Ashland)
55,TOWN OF MOSCOW - IOWA COUNTY,5554425000,Town Of Moscow (Iowa)
55,TOWN OF MOSEL - SHEBOYGAN COUNTY,5554475000,Town Of Mosel (Sheboygan)
55,CITY OF MOSINEE - MARATHON COUNTY,5554500000,City Of Mosinee (Marathon)
55,TOWN OF MOSINEE - MARATHON COUNTY,5554525000,Town Of Mosinee (Marathon)
55,TOWN OF MOUNDVILLE - MARQUETTE COUNTY,5554600000,Town Of Moundville (Marquette)
55,TOWN OF MOUNTAIN - OCONTO COUNTY,5554630000,Town Of Mountain (Oconto)
55,VILLAGE OF MOUNT CALVARY - FOND DU LAC COUNTY,5554650000,Village Of Mount Calvary (Fond Du Lac)
55,VILLAGE OF MOUNT HOPE - GRANT COUNTY,5554675000,Village Of Mount Hope (Grant)
55,TOWN OF MOUNT HOPE - GRANT COUNTY,5554700000,Town Of Mount Hope (Grant)
55,VILLAGE OF MOUNT HOREB - DANE COUNTY,5554725000,Village Of Mount Horeb (Dane)
55,TOWN OF MOUNT IDA - GRANT COUNTY,5554775000,Town Of Mount Ida (Grant)
55,TOWN OF MOUNT MORRIS - WAUSHARA COUNTY,5554825000,Town Of Mount Morris (Waushara)
55,TOWN OF MOUNT PLEASANT - GREEN COUNTY,5554850000,Town Of Mount Pleasant (Green)
55,VILLAGE OF MOUNT PLEASANT - RACINE COUNTY,5554875000,Village Of Mount Pleasant (Racine)
55,VILLAGE OF MT. STERLING - CRAWFORD COUNTY,5554900000,Village Of Mt. Sterling (Crawford)
55,TOWN OF MUKWA - WAUPACA COUNTY,5555025000,Town Of Mukwa (Waupaca)
55,VILLAGE OF MUKWONAGO - MULTIPLE COUNTIES,5555050000,Village Of Mukwonago (Multiple Counties)
55,TOWN OF MUKWONAGO - WAUKESHA COUNTY,5555075000,Town Of Mukwonago (Waukesha)
55,TOWN OF MURRY - RUSK COUNTY,5555175000,Town Of Murry (Rusk)
55,VILLAGE OF MUSCODA - MULTIPLE COUNTIES,5555200000,Village Of Muscoda (Multiple Counties)
55,TOWN OF MUSCODA - GRANT COUNTY,5555225000,Town Of Muscoda (Grant)
55,CITY OF MUSKEGO - WAUKESHA COUNTY,5555275000,City Of Muskego (Waukesha)
55,TOWN OF NAMAKAGON - BAYFIELD COUNTY,5555375000,Town Of Namakagon (Bayfield)
55,TOWN OF NAPLES - BUFFALO COUNTY,5555450000,Town Of Naples (Buffalo)
55,TOWN OF NASEWAUPEE - DOOR COUNTY,5555500000,Town Of Nasewaupee (Door)
55,VILLAGE OF NASHOTAH - WAUKESHA COUNTY,5555550000,Village Of Nashotah (Waukesha)
55,TOWN OF NASHVILLE - FOREST COUNTY,5555575000,Town Of Nashville (Forest)
55,TOWN OF NAVARINO - SHAWANO COUNTY,5555675000,Town Of Navarino (Shawano)
55,VILLAGE OF NECEDAH - JUNEAU COUNTY,5555700000,Village Of Necedah (Juneau)
55,TOWN OF NECEDAH - JUNEAU COUNTY,5555725000,Town Of Necedah (Juneau)
55,CITY OF NEENAH - WINNEBAGO COUNTY,5555750000,City Of Neenah (Winnebago)
55,TOWN OF NEENAH - WINNEBAGO COUNTY,5555775000,Town Of Neenah (Winnebago)
55,CITY OF NEILLSVILLE - CLARK COUNTY,5555800000,City Of Neillsville (Clark)
55,TOWN OF NEKIMI - WINNEBAGO COUNTY,5555850000,Town Of Nekimi (Winnebago)
55,CITY OF NEKOOSA - WOOD COUNTY,5555875000,City Of Nekoosa (Wood)
55,VILLAGE OF NELSON - BUFFALO COUNTY,5555950000,Village Of Nelson (Buffalo)
55,TOWN OF NELSON - BUFFALO COUNTY,5555975000,Town Of Nelson (Buffalo)
55,VILLAGE OF NELSONVILLE - PORTAGE COUNTY,5556000000,Village Of Nelsonville (Portage)
55,VILLAGE OF NEOSHO - DODGE COUNTY,5556075000,Village Of Neosho (Dodge)
55,TOWN OF NEPEUSKUN - WINNEBAGO COUNTY,5556100000,Town Of Nepeuskun (Winnebago)
55,VILLAGE OF NESHKORO - MARQUETTE COUNTY,5556125000,Village Of Neshkoro (Marquette)
55,TOWN OF NESHKORO - MARQUETTE COUNTY,5556150000,Town Of Neshkoro (Marquette)
55,TOWN OF NEVA - LANGLADE COUNTY,5556200000,Town Of Neva (Langlade)
55,TOWN OF NEWARK - ROCK COUNTY,5556325000,Town Of Newark (Rock)
55,VILLAGE OF NEW AUBURN - MULTIPLE COUNTIES,5556350000,Village Of New Auburn (Multiple Counties)
55,CITY OF NEW BERLIN - WAUKESHA COUNTY,5556375000,City Of New Berlin (Waukesha)
55,TOWN OF NEWBOLD - ONEIDA COUNTY,5556425000,Town Of Newbold (Oneida)
55,VILLAGE OF NEWBURG - MULTIPLE COUNTIES,5556450000,Village Of Newburg (Multiple Counties)
55,TOWN OF NEW CHESTER - ADAMS COUNTY,5556525000,Town Of New Chester (Adams)
55,TOWN OF NEW DENMARK - BROWN COUNTY,5556575000,Town Of New Denmark (Brown)
55,TOWN OF NEW DIGGINGS - LAFAYETTE COUNTY,5556625000,Town Of New Diggings (Lafayette)
55,VILLAGE OF NEW GLARUS - GREEN COUNTY,5556700000,Village Of New Glarus (Green)
55,TOWN OF NEW GLARUS - GREEN COUNTY,5556725000,Town Of New Glarus (Green)
55,TOWN OF NEW HAVEN - ADAMS COUNTY,5556750000,Town Of New Haven (Adams)
55,TOWN OF NEW HAVEN - DUNN COUNTY,5556775000,Town Of New Haven (Dunn)
55,CITY OF NEW HOLSTEIN - CALUMET COUNTY,5556800000,City Of New Holstein (Calumet)
55,TOWN OF NEW HOLSTEIN - CALUMET COUNTY,5556825000,Town Of New Holstein (Calumet)
55,TOWN OF NEW HOPE - PORTAGE COUNTY,5556850000,Town Of New Hope (Portage)
55,CITY OF NEW LISBON - JUNEAU COUNTY,5556900000,City Of New Lisbon (Juneau)
55,CITY OF NEW LONDON - MULTIPLE COUNTIES,5556925000,City Of New London (Multiple Counties)
55,TOWN OF NEW LYME - MONROE COUNTY,5556950000,Town Of New Lyme (Monroe)
55,TOWN OF NEWPORT - COLUMBIA COUNTY,5557025000,Town Of Newport (Columbia)
55,CITY OF NEW RICHMOND - ST. CROIX COUNTY,5557100000,City Of New Richmond (St. Croix)
55,TOWN OF NEWTON - MANITOWOC COUNTY,5557200000,Town Of Newton (Manitowoc)
55,TOWN OF NEWTON - MARQUETTE COUNTY,5557225000,Town Of Newton (Marquette)
55,CITY OF NIAGARA - MARINETTE COUNTY,5557325000,City Of Niagara (Marinette)
55,TOWN OF NIAGARA - MARINETTE COUNTY,5557350000,Town Of Niagara (Marinette)
55,VILLAGE OF NICHOLS - OUTAGAMIE COUNTY,5557375000,Village Of Nichols (Outagamie)
55,TOWN OF NOKOMIS - ONEIDA COUNTY,5557450000,Town Of Nokomis (Oneida)
55,TOWN OF NORRIE - MARATHON COUNTY,5557600000,Town Of Norrie (Marathon)
55,VILLAGE OF NORTH BAY - RACINE COUNTY,5557700000,Village Of North Bay (Racine)
55,TOWN OF NORTH BEND - JACKSON COUNTY,5557775000,Town Of North Bend (Jackson)
55,TOWN OF NORTHFIELD - JACKSON COUNTY,5557975000,Town Of Northfield (Jackson)
55,VILLAGE OF NORTH FOND DU LAC - FOND DU LAC COUNTY,5558000000,Village Of North Fond Du Lac (Fond Du Lac)
55,VILLAGE OF NORTH FREEDOM - SAUK COUNTY,5558025000,Village Of North Freedom (Sauk)
55,VILLAGE OF NORTH HUDSON - ST. CROIX COUNTY,5558050000,Village Of North Hudson (St. Croix)
55,TOWN OF NORTH LANCASTER - GRANT COUNTY,5558125000,Town Of North Lancaster (Grant)
55,VILLAGE OF NORTH PRAIRIE - WAUKESHA COUNTY,5558400000,Village Of North Prairie (Waukesha)
55,VILLAGE OF NORWALK - MONROE COUNTY,5558575000,Village Of Norwalk (Monroe)
55,TOWN OF NORWAY - RACINE COUNTY,5558600000,Town Of Norway (Racine)
55,TOWN OF NORWOOD - LANGLADE COUNTY,5558700000,Town Of Norwood (Langlade)
55,CITY OF OAK CREEK - MILWAUKEE COUNTY,5558800000,City Of Oak Creek (Milwaukee)
55,VILLAGE OF OAKDALE - MONROE COUNTY,5558850000,Village Of Oakdale (Monroe)
55,TOWN OF OAKDALE - MONROE COUNTY,5558875000,Town Of Oakdale (Monroe)
55,VILLAGE OF OAKFIELD - FOND DU LAC COUNTY,5558900000,Village Of Oakfield (Fond Du Lac)
55,TOWN OF OAKFIELD - FOND DU LAC COUNTY,5558925000,Town Of Oakfield (Fond Du Lac)
55,TOWN OF OAK GROVE - BARRON COUNTY,5558950000,Town Of Oak Grove (Barron)
55,TOWN OF OAK GROVE - DODGE COUNTY,5559000000,Town Of Oak Grove (Dodge)
55,TOWN OF OAK GROVE - PIERCE COUNTY,5559025000,Town Of Oak Grove (Pierce)
55,TOWN OF OAKLAND - BURNETT COUNTY,5559075000,Town Of Oakland (Burnett)
55,TOWN OF OAKLAND - DOUGLAS COUNTY,5559100000,Town Of Oakland (Douglas)
55,TOWN OF OAKLAND - JEFFERSON COUNTY,5559125000,Town Of Oakland (Jefferson)
55,TOWN OF OASIS - WAUSHARA COUNTY,5559225000,Town Of Oasis (Waushara)
55,CITY OF OCONOMOWOC - WAUKESHA COUNTY,5559250000,City Of Oconomowoc (Waukesha)
55,TOWN OF OCONOMOWOC - WAUKESHA COUNTY,5559275000,Town Of Oconomowoc (Waukesha)
55,VILLAGE OF OCONOMOWOC LAKE - WAUKESHA COUNTY,5559300000,Village Of Oconomowoc Lake (Waukesha)
55,CITY OF OCONTO - OCONTO COUNTY,5559350000,City Of Oconto (Oconto)
55,TOWN OF OCONTO - OCONTO COUNTY,5559375000,Town Of Oconto (Oconto)
55,CITY OF OCONTO FALLS - OCONTO COUNTY,5559400000,City Of Oconto Falls (Oconto)
55,TOWN OF OCONTO FALLS - OCONTO COUNTY,5559425000,Town Of Oconto Falls (Oconto)
55,VILLAGE OF OGDENSBURG - WAUPACA COUNTY,5559475000,Village Of Ogdensburg (Waupaca)
55,TOWN OF OGEMA - PRICE COUNTY,5559525000,Town Of Ogema (Price)
55,TOWN OF OJIBWA - SAWYER COUNTY,5559600000,Town Of Ojibwa (Sawyer)
55,VILLAGE OF OLIVER - DOUGLAS COUNTY,5559800000,Village Of Oliver (Douglas)
55,TOWN OF OMA - IRON COUNTY,5559850000,Town Of Oma (Iron)
55,CITY OF OMRO - WINNEBAGO COUNTY,5559875000,City Of Omro (Winnebago)
55,TOWN OF OMRO - WINNEBAGO COUNTY,5559900000,Town Of Omro (Winnebago)
55,CITY OF ONALASKA - LA CROSSE COUNTY,5559925000,City Of Onalaska (La Crosse)
55,TOWN OF ONALASKA - LA CROSSE COUNTY,5559950000,Town Of Onalaska (La Crosse)
55,TOWN OF ONEIDA - OUTAGAMIE COUNTY,5560000000,Town Of Oneida (Outagamie)
55,VILLAGE OF ONTARIO - MULTIPLE COUNTIES,5560075000,Village Of Ontario (Multiple Counties)
55,VILLAGE OF OOSTBURG - SHEBOYGAN COUNTY,5560100000,Village Of Oostburg (Sheboygan)
55,TOWN OF ORANGE - JUNEAU COUNTY,5560150000,Town Of Orange (Juneau)
55,VILLAGE OF OREGON - DANE COUNTY,5560200000,Village Of Oregon (Dane)
55,TOWN OF OREGON - DANE COUNTY,5560225000,Town Of Oregon (Dane)
55,VILLAGE OF ORFORDVILLE - ROCK COUNTY,5560250000,Village Of Orfordville (Rock)
55,TOWN OF ORIENTA - BAYFIELD COUNTY,5560275000,Town Of Orienta (Bayfield)
55,TOWN OF ORION - RICHLAND COUNTY,5560350000,Town Of Orion (Richland)
55,TOWN OF OSBORN - OUTAGAMIE COUNTY,5560400000,Town Of Osborn (Outagamie)
55,TOWN OF OSCEOLA - FOND DU LAC COUNTY,5560425000,Town Of Osceola (Fond Du Lac)
55,VILLAGE OF OSCEOLA - POLK COUNTY,5560450000,Village Of Osceola (Polk)
55,TOWN OF OSCEOLA - POLK COUNTY,5560475000,Town Of Osceola (Polk)
55,CITY OF OSHKOSH - WINNEBAGO COUNTY,5560500000,City Of Oshkosh (Winnebago)
55,TOWN OF OSHKOSH - WINNEBAGO COUNTY,5560525000,Town Of Oshkosh (Winnebago)
55,CITY OF OSSEO - TREMPEALEAU COUNTY,5560575000,City Of Osseo (Trempealeau)
55,TOWN OF OTSEGO - COLUMBIA COUNTY,5560687000,Town Of Otsego (Columbia)
55,TOWN OF OTTAWA - WAUKESHA COUNTY,5560700000,Town Of Ottawa (Waukesha)
55,TOWN OF OTTER CREEK - DUNN COUNTY,5560725000,Town Of Otter Creek (Dunn)
55,TOWN OF OTTER CREEK - EAU CLAIRE COUNTY,5560750000,Town Of Otter Creek (Eau Claire)
55,TOWN OF OULU - BAYFIELD COUNTY,5560775000,Town Of Oulu (Bayfield)
55,CITY OF OWEN - CLARK COUNTY,5560825000,City Of Owen (Clark)
55,VILLAGE OF OXFORD - MARQUETTE COUNTY,5560875000,Village Of Oxford (Marquette)
55,TOWN OF OXFORD - MARQUETTE COUNTY,5560900000,Town Of Oxford (Marquette)
55,TOWN OF PACIFIC - COLUMBIA COUNTY,5560925000,Town Of Pacific (Columbia)
55,TOWN OF PACKWAUKEE - MARQUETTE COUNTY,5560962000,Town Of Packwaukee (Marquette)
55,VILLAGE OF PADDOCK LAKE - KENOSHA COUNTY,5560975000,Village Of Paddock Lake (Kenosha)
55,VILLAGE OF PALMYRA - JEFFERSON COUNTY,5561025000,Village Of Palmyra (Jefferson)
55,TOWN OF PALMYRA - JEFFERSON COUNTY,5561050000,Town Of Palmyra (Jefferson)
55,VILLAGE OF PARDEEVILLE - COLUMBIA COUNTY,5561100000,Village Of Pardeeville (Columbia)
55,TOWN OF PARIS - GRANT COUNTY,5561150000,Town Of Paris (Grant)
55,TOWN OF PARIS - KENOSHA COUNTY,5561175000,Town Of Paris (Kenosha)
55,CITY OF PARK FALLS - PRICE COUNTY,5561200000,City Of Park Falls (Price)
55,TOWN OF PARKLAND - DOUGLAS COUNTY,5561250000,Town Of Parkland (Douglas)
55,VILLAGE OF PARK RIDGE - PORTAGE COUNTY,5561325000,Village Of Park Ridge (Portage)
55,TOWN OF PARRISH - LANGLADE COUNTY,5561375000,Town Of Parrish (Langlade)
55,VILLAGE OF PATCH GROVE - GRANT COUNTY,5561425000,Village Of Patch Grove (Grant)
55,TOWN OF PATCH GROVE - GRANT COUNTY,5561450000,Town Of Patch Grove (Grant)
55,TOWN OF PECK - LANGLADE COUNTY,5561525000,Town Of Peck (Langlade)
55,TOWN OF PEEKSVILLE - ASHLAND COUNTY,5561600000,Town Of Peeksville (Ashland)
55,TOWN OF PELICAN - ONEIDA COUNTY,5561625000,Town Of Pelican (Oneida)
55,TOWN OF PELLA - SHAWANO COUNTY,5561700000,Town Of Pella (Shawano)
55,TOWN OF PEMBINE - MARINETTE COUNTY,5561775000,Town Of Pembine (Marinette)
55,TOWN OF PENCE - IRON COUNTY,5561825000,Town Of Pence (Iron)
55,TOWN OF PENSAUKEE - OCONTO COUNTY,5561900000,Town Of Pensaukee (Oconto)
55,VILLAGE OF PEPIN - PEPIN COUNTY,5561925000,Village Of Pepin (Pepin)
55,TOWN OF PEPIN - PEPIN COUNTY,5561950000,Town Of Pepin (Pepin)
55,TOWN OF PERRY - DANE COUNTY,5562050000,Town Of Perry (Dane)
55,TOWN OF PERSHING - TAYLOR COUNTY,5562100000,Town Of Pershing (Taylor)
55,TOWN OF PERU - DUNN COUNTY,5562125000,Town Of Peru (Dunn)
55,CITY OF PESHTIGO - MARINETTE COUNTY,5562175000,City Of Peshtigo (Marinette)
55,TOWN OF PESHTIGO - MARINETTE COUNTY,5562200000,Town Of Peshtigo (Marinette)
55,CITY OF PEWAUKEE - WAUKESHA COUNTY,5562240000,City Of Pewaukee (Waukesha)
55,VILLAGE OF PEWAUKEE - WAUKESHA COUNTY,5562250000,Village Of Pewaukee (Waukesha)
55,TOWN OF PHELPS - VILAS COUNTY,5562425000,Town Of Phelps (Vilas)
55,CITY OF PHILLIPS - PRICE COUNTY,5562450000,City Of Phillips (Price)
55,TOWN OF PIEHL - ONEIDA COUNTY,5562600000,Town Of Piehl (Oneida)
55,TOWN OF PIERCE - KEWAUNEE COUNTY,5562625000,Town Of Pierce (Kewaunee)
55,TOWN OF PIGEON - TREMPEALEAU COUNTY,5562650000,Town Of Pigeon (Trempealeau)
55,VILLAGE OF PIGEON FALLS - TREMPEALEAU COUNTY,5562675000,Village Of Pigeon Falls (Trempealeau)
55,TOWN OF PILSEN - BAYFIELD COUNTY,5562700000,Town Of Pilsen (Bayfield)
55,TOWN OF PINE GROVE - PORTAGE COUNTY,5562825000,Town Of Pine Grove (Portage)
55,TOWN OF PINE LAKE - ONEIDA COUNTY,5562925000,Town Of Pine Lake (Oneida)
55,TOWN OF PINE RIVER - LINCOLN COUNTY,5562950000,Town Of Pine River (Lincoln)
55,TOWN OF PINE VALLEY - CLARK COUNTY,5563000000,Town Of Pine Valley (Clark)
55,TOWN OF PITTSFIELD - BROWN COUNTY,5563075000,Town Of Pittsfield (Brown)
55,CITY OF PITTSVILLE - WOOD COUNTY,5563100000,City Of Pittsville (Wood)
55,VILLAGE OF PLAIN - SAUK COUNTY,5563125000,Village Of Plain (Sauk)
55,VILLAGE OF PLAINFIELD - WAUSHARA COUNTY,5563150000,Village Of Plainfield (Waushara)
55,TOWN OF PLAINFIELD - WAUSHARA COUNTY,5563175000,Town Of Plainfield (Waushara)
55,CITY OF PLATTEVILLE - GRANT COUNTY,5563250000,City Of Platteville (Grant)
55,TOWN OF PLATTEVILLE - GRANT COUNTY,5563275000,Town Of Platteville (Grant)
55,VILLAGE OF PLEASANT PRAIRIE - KENOSHA COUNTY,5563300000,Village Of Pleasant Prairie (Kenosha)
55,TOWN OF PLEASANT SPRINGS - DANE COUNTY,5563375000,Town Of Pleasant Springs (Dane)
55,TOWN OF PLEASANT VALLEY - EAU CLAIRE COUNTY,5563400000,Town Of Pleasant Valley (Eau Claire)
55,TOWN OF PLEASANT VALLEY - ST. CROIX COUNTY,5563425000,Town Of Pleasant Valley (St. Croix)
55,TOWN OF PLOVER - MARATHON COUNTY,5563500000,Town Of Plover (Marathon)
55,VILLAGE OF PLOVER - PORTAGE COUNTY,5563525000,Village Of Plover (Portage)
55,TOWN OF PLOVER - PORTAGE COUNTY,5563550000,Town Of Plover (Portage)
55,VILLAGE OF PLUM CITY - PIERCE COUNTY,5563600000,Village Of Plum City (Pierce)
55,TOWN OF PLUM LAKE - VILAS COUNTY,5563625000,Town Of Plum Lake (Vilas)
55,TOWN OF PLYMOUTH - JUNEAU COUNTY,5563650000,Town Of Plymouth (Juneau)
55,TOWN OF PLYMOUTH - ROCK COUNTY,5563675000,Town Of Plymouth (Rock)
55,CITY OF PLYMOUTH - SHEBOYGAN COUNTY,5563700000,City Of Plymouth (Sheboygan)
55,TOWN OF PLYMOUTH - SHEBOYGAN COUNTY,5563725000,Town Of Plymouth (Sheboygan)
55,TOWN OF POLAR - LANGLADE COUNTY,5563825000,Town Of Polar (Langlade)
55,TOWN OF POLK - WASHINGTON COUNTY,5563875000,Town Of Polk (Washington)
55,VILLAGE OF POPLAR - DOUGLAS COUNTY,5563975000,Village Of Poplar (Douglas)
55,TOWN OF POPPLE RIVER - FOREST COUNTY,5564050000,Town Of Popple River (Forest)
55,CITY OF PORTAGE - COLUMBIA COUNTY,5564100000,City Of Portage (Columbia)
55,VILLAGE OF PORT EDWARDS - WOOD COUNTY,5564175000,Village Of Port Edwards (Wood)
55,TOWN OF PORT EDWARDS - WOOD COUNTY,5564200000,Town Of Port Edwards (Wood)
55,TOWN OF PORTER - ROCK COUNTY,5564225000,Town Of Porter (Rock)
55,TOWN OF PORTERFIELD - MARINETTE COUNTY,5564275000,Town Of Porterfield (Marinette)
55,TOWN OF PORTLAND - DODGE COUNTY,5564375000,Town Of Portland (Dodge)
55,TOWN OF PORTLAND - MONROE COUNTY,5564425000,Town Of Portland (Monroe)
55,CITY OF PORT WASHINGTON - OZAUKEE COUNTY,5564450000,City Of Port Washington (Ozaukee)
55,TOWN OF PORT WASHINGTON - OZAUKEE COUNTY,5564475000,Town Of Port Washington (Ozaukee)
55,TOWN OF PORT WING - BAYFIELD COUNTY,5564512000,Town Of Port Wing (Bayfield)
55,VILLAGE OF POTOSI - GRANT COUNTY,5564625000,Village Of Potosi (Grant)
55,TOWN OF POTOSI - GRANT COUNTY,5564650000,Town Of Potosi (Grant)
55,VILLAGE OF POTTER - CALUMET COUNTY,5564675000,Village Of Potter (Calumet)
55,VILLAGE OF POUND - MARINETTE COUNTY,5564750000,Village Of Pound (Marinette)
55,TOWN OF POUND - MARINETTE COUNTY,5564775000,Town Of Pound (Marinette)
55,TOWN OF POYGAN - WINNEBAGO COUNTY,5564875000,Town Of Poygan (Winnebago)
55,VILLAGE OF POYNETTE - COLUMBIA COUNTY,5564900000,Village Of Poynette (Columbia)
55,TOWN OF POY SIPPI - WAUSHARA COUNTY,5564975000,Town Of Poy Sippi (Waushara)
55,CITY OF PRAIRIE DU CHIEN - CRAWFORD COUNTY,5565050000,City Of Prairie Du Chien (Crawford)
55,TOWN OF PRAIRIE DU CHIEN - CRAWFORD COUNTY,5565075000,Town Of Prairie Du Chien (Crawford)
55,VILLAGE OF PRAIRIE DU SAC - SAUK COUNTY,5565100000,Village Of Prairie Du Sac (Sauk)
55,TOWN OF PRAIRIE DU SAC - SAUK COUNTY,5565125000,Town Of Prairie Du Sac (Sauk)
55,VILLAGE OF PRAIRIE FARM - BARRON COUNTY,5565150000,Village Of Prairie Farm (Barron)
55,TOWN OF PRAIRIE FARM - BARRON COUNTY,5565175000,Town Of Prairie Farm (Barron)
55,TOWN OF PRAIRIE LAKE - BARRON COUNTY,5565200000,Town Of Prairie Lake (Barron)
55,VILLAGE OF PRENTICE - PRICE COUNTY,5565325000,Village Of Prentice (Price)
55,TOWN OF PRENTICE - PRICE COUNTY,5565350000,Town Of Prentice (Price)
55,CITY OF PRESCOTT - PIERCE COUNTY,5565375000,City Of Prescott (Pierce)
55,TOWN OF PRESQUE ISLE - VILAS COUNTY,5565425000,Town Of Presque Isle (Vilas)
55,TOWN OF PRESTON - ADAMS COUNTY,5565450000,Town Of Preston (Adams)
55,TOWN OF PRESTON - TREMPEALEAU COUNTY,5565500000,Town Of Preston (Trempealeau)
55,TOWN OF PRICE - LANGLADE COUNTY,5565550000,Town Of Price (Langlade)
55,TOWN OF PRIMROSE - DANE COUNTY,5565575000,Town Of Primrose (Dane)
55,CITY OF PRINCETON - GREEN LAKE COUNTY,5565600000,City Of Princeton (Green Lake)
55,TOWN OF PRINCETON - GREEN LAKE COUNTY,5565625000,Town Of Princeton (Green Lake)
55,VILLAGE OF PULASKI - MULTIPLE COUNTIES,5565675000,Village Of Pulaski (Multiple Counties)
55,TOWN OF PULASKI - IOWA COUNTY,5565700000,Town Of Pulaski (Iowa)
55,TOWN OF QUINCY - ADAMS COUNTY,5565825000,Town Of Quincy (Adams)
55,CITY OF RACINE - RACINE COUNTY,5566000000,City Of Racine (Racine)
55,VILLAGE OF RADISSON - SAWYER COUNTY,5566050000,Village Of Radisson (Sawyer)
55,TOWN OF RADISSON - SAWYER COUNTY,5566075000,Town Of Radisson (Sawyer)
55,TOWN OF RANDALL - KENOSHA COUNTY,5566125000,Town Of Randall (Kenosha)
55,VILLAGE OF RANDOLPH - MULTIPLE COUNTIES,5566150000,Village Of Randolph (Multiple Counties)
55,TOWN OF RANDOLPH - COLUMBIA COUNTY,5566175000,Town Of Randolph (Columbia)
55,VILLAGE OF RANDOM LAKE - SHEBOYGAN COUNTY,5566200000,Village Of Random Lake (Sheboygan)
55,TOWN OF RANTOUL - CALUMET COUNTY,5566275000,Town Of Rantoul (Calumet)
55,VILLAGE OF RAYMOND - RACINE COUNTY,5566350000,Village Of Raymond (Racine)
55,VILLAGE OF READSTOWN - VERNON COUNTY,5566450000,Village Of Readstown (Vernon)
55,TOWN OF RED CEDAR - DUNN COUNTY,5566550000,Town Of Red Cedar (Dunn)
55,VILLAGE OF REDGRANITE - WAUSHARA COUNTY,5566625000,Village Of Redgranite (Waushara)
55,TOWN OF RED RIVER - KEWAUNEE COUNTY,5566700000,Town Of Red River (Kewaunee)
55,TOWN OF RED SPRINGS - SHAWANO COUNTY,5566750000,Town Of Red Springs (Shawano)
55,CITY OF REEDSBURG - SAUK COUNTY,5566800000,City Of Reedsburg (Sauk)
55,TOWN OF REEDSBURG - SAUK COUNTY,5566825000,Town Of Reedsburg (Sauk)
55,VILLAGE OF REEDSVILLE - MANITOWOC COUNTY,5566875000,Village Of Reedsville (Manitowoc)
55,VILLAGE OF REESEVILLE - DODGE COUNTY,5566900000,Village Of Reeseville (Dodge)
55,TOWN OF REID - MARATHON COUNTY,5566950000,Town Of Reid (Marathon)
55,TOWN OF REMINGTON - WOOD COUNTY,5567000000,Town Of Remington (Wood)
55,TOWN OF RESEBURG - CLARK COUNTY,5567025000,Town Of Reseburg (Clark)
55,VILLAGE OF REWEY - IOWA COUNTY,5567100000,Village Of Rewey (Iowa)
55,TOWN OF RHINE - SHEBOYGAN COUNTY,5567150000,Town Of Rhine (Sheboygan)
55,CITY OF RHINELANDER - ONEIDA COUNTY,5567200000,City Of Rhinelander (Oneida)
55,TOWN OF RIB FALLS - MARATHON COUNTY,5567250000,Town Of Rib Falls (Marathon)
55,VILLAGE OF RIB LAKE - TAYLOR COUNTY,5567275000,Village Of Rib Lake (Taylor)
55,TOWN OF RIB LAKE - TAYLOR COUNTY,5567300000,Town Of Rib Lake (Taylor)
55,VILLAGE OF RIB MOUNTAIN - MARATHON COUNTY,5567320000,Village Of Rib Mountain (Marathon)
55,TOWN OF RIB MOUNTAIN - MARATHON COUNTY,5567325000,Town Of Rib Mountain (Marathon)
55,CITY OF RICE LAKE - BARRON COUNTY,5567350000,City Of Rice Lake (Barron)
55,TOWN OF RICE LAKE - BARRON COUNTY,5567375000,Town Of Rice Lake (Barron)
55,TOWN OF RICHFIELD - ADAMS COUNTY,5567425000,Town Of Richfield (Adams)
55,VILLAGE OF RICHFIELD - WASHINGTON COUNTY,5567475000,Village Of Richfield (Washington)
55,TOWN OF RICHFIELD - WOOD COUNTY,5567500000,Town Of Richfield (Wood)
55,TOWN OF RICHFORD - WAUSHARA COUNTY,5567550000,Town Of Richford (Waushara)
55,TOWN OF RICHLAND - RICHLAND COUNTY,5567575000,Town Of Richland (Richland)
55,TOWN OF RICHLAND - RUSK COUNTY,5567600000,Town Of Richland (Rusk)
55,CITY OF RICHLAND CENTER - RICHLAND COUNTY,5567625000,City Of Richland Center (Richland)
55,TOWN OF RICHMOND - ST. CROIX COUNTY,5567650000,Town Of Richmond (St. Croix)
55,TOWN OF RICHMOND - SHAWANO COUNTY,5567675000,Town Of Richmond (Shawano)
55,TOWN OF RICHMOND - WALWORTH COUNTY,5567725000,Town Of Richmond (Walworth)
55,TOWN OF RICHWOOD - RICHLAND COUNTY,5567775000,Town Of Richwood (Richland)
55,VILLAGE OF RIDGELAND - DUNN COUNTY,5567800000,Village Of Ridgeland (Dunn)
55,TOWN OF RIDGEVILLE - MONROE COUNTY,5567850000,Town Of Ridgeville (Monroe)
55,VILLAGE OF RIDGEWAY - IOWA COUNTY,5567875000,Village Of Ridgeway (Iowa)
55,TOWN OF RIDGEWAY - IOWA COUNTY,5567900000,Town Of Ridgeway (Iowa)
55,TOWN OF RIETBROCK - MARATHON COUNTY,5567950000,Town Of Rietbrock (Marathon)
55,TOWN OF RINGLE - MARATHON COUNTY,5568075000,Town Of Ringle (Marathon)
55,VILLAGE OF RIO - COLUMBIA COUNTY,5568100000,Village Of Rio (Columbia)
55,CITY OF RIPON - FOND DU LAC COUNTY,5568175000,City Of Ripon (Fond Du Lac)
55,TOWN OF RIPON - FOND DU LAC COUNTY,5568200000,Town Of Ripon (Fond Du Lac)
55,CITY OF RIVER FALLS - MULTIPLE COUNTIES,5568275000,City Of River Falls (Multiple Counties)
55,TOWN OF RIVER FALLS - PIERCE COUNTY,5568300000,Town Of River Falls (Pierce)
55,VILLAGE OF RIVER HILLS - MILWAUKEE COUNTY,5568325000,Village Of River Hills (Milwaukee)
55,TOWN OF RIVERVIEW - OCONTO COUNTY,5568400000,Town Of Riverview (Oconto)
55,VILLAGE OF ROBERTS - ST. CROIX COUNTY,5568475000,Village Of Roberts (St. Croix)
55,VILLAGE OF ROCHESTER - RACINE COUNTY,5568550000,Village Of Rochester (Racine)
55,TOWN OF ROCK - ROCK COUNTY,5568600000,Town Of Rock (Rock)
55,TOWN OF ROCK - WOOD COUNTY,5568625000,Town Of Rock (Wood)
55,TOWN OF ROCKBRIDGE - RICHLAND COUNTY,5568675000,Town Of Rockbridge (Richland)
55,TOWN OF ROCK CREEK - DUNN COUNTY,5568700000,Town Of Rock Creek (Dunn)
55,VILLAGE OF ROCKDALE - DANE COUNTY,5568725000,Village Of Rockdale (Dane)
55,TOWN OF ROCK ELM - PIERCE COUNTY,5568775000,Town Of Rock Elm (Pierce)
55,TOWN OF ROCK FALLS - LINCOLN COUNTY,5568825000,Town Of Rock Falls (Lincoln)
55,TOWN OF ROCKLAND - BROWN COUNTY,5568875000,Town Of Rockland (Brown)
55,VILLAGE OF ROCKLAND - MULTIPLE COUNTIES,5568900000,Village Of Rockland (Multiple Counties)
55,TOWN OF ROCKLAND - MANITOWOC COUNTY,5568925000,Town Of Rockland (Manitowoc)
55,VILLAGE OF ROCK SPRINGS - SAUK COUNTY,5568975000,Village Of Rock Springs (Sauk)
55,TOWN OF ROLLING - LANGLADE COUNTY,5569175000,Town Of Rolling (Langlade)
55,TOWN OF ROME - ADAMS COUNTY,5569275000,Town Of Rome (Adams)
55,TOWN OF ROOSEVELT - BURNETT COUNTY,5569325000,Town Of Roosevelt (Burnett)
55,TOWN OF ROOSEVELT - TAYLOR COUNTY,5569400000,Town Of Roosevelt (Taylor)
55,TOWN OF ROSE - WAUSHARA COUNTY,5569425000,Town Of Rose (Waushara)
55,VILLAGE OF ROSENDALE - FOND DU LAC COUNTY,5569525000,Village Of Rosendale (Fond Du Lac)
55,TOWN OF ROSENDALE - FOND DU LAC COUNTY,5569550000,Town Of Rosendale (Fond Du Lac)
55,VILLAGE OF ROSHOLT - PORTAGE COUNTY,5569575000,Village Of Rosholt (Portage)
55,TOWN OF ROSS - FOREST COUNTY,5569625000,Town Of Ross (Forest)
55,VILLAGE OF ROTHSCHILD - MARATHON COUNTY,5569725000,Village Of Rothschild (Marathon)
55,TOWN OF ROUND LAKE - SAWYER COUNTY,5569750000,Town Of Round Lake (Sawyer)
55,TOWN OF ROXBURY - DANE COUNTY,5569850000,Town Of Roxbury (Dane)
55,TOWN OF ROYALTON - WAUPACA COUNTY,5569900000,Town Of Royalton (Waupaca)
55,TOWN OF RUBICON - DODGE COUNTY,5569962000,Town Of Rubicon (Dodge)
55,TOWN OF RUBY - CHIPPEWA COUNTY,5569975000,Town Of Ruby (Chippewa)
55,VILLAGE OF RUDOLPH - WOOD COUNTY,5570000000,Village Of Rudolph (Wood)
55,TOWN OF RUDOLPH - WOOD COUNTY,5570025000,Town Of Rudolph (Wood)
55,TOWN OF RUSHFORD - WINNEBAGO COUNTY,5570125000,Town Of Rushford (Winnebago)
55,TOWN OF RUSH RIVER - ST. CROIX COUNTY,5570200000,Town Of Rush River (St. Croix)
55,TOWN OF RUSK - BURNETT COUNTY,5570225000,Town Of Rusk (Burnett)
55,TOWN OF RUSK - RUSK COUNTY,5570275000,Town Of Rusk (Rusk)
55,TOWN OF RUSSELL - BAYFIELD COUNTY,5570300000,Town Of Russell (Bayfield)
55,TOWN OF RUSSELL - LINCOLN COUNTY,5570325000,Town Of Russell (Lincoln)
55,TOWN OF RUSSELL - SHEBOYGAN COUNTY,5570350000,Town Of Russell (Sheboygan)
55,TOWN OF RUTLAND - DANE COUNTY,5570400000,Town Of Rutland (Dane)
55,VILLAGE OF ST. CLOUD - FOND DU LAC COUNTY,5570500000,Village Of St. Cloud (Fond Du Lac)
55,CITY OF ST. CROIX FALLS - POLK COUNTY,5570550000,City Of St. Croix Falls (Polk)
55,TOWN OF ST. CROIX FALLS - POLK COUNTY,5570575000,Town Of St. Croix Falls (Polk)
55,CITY OF ST. FRANCIS - MILWAUKEE COUNTY,5570650000,City Of St. Francis (Milwaukee)
55,TOWN OF ST. GERMAIN - VILAS COUNTY,5570725000,Town Of St. Germain (Vilas)
55,TOWN OF ST. JOSEPH - ST. CROIX COUNTY,5570825000,Town Of St. Joseph (St. Croix)
55,TOWN OF SAINT LAWRENCE - WAUPACA COUNTY,5570900000,Town Of Saint Lawrence (Waupaca)
55,TOWN OF ST. MARIE - GREEN LAKE COUNTY,5570925000,Town Of St. Marie (Green Lake)
55,VILLAGE OF ST. NAZIANZ - MANITOWOC COUNTY,5571025000,Village Of St. Nazianz (Manitowoc)
55,TOWN OF SALEM - PIERCE COUNTY,5571150000,Town Of Salem (Pierce)
55,VILLAGE OF SALEM LAKES - KENOSHA COUNTY,5571163000,Village Of Salem Lakes (Kenosha)
55,TOWN OF SAMPSON - CHIPPEWA COUNTY,5571275000,Town Of Sampson (Chippewa)
55,TOWN OF SANBORN - ASHLAND COUNTY,5571350000,Town Of Sanborn (Ashland)
55,TOWN OF SAND CREEK - DUNN COUNTY,5571425000,Town Of Sand Creek (Dunn)
55,TOWN OF SAND LAKE - BURNETT COUNTY,5571450000,Town Of Sand Lake (Burnett)
55,TOWN OF SAND LAKE - SAWYER COUNTY,5571500000,Town Of Sand Lake (Sawyer)
55,TOWN OF SARATOGA - WOOD COUNTY,5571600000,Town Of Saratoga (Wood)
55,TOWN OF SARONA - WASHBURN COUNTY,5571637000,Town Of Sarona (Washburn)
55,VILLAGE OF SAUK CITY - SAUK COUNTY,5571650000,Village Of Sauk City (Sauk)
55,VILLAGE OF SAUKVILLE - OZAUKEE COUNTY,5571700000,Village Of Saukville (Ozaukee)
55,TOWN OF SAUKVILLE - OZAUKEE COUNTY,5571725000,Town Of Saukville (Ozaukee)
55,TOWN OF SAXEVILLE - WAUSHARA COUNTY,5571825000,Town Of Saxeville (Waushara)
55,TOWN OF SAXON - IRON COUNTY,5571875000,Town Of Saxon (Iron)
55,VILLAGE OF SCANDINAVIA - WAUPACA COUNTY,5571975000,Village Of Scandinavia (Waupaca)
55,TOWN OF SCANDINAVIA - WAUPACA COUNTY,5572000000,Town Of Scandinavia (Waupaca)
55,TOWN OF SCHLESWIG - MANITOWOC COUNTY,5572075000,Town Of Schleswig (Manitowoc)
55,TOWN OF SCHLEY - LINCOLN COUNTY,5572100000,Town Of Schley (Lincoln)
55,TOWN OF SCHOEPKE - ONEIDA COUNTY,5572125000,Town Of Schoepke (Oneida)
55,CITY OF SCHOFIELD - MARATHON COUNTY,5572150000,City Of Schofield (Marathon)
55,TOWN OF SCOTT - BROWN COUNTY,5572200000,Town Of Scott (Brown)
55,TOWN OF SCOTT - BURNETT COUNTY,5572225000,Town Of Scott (Burnett)
55,TOWN OF SCOTT - COLUMBIA COUNTY,5572250000,Town Of Scott (Columbia)
55,TOWN OF SCOTT - CRAWFORD COUNTY,5572275000,Town Of Scott (Crawford)
55,TOWN OF SCOTT - LINCOLN COUNTY,5572300000,Town Of Scott (Lincoln)
55,TOWN OF SCOTT - MONROE COUNTY,5572325000,Town Of Scott (Monroe)
55,TOWN OF SCOTT - SHEBOYGAN COUNTY,5572350000,Town Of Scott (Sheboygan)
55,TOWN OF SEIF - CLARK COUNTY,5572450000,Town Of Seif (Clark)
55,TOWN OF SENECA - CRAWFORD COUNTY,5572500000,Town Of Seneca (Crawford)
55,TOWN OF SENECA - GREEN LAKE COUNTY,5572525000,Town Of Seneca (Green Lake)
55,TOWN OF SENECA - SHAWANO COUNTY,5572550000,Town Of Seneca (Shawano)
55,TOWN OF SENECA - WOOD COUNTY,5572575000,Town Of Seneca (Wood)
55,TOWN OF SEVASTOPOL - DOOR COUNTY,5572600000,Town Of Sevastopol (Door)
55,TOWN OF SEVEN MILE CREEK - JUNEAU COUNTY,5572625000,Town Of Seven Mile Creek (Juneau)
55,TOWN OF SEYMOUR - EAU CLAIRE COUNTY,5572675000,Town Of Seymour (Eau Claire)
55,TOWN OF SEYMOUR - LAFAYETTE COUNTY,5572700000,Town Of Seymour (Lafayette)
55,CITY OF SEYMOUR - OUTAGAMIE COUNTY,5572725000,City Of Seymour (Outagamie)
55,TOWN OF SEYMOUR - OUTAGAMIE COUNTY,5572750000,Town Of Seymour (Outagamie)
55,TOWN OF SHANAGOLDEN - ASHLAND COUNTY,5572825000,Town Of Shanagolden (Ashland)
55,TOWN OF SHARON - PORTAGE COUNTY,5572850000,Town Of Sharon (Portage)
55,VILLAGE OF SHARON - WALWORTH COUNTY,5572875000,Village Of Sharon (Walworth)
55,TOWN OF SHARON - WALWORTH COUNTY,5572900000,Town Of Sharon (Walworth)
55,CITY OF SHAWANO - SHAWANO COUNTY,5572925000,City Of Shawano (Shawano)
55,CITY OF SHEBOYGAN - SHEBOYGAN COUNTY,5572975000,City Of Sheboygan (Sheboygan)
55,TOWN OF SHEBOYGAN - SHEBOYGAN COUNTY,5573000000,Town Of Sheboygan (Sheboygan)
55,CITY OF SHEBOYGAN FALLS - SHEBOYGAN COUNTY,5573025000,City Of Sheboygan Falls (Sheboygan)
55,TOWN OF SHEBOYGAN FALLS - SHEBOYGAN COUNTY,5573050000,Town Of Sheboygan Falls (Sheboygan)
55,TOWN OF SHELBY - LA CROSSE COUNTY,5573125000,Town Of Shelby (La Crosse)
55,TOWN OF SHELDON - MONROE COUNTY,5573150000,Town Of Sheldon (Monroe)
55,VILLAGE OF SHELDON - RUSK COUNTY,5573175000,Village Of Sheldon (Rusk)
55,CITY OF SHELL LAKE - WASHBURN COUNTY,5573200000,City Of Shell Lake (Washburn)
55,TOWN OF SHERIDAN - DUNN COUNTY,5573300000,Town Of Sheridan (Dunn)
55,TOWN OF SHERMAN - CLARK COUNTY,5573350000,Town Of Sherman (Clark)
55,TOWN OF SHERMAN - DUNN COUNTY,5573375000,Town Of Sherman (Dunn)
55,TOWN OF SHERMAN - IRON COUNTY,5573400000,Town Of Sherman (Iron)
55,TOWN OF SHERMAN - SHEBOYGAN COUNTY,5573425000,Town Of Sherman (Sheboygan)
55,TOWN OF SHERRY - WOOD COUNTY,5573475000,Town Of Sherry (Wood)
55,VILLAGE OF SHERWOOD - CALUMET COUNTY,5573525000,Village Of Sherwood (Calumet)
55,TOWN OF SHERWOOD - CLARK COUNTY,5573550000,Town Of Sherwood (Clark)
55,TOWN OF SHIELDS - DODGE COUNTY,5573575000,Town Of Shields (Dodge)
55,TOWN OF SHIELDS - MARQUETTE COUNTY,5573600000,Town Of Shields (Marquette)
55,VILLAGE OF SHIOCTON - OUTAGAMIE COUNTY,5573625000,Village Of Shiocton (Outagamie)
55,VILLAGE OF SHOREWOOD - MILWAUKEE COUNTY,5573725000,Village Of Shorewood (Milwaukee)
55,VILLAGE OF SHOREWOOD HILLS - DANE COUNTY,5573750000,Village Of Shorewood Hills (Dane)
55,CITY OF SHULLSBURG - LAFAYETTE COUNTY,5573825000,City Of Shullsburg (Lafayette)
55,TOWN OF SHULLSBURG - LAFAYETTE COUNTY,5573850000,Town Of Shullsburg (Lafayette)
55,TOWN OF SIGEL - CHIPPEWA COUNTY,5573875000,Town Of Sigel (Chippewa)
55,TOWN OF SIGEL - WOOD COUNTY,5573900000,Town Of Sigel (Wood)
55,TOWN OF SILVER CLIFF - MARINETTE COUNTY,5573975000,Town Of Silver Cliff (Marinette)
55,TOWN OF SIOUX CREEK - BARRON COUNTY,5574125000,Town Of Sioux Creek (Barron)
55,VILLAGE OF SIREN - BURNETT COUNTY,5574175000,Village Of Siren (Burnett)
55,TOWN OF SIREN - BURNETT COUNTY,5574200000,Town Of Siren (Burnett)
55,VILLAGE OF SISTER BAY - DOOR COUNTY,5574225000,Village Of Sister Bay (Door)
55,TOWN OF SKANAWAN - LINCOLN COUNTY,5574250000,Town Of Skanawan (Lincoln)
55,VILLAGE OF SLINGER - WASHINGTON COUNTY,5574400000,Village Of Slinger (Washington)
55,TOWN OF SMELSER - GRANT COUNTY,5574450000,Town Of Smelser (Grant)
55,VILLAGE OF SOLDIERS GROVE - CRAWFORD COUNTY,5574550000,Village Of Soldiers Grove (Crawford)
55,VILLAGE OF SOLON SPRINGS - DOUGLAS COUNTY,5574575000,Village Of Solon Springs (Douglas)
55,TOWN OF SOLON SPRINGS - DOUGLAS COUNTY,5574600000,Town Of Solon Springs (Douglas)
55,VILLAGE OF SOMERS - KENOSHA COUNTY,5574625000,Village Of Somers (Kenosha)
55,TOWN OF SOMERS - KENOSHA COUNTY,5574650000,Town Of Somers (Kenosha)
55,VILLAGE OF SOMERSET - ST. CROIX COUNTY,5574675000,Village Of Somerset (St. Croix)
55,TOWN OF SOMERSET - ST. CROIX COUNTY,5574700000,Town Of Somerset (St. Croix)
55,TOWN OF SOMO - LINCOLN COUNTY,5574725000,Town Of Somo (Lincoln)
55,TOWN OF SOUTH FORK - RUSK COUNTY,5574975000,Town Of South Fork (Rusk)
55,TOWN OF SOUTH LANCASTER - GRANT COUNTY,5575075000,Town Of South Lancaster (Grant)
55,CITY OF SOUTH MILWAUKEE - MILWAUKEE COUNTY,5575125000,City Of South Milwaukee (Milwaukee)
55,VILLAGE OF SOUTH WAYNE - LAFAYETTE COUNTY,5575275000,Village Of South Wayne (Lafayette)
55,CITY OF SPARTA - MONROE COUNTY,5575325000,City Of Sparta (Monroe)
55,TOWN OF SPARTA - MONROE COUNTY,5575350000,Town Of Sparta (Monroe)
55,VILLAGE OF SPENCER - MARATHON COUNTY,5575400000,Village Of Spencer (Marathon)
55,TOWN OF SPENCER - MARATHON COUNTY,5575425000,Town Of Spencer (Marathon)
55,TOWN OF SPIDER LAKE - SAWYER COUNTY,5575450000,Town Of Spider Lake (Sawyer)
55,TOWN OF SPIRIT - PRICE COUNTY,5575525000,Town Of Spirit (Price)
55,CITY OF SPOONER - WASHBURN COUNTY,5575625000,City Of Spooner (Washburn)
55,TOWN OF SPOONER - WASHBURN COUNTY,5575650000,Town Of Spooner (Washburn)
55,TOWN OF SPRING BROOK - DUNN COUNTY,5575750000,Town Of Spring Brook (Dunn)
55,TOWN OF SPRINGBROOK - WASHBURN COUNTY,5575800000,Town Of Springbrook (Washburn)
55,TOWN OF SPRINGDALE - DANE COUNTY,5575850000,Town Of Springdale (Dane)
55,TOWN OF SPRINGFIELD - DANE COUNTY,5575875000,Town Of Springfield (Dane)
55,TOWN OF SPRINGFIELD - JACKSON COUNTY,5575900000,Town Of Springfield (Jackson)
55,TOWN OF SPRINGFIELD - MARQUETTE COUNTY,5575925000,Town Of Springfield (Marquette)
55,TOWN OF SPRINGFIELD - ST. CROIX COUNTY,5575950000,Town Of Springfield (St. Croix)
55,VILLAGE OF SPRING GREEN - SAUK COUNTY,5576025000,Village Of Spring Green (Sauk)
55,TOWN OF SPRING GREEN - SAUK COUNTY,5576050000,Town Of Spring Green (Sauk)
55,TOWN OF SPRING GROVE - GREEN COUNTY,5576075000,Town Of Spring Grove (Green)
55,TOWN OF SPRING LAKE - PIERCE COUNTY,5576100000,Town Of Spring Lake (Pierce)
55,TOWN OF SPRING PRAIRIE - WALWORTH COUNTY,5576175000,Town Of Spring Prairie (Walworth)
55,TOWN OF SPRINGVALE - COLUMBIA COUNTY,5576225000,Town Of Springvale (Columbia)
55,TOWN OF SPRINGVALE - FOND DU LAC COUNTY,5576250000,Town Of Springvale (Fond Du Lac)
55,VILLAGE OF SPRING VALLEY - MULTIPLE COUNTIES,5576300000,Village Of Spring Valley (Multiple Counties)
55,TOWN OF SPRING VALLEY - ROCK COUNTY,5576325000,Town Of Spring Valley (Rock)
55,TOWN OF SPRINGVILLE - ADAMS COUNTY,5576350000,Town Of Springville (Adams)
55,TOWN OF SPRINGWATER - WAUSHARA COUNTY,5576400000,Town Of Springwater (Waushara)
55,TOWN OF SPRUCE - OCONTO COUNTY,5576450000,Town Of Spruce (Oconto)
55,TOWN OF STANFOLD - BARRON COUNTY,5576550000,Town Of Stanfold (Barron)
55,TOWN OF STANLEY - BARRON COUNTY,5576600000,Town Of Stanley (Barron)
55,CITY OF STANLEY - MULTIPLE COUNTIES,5576625000,City Of Stanley (Multiple Counties)
55,TOWN OF STANTON - DUNN COUNTY,5576650000,Town Of Stanton (Dunn)
55,TOWN OF STANTON - ST. CROIX COUNTY,5576675000,Town Of Stanton (St. Croix)
55,TOWN OF STARK - VERNON COUNTY,5576725000,Town Of Stark (Vernon)
55,VILLAGE OF STAR PRAIRIE - ST. CROIX COUNTY,5576825000,Village Of Star Prairie (St. Croix)
55,TOWN OF STAR PRAIRIE - ST. CROIX COUNTY,5576850000,Town Of Star Prairie (St. Croix)
55,TOWN OF STELLA - ONEIDA COUNTY,5576975000,Town Of Stella (Oneida)
55,TOWN OF STEPHENSON - MARINETTE COUNTY,5577000000,Town Of Stephenson (Marinette)
55,TOWN OF STERLING - POLK COUNTY,5577050000,Town Of Sterling (Polk)
55,TOWN OF STERLING - VERNON COUNTY,5577075000,Town Of Sterling (Vernon)
55,VILLAGE OF STETSONVILLE - TAYLOR COUNTY,5577100000,Village Of Stetsonville (Taylor)
55,TOWN OF STETTIN - MARATHON COUNTY,5577150000,Town Of Stettin (Marathon)
55,VILLAGE OF STEUBEN - CRAWFORD COUNTY,5577175000,Village Of Steuben (Crawford)
55,CITY OF STEVENS POINT - PORTAGE COUNTY,5577200000,City Of Stevens Point (Portage)
55,TOWN OF STILES - OCONTO COUNTY,5577300000,Town Of Stiles (Oconto)
55,TOWN OF STINNETT - WASHBURN COUNTY,5577350000,Town Of Stinnett (Washburn)
55,VILLAGE OF STOCKBRIDGE - CALUMET COUNTY,5577400000,Village Of Stockbridge (Calumet)
55,TOWN OF STOCKBRIDGE - CALUMET COUNTY,5577425000,Town Of Stockbridge (Calumet)
55,VILLAGE OF STOCKHOLM - PEPIN COUNTY,5577475000,Village Of Stockholm (Pepin)
55,TOWN OF STOCKHOLM - PEPIN COUNTY,5577500000,Town Of Stockholm (Pepin)
55,TOWN OF STOCKTON - PORTAGE COUNTY,5577537000,Town Of Stockton (Portage)
55,VILLAGE OF STODDARD - VERNON COUNTY,5577550000,Village Of Stoddard (Vernon)
55,TOWN OF STONE LAKE - WASHBURN COUNTY,5577650000,Town Of Stone Lake (Washburn)
55,CITY OF STOUGHTON - DANE COUNTY,5577675000,City Of Stoughton (Dane)
55,VILLAGE OF STRATFORD - MARATHON COUNTY,5577750000,Village Of Stratford (Marathon)
55,TOWN OF STRICKLAND - RUSK COUNTY,5577775000,Town Of Strickland (Rusk)
55,TOWN OF STRONGS PRAIRIE - ADAMS COUNTY,5577800000,Town Of Strongs Prairie (Adams)
55,VILLAGE OF STRUM - TREMPEALEAU COUNTY,5577825000,Village Of Strum (Trempealeau)
55,TOWN OF STUBBS - RUSK COUNTY,5577850000,Town Of Stubbs (Rusk)
55,CITY OF STURGEON BAY - DOOR COUNTY,5577875000,City Of Sturgeon Bay (Door)
55,TOWN OF STURGEON BAY - DOOR COUNTY,5577900000,Town Of Sturgeon Bay (Door)
55,VILLAGE OF STURTEVANT - RACINE COUNTY,5577925000,Village Of Sturtevant (Racine)
55,VILLAGE OF SUAMICO - BROWN COUNTY,5577975000,Village Of Suamico (Brown)
55,TOWN OF SUGAR CAMP - ONEIDA COUNTY,5578075000,Town Of Sugar Camp (Oneida)
55,TOWN OF SUGAR CREEK - WALWORTH COUNTY,5578100000,Town Of Sugar Creek (Walworth)
55,VILLAGE OF SULLIVAN - JEFFERSON COUNTY,5578175000,Village Of Sullivan (Jefferson)
55,TOWN OF SULLIVAN - JEFFERSON COUNTY,5578200000,Town Of Sullivan (Jefferson)
55,TOWN OF SUMMIT - DOUGLAS COUNTY,5578275000,Town Of Summit (Douglas)
55,TOWN OF SUMMIT - JUNEAU COUNTY,5578300000,Town Of Summit (Juneau)
55,TOWN OF SUMMIT - LANGLADE COUNTY,5578325000,Town Of Summit (Langlade)
55,VILLAGE OF SUMMIT - WAUKESHA COUNTY,5578375000,Village Of Summit (Waukesha)
55,TOWN OF SUMNER - BARRON COUNTY,5578450000,Town Of Sumner (Barron)
55,TOWN OF SUMNER - JEFFERSON COUNTY,5578475000,Town Of Sumner (Jefferson)
55,TOWN OF SUMNER - TREMPEALEAU COUNTY,5578500000,Town Of Sumner (Trempealeau)
55,TOWN OF SUMPTER - SAUK COUNTY,5578525000,Town Of Sumpter (Sauk)
55,CITY OF SUN PRAIRIE - DANE COUNTY,5578600000,City Of Sun Prairie (Dane)
55,TOWN OF SUN PRAIRIE - DANE COUNTY,5578625000,Town Of Sun Prairie (Dane)
55,CITY OF SUPERIOR - DOUGLAS COUNTY,5578650000,City Of Superior (Douglas)
55,VILLAGE OF SUPERIOR - DOUGLAS COUNTY,5578660000,Village Of Superior (Douglas)
55,TOWN OF SUPERIOR - DOUGLAS COUNTY,5578675000,Town Of Superior (Douglas)
55,VILLAGE OF SURING - OCONTO COUNTY,5578725000,Village Of Suring (Oconto)
55,VILLAGE OF SUSSEX - WAUKESHA COUNTY,5578750000,Village Of Sussex (Waukesha)
55,TOWN OF SWISS - BURNETT COUNTY,5578775000,Town Of Swiss (Burnett)
55,TOWN OF SYLVAN - RICHLAND COUNTY,5578825000,Town Of Sylvan (Richland)
55,TOWN OF SYLVESTER - GREEN COUNTY,5578875000,Town Of Sylvester (Green)
55,TOWN OF TAFT - TAYLOR COUNTY,5578950000,Town Of Taft (Taylor)
55,TOWN OF TAINTER - DUNN COUNTY,5578975000,Town Of Tainter (Dunn)
55,TOWN OF TAYCHEEDAH - FOND DU LAC COUNTY,5579125000,Town Of Taycheedah (Fond Du Lac)
55,VILLAGE OF TAYLOR - JACKSON COUNTY,5579150000,Village Of Taylor (Jackson)
55,VILLAGE OF TENNYSON - GRANT COUNTY,5579250000,Village Of Tennyson (Grant)
55,TOWN OF TEXAS - MARATHON COUNTY,5579350000,Town Of Texas (Marathon)
55,VILLAGE OF THERESA - DODGE COUNTY,5579375000,Village Of Theresa (Dodge)
55,TOWN OF THERESA - DODGE COUNTY,5579425000,Town Of Theresa (Dodge)
55,VILLAGE OF THIENSVILLE - OZAUKEE COUNTY,5579475000,Village Of Thiensville (Ozaukee)
55,TOWN OF THORNAPPLE - RUSK COUNTY,5579575000,Town Of Thornapple (Rusk)
55,CITY OF THORP - CLARK COUNTY,5579625000,City Of Thorp (Clark)
55,TOWN OF THORP - CLARK COUNTY,5579650000,Town Of Thorp (Clark)
55,TOWN OF THREE LAKES - ONEIDA COUNTY,5579700000,Town Of Three Lakes (Oneida)
55,TOWN OF TIFFANY - DUNN COUNTY,5579775000,Town Of Tiffany (Dunn)
55,VILLAGE OF TIGERTON - SHAWANO COUNTY,5579825000,Village Of Tigerton (Shawano)
55,TOWN OF TILDEN - CHIPPEWA COUNTY,5579875000,Town Of Tilden (Chippewa)
55,TOWN OF TIPLER - FLORENCE COUNTY,5579975000,Town Of Tipler (Florence)
55,CITY OF TOMAH - MONROE COUNTY,5580075000,City Of Tomah (Monroe)
55,TOWN OF TOMAH - MONROE COUNTY,5580100000,Town Of Tomah (Monroe)
55,CITY OF TOMAHAWK - LINCOLN COUNTY,5580125000,City Of Tomahawk (Lincoln)
55,TOWN OF TOMAHAWK - LINCOLN COUNTY,5580150000,Town Of Tomahawk (Lincoln)
55,VILLAGE OF TONY - RUSK COUNTY,5580225000,Village Of Tony (Rusk)
55,TOWN OF TOWNSEND - OCONTO COUNTY,5580325000,Town Of Townsend (Oconto)
55,TOWN OF TRADE LAKE - BURNETT COUNTY,5580375000,Town Of Trade Lake (Burnett)
55,TOWN OF TREGO - WASHBURN COUNTY,5580450000,Town Of Trego (Washburn)
55,VILLAGE OF TREMPEALEAU - TREMPEALEAU COUNTY,5580475000,Village Of Trempealeau (Trempealeau)
55,TOWN OF TREMPEALEAU - TREMPEALEAU COUNTY,5580500000,Town Of Trempealeau (Trempealeau)
55,TOWN OF TRENTON - DODGE COUNTY,5580525000,Town Of Trenton (Dodge)
55,TOWN OF TRENTON - PIERCE COUNTY,5580550000,Town Of Trenton (Pierce)
55,TOWN OF TRENTON - WASHINGTON COUNTY,5580575000,Town Of Trenton (Washington)
55,TOWN OF TRIMBELLE - PIERCE COUNTY,5580700000,Town Of Trimbelle (Pierce)
55,TOWN OF TRIPP - BAYFIELD COUNTY,5580750000,Town Of Tripp (Bayfield)
55,TOWN OF TROY - ST. CROIX COUNTY,5580800000,Town Of Troy (St. Croix)
55,TOWN OF TROY - SAUK COUNTY,5580825000,Town Of Troy (Sauk)
55,TOWN OF TROY - WALWORTH COUNTY,5580875000,Town Of Troy (Walworth)
55,TOWN OF TRUE - RUSK COUNTY,5580950000,Town Of True (Rusk)
55,TOWN OF TURTLE - ROCK COUNTY,5581050000,Town Of Turtle (Rock)
55,VILLAGE OF TURTLE LAKE - MULTIPLE COUNTIES,5581075000,Village Of Turtle Lake (Multiple Counties)
55,TOWN OF TURTLE LAKE - BARRON COUNTY,5581100000,Town Of Turtle Lake (Barron)
55,VILLAGE OF TWIN LAKES - KENOSHA COUNTY,5581250000,Village Of Twin Lakes (Kenosha)
55,TOWN OF TWO CREEKS - MANITOWOC COUNTY,5581300000,Town Of Two Creeks (Manitowoc)
55,CITY OF TWO RIVERS - MANITOWOC COUNTY,5581325000,City Of Two Rivers (Manitowoc)
55,TOWN OF TWO RIVERS - MANITOWOC COUNTY,5581350000,Town Of Two Rivers (Manitowoc)
55,TOWN OF UNDERHILL - OCONTO COUNTY,5581475000,Town Of Underhill (Oconto)
55,TOWN OF UNION - BURNETT COUNTY,5581500000,Town Of Union (Burnett)
55,TOWN OF UNION - DOOR COUNTY,5581525000,Town Of Union (Door)
55,TOWN OF UNION - EAU CLAIRE COUNTY,5581550000,Town Of Union (Eau Claire)
55,TOWN OF UNION - PIERCE COUNTY,5581600000,Town Of Union (Pierce)
55,TOWN OF UNION - ROCK COUNTY,5581650000,Town Of Union (Rock)
55,TOWN OF UNION - VERNON COUNTY,5581675000,Town Of Union (Vernon)
55,TOWN OF UNION - WAUPACA COUNTY,5581700000,Town Of Union (Waupaca)
55,VILLAGE OF UNION CENTER - JUNEAU COUNTY,5581725000,Village Of Union Center (Juneau)
55,VILLAGE OF UNION GROVE - RACINE COUNTY,5581775000,Village Of Union Grove (Racine)
55,TOWN OF UNITY - CLARK COUNTY,5581825000,Town Of Unity (Clark)
55,VILLAGE OF UNITY - MULTIPLE COUNTIES,5581850000,Village Of Unity (Multiple Counties)
55,TOWN OF UNITY - TREMPEALEAU COUNTY,5581875000,Town Of Unity (Trempealeau)
55,TOWN OF UPHAM - LANGLADE COUNTY,5581950000,Town Of Upham (Langlade)
55,TOWN OF UTICA - CRAWFORD COUNTY,5582100000,Town Of Utica (Crawford)
55,TOWN OF UTICA - WINNEBAGO COUNTY,5582175000,Town Of Utica (Winnebago)
55,VILLAGE OF VALDERS - MANITOWOC COUNTY,5582200000,Village Of Valders (Manitowoc)
55,TOWN OF VANCE CREEK - BARRON COUNTY,5582375000,Town Of Vance Creek (Barron)
55,TOWN OF VANDENBROEK - OUTAGAMIE COUNTY,5582400000,Town Of Vandenbroek (Outagamie)
55,TOWN OF VERMONT - DANE COUNTY,5582525000,Town Of Vermont (Dane)
55,VILLAGE OF VERNON - WAUKESHA COUNTY,5582575000,Village Of Vernon (Waukesha)
55,CITY OF VERONA - DANE COUNTY,5582600000,City Of Verona (Dane)
55,TOWN OF VERONA - DANE COUNTY,5582625000,Town Of Verona (Dane)
55,VILLAGE OF VESPER - WOOD COUNTY,5582650000,Village Of Vesper (Wood)
55,TOWN OF VIENNA - DANE COUNTY,5582750000,Town Of Vienna (Dane)
55,TOWN OF VILAS - LANGLADE COUNTY,5582825000,Town Of Vilas (Langlade)
55,TOWN OF VINLAND - WINNEBAGO COUNTY,5582875000,Town Of Vinland (Winnebago)
55,VILLAGE OF VIOLA - MULTIPLE COUNTIES,5582900000,Village Of Viola (Multiple Counties)
55,CITY OF VIROQUA - VERNON COUNTY,5582925000,City Of Viroqua (Vernon)
55,TOWN OF VIROQUA - VERNON COUNTY,5582950000,Town Of Viroqua (Vernon)
55,TOWN OF WABENO - FOREST COUNTY,5583025000,Town Of Wabeno (Forest)
55,TOWN OF WAGNER - MARINETTE COUNTY,5583050000,Town Of Wagner (Marinette)
55,VILLAGE OF WALDO - SHEBOYGAN COUNTY,5583100000,Village Of Waldo (Sheboygan)
55,TOWN OF WALDWICK - IOWA COUNTY,5583150000,Town Of Waldwick (Iowa)
55,VILLAGE OF WALES - WAUKESHA COUNTY,5583175000,Village Of Wales (Waukesha)
55,VILLAGE OF WALWORTH - WALWORTH COUNTY,5583250000,Village Of Walworth (Walworth)
55,TOWN OF WALWORTH - WALWORTH COUNTY,5583275000,Town Of Walworth (Walworth)
55,TOWN OF WARNER - CLARK COUNTY,5583350000,Town Of Warner (Clark)
55,TOWN OF WARREN - ST. CROIX COUNTY,5583400000,Town Of Warren (St. Croix)
55,TOWN OF WARREN - WAUSHARA COUNTY,5583425000,Town Of Warren (Waushara)
55,VILLAGE OF WARRENS - MONROE COUNTY,5583450000,Village Of Warrens (Monroe)
55,TOWN OF WASCOTT - DOUGLAS COUNTY,5583512000,Town Of Wascott (Douglas)
55,CITY OF WASHBURN - BAYFIELD COUNTY,5583525000,City Of Washburn (Bayfield)
55,TOWN OF WASHBURN - BAYFIELD COUNTY,5583550000,Town Of Washburn (Bayfield)
55,TOWN OF WASHBURN - CLARK COUNTY,5583575000,Town Of Washburn (Clark)
55,TOWN OF WASHINGTON - DOOR COUNTY,5583600000,Town Of Washington (Door)
55,TOWN OF WASHINGTON - EAU CLAIRE COUNTY,5583612000,Town Of Washington (Eau Claire)
55,TOWN OF WASHINGTON - GREEN COUNTY,5583625000,Town Of Washington (Green)
55,TOWN OF WASHINGTON - LA CROSSE COUNTY,5583650000,Town Of Washington (La Crosse)
55,TOWN OF WASHINGTON - RUSK COUNTY,5583675000,Town Of Washington (Rusk)
55,TOWN OF WASHINGTON - SAUK COUNTY,5583700000,Town Of Washington (Sauk)
55,TOWN OF WASHINGTON - SHAWANO COUNTY,5583725000,Town Of Washington (Shawano)
55,TOWN OF WASHINGTON - VILAS COUNTY,5583750000,Town Of Washington (Vilas)
55,VILLAGE OF WATERFORD - RACINE COUNTY,5583825000,Village Of Waterford (Racine)
55,TOWN OF WATERFORD - RACINE COUNTY,5583850000,Town Of Waterford (Racine)
55,TOWN OF WATERLOO - GRANT COUNTY,5583900000,Town Of Waterloo (Grant)
55,CITY OF WATERLOO - JEFFERSON COUNTY,5583925000,City Of Waterloo (Jefferson)
55,TOWN OF WATERLOO - JEFFERSON COUNTY,5583950000,Town Of Waterloo (Jefferson)
55,CITY OF WATERTOWN - MULTIPLE COUNTIES,5583975000,City Of Watertown (Multiple Counties)
55,TOWN OF WATERTOWN - JEFFERSON COUNTY,5584000000,Town Of Watertown (Jefferson)
55,TOWN OF WATERVILLE - PEPIN COUNTY,5584025000,Town Of Waterville (Pepin)
55,TOWN OF WATTERSTOWN - GRANT COUNTY,5584075000,Town Of Watterstown (Grant)
55,TOWN OF WAUBEEK - PEPIN COUNTY,5584100000,Town Of Waubeek (Pepin)
55,TOWN OF WAUKECHON - SHAWANO COUNTY,5584225000,Town Of Waukechon (Shawano)
55,CITY OF WAUKESHA - WAUKESHA COUNTY,5584250000,City Of Waukesha (Waukesha)
55,VILLAGE OF WAUKESHA - WAUKESHA COUNTY,5584275000,Village Of Waukesha (Waukesha)
55,TOWN OF WAUMANDEE - BUFFALO COUNTY,5584325000,Town Of Waumandee (Buffalo)
55,VILLAGE OF WAUNAKEE - DANE COUNTY,5584350000,Village Of Waunakee (Dane)
55,CITY OF WAUPACA - WAUPACA COUNTY,5584375000,City Of Waupaca (Waupaca)
55,TOWN OF WAUPACA - WAUPACA COUNTY,5584400000,Town Of Waupaca (Waupaca)
55,CITY OF WAUPUN - MULTIPLE COUNTIES,5584425000,City Of Waupun (Multiple Counties)
55,TOWN OF WAUPUN - FOND DU LAC COUNTY,5584450000,Town Of Waupun (Fond Du Lac)
55,CITY OF WAUSAU - MARATHON COUNTY,5584475000,City Of Wausau (Marathon)
55,TOWN OF WAUSAU - MARATHON COUNTY,5584500000,Town Of Wausau (Marathon)
55,VILLAGE OF WAUSAUKEE - MARINETTE COUNTY,5584525000,Village Of Wausaukee (Marinette)
55,TOWN OF WAUSAUKEE - MARINETTE COUNTY,5584550000,Town Of Wausaukee (Marinette)
55,CITY OF WAUTOMA - WAUSHARA COUNTY,5584625000,City Of Wautoma (Waushara)
55,TOWN OF WAUTOMA - WAUSHARA COUNTY,5584650000,Town Of Wautoma (Waushara)
55,CITY OF WAUWATOSA - MILWAUKEE COUNTY,5584675000,City Of Wauwatosa (Milwaukee)
55,VILLAGE OF WAUZEKA - CRAWFORD COUNTY,5584725000,Village Of Wauzeka (Crawford)
55,TOWN OF WAUZEKA - CRAWFORD COUNTY,5584750000,Town Of Wauzeka (Crawford)
55,TOWN OF WAYNE - LAFAYETTE COUNTY,5584850000,Town Of Wayne (Lafayette)
55,TOWN OF WAYNE - WASHINGTON COUNTY,5584900000,Town Of Wayne (Washington)
55,TOWN OF WEBB LAKE - BURNETT COUNTY,5584975000,Town Of Webb Lake (Burnett)
55,VILLAGE OF WEBSTER - BURNETT COUNTY,5585025000,Village Of Webster (Burnett)
55,TOWN OF WEBSTER - VERNON COUNTY,5585050000,Town Of Webster (Vernon)
55,TOWN OF WEIRGOR - SAWYER COUNTY,5585100000,Town Of Weirgor (Sawyer)
55,TOWN OF WELLINGTON - MONROE COUNTY,5585125000,Town Of Wellington (Monroe)
55,TOWN OF WELLS - MONROE COUNTY,5585150000,Town Of Wells (Monroe)
55,TOWN OF WESCOTT - SHAWANO COUNTY,5585275000,Town Of Wescott (Shawano)
55,CITY OF WEST ALLIS - MILWAUKEE COUNTY,5585300000,City Of West Allis (Milwaukee)
55,VILLAGE OF WEST BARABOO - SAUK COUNTY,5585325000,Village Of West Baraboo (Sauk)
55,CITY OF WEST BEND - WASHINGTON COUNTY,5585350000,City Of West Bend (Washington)
55,TOWN OF WEST BEND - WASHINGTON COUNTY,5585375000,Town Of West Bend (Washington)
55,TOWN OF WESTBORO - TAYLOR COUNTY,5585450000,Town Of Westboro (Taylor)
55,CITY OF WESTBY - VERNON COUNTY,5585475000,City Of Westby (Vernon)
55,VILLAGE OF WESTFIELD - MARQUETTE COUNTY,5585575000,Village Of Westfield (Marquette)
55,TOWN OF WESTFIELD - MARQUETTE COUNTY,5585600000,Town Of Westfield (Marquette)
55,TOWN OF WESTFIELD - SAUK COUNTY,5585625000,Town Of Westfield (Sauk)
55,TOWN OF WESTFORD - DODGE COUNTY,5585650000,Town Of Westford (Dodge)
55,TOWN OF WESTFORD - RICHLAND COUNTY,5585675000,Town Of Westford (Richland)
55,TOWN OF WEST KEWAUNEE - KEWAUNEE COUNTY,5585775000,Town Of West Kewaunee (Kewaunee)
55,TOWN OF WEST MARSHLAND - BURNETT COUNTY,5585850000,Town Of West Marshland (Burnett)
55,VILLAGE OF WEST MILWAUKEE - MILWAUKEE COUNTY,5585875000,Village Of West Milwaukee (Milwaukee)
55,TOWN OF WESTON - CLARK COUNTY,5585925000,Town Of Weston (Clark)
55,TOWN OF WESTON - DUNN COUNTY,5585975000,Town Of Weston (Dunn)
55,VILLAGE OF WESTON - MARATHON COUNTY,5586025000,Village Of Weston (Marathon)
55,TOWN OF WESTON - MARATHON COUNTY,5586050000,Town Of Weston (Marathon)
55,TOWN OF WEST POINT - COLUMBIA COUNTY,5586100000,Town Of West Point (Columbia)
55,TOWN OF WESTPORT - DANE COUNTY,5586125000,Town Of Westport (Dane)
55,VILLAGE OF WEST SALEM - LA CROSSE COUNTY,5586275000,Village Of West Salem (La Crosse)
55,TOWN OF WEST SWEDEN - POLK COUNTY,5586350000,Town Of West Sweden (Polk)
55,CITY OF WEYAUWEGA - WAUPACA COUNTY,5586400000,City Of Weyauwega (Waupaca)
55,TOWN OF WEYAUWEGA - WAUPACA COUNTY,5586425000,Town Of Weyauwega (Waupaca)
55,VILLAGE OF WEYERHAEUSER - RUSK COUNTY,5586450000,Village Of Weyerhaeuser (Rusk)
55,TOWN OF WHEATLAND - KENOSHA COUNTY,5586500000,Town Of Wheatland (Kenosha)
55,TOWN OF WHEATLAND - VERNON COUNTY,5586525000,Town Of Wheatland (Vernon)
55,TOWN OF WHEATON - CHIPPEWA COUNTY,5586537000,Town Of Wheaton (Chippewa)
55,VILLAGE OF WHEELER - DUNN COUNTY,5586575000,Village Of Wheeler (Dunn)
55,VILLAGE OF WHITEFISH BAY - MILWAUKEE COUNTY,5586700000,Village Of Whitefish Bay (Milwaukee)
55,CITY OF WHITEHALL - TREMPEALEAU COUNTY,5586725000,City Of Whitehall (Trempealeau)
55,VILLAGE OF WHITE LAKE - LANGLADE COUNTY,5586750000,Village Of White Lake (Langlade)
55,VILLAGE OF WHITELAW - MANITOWOC COUNTY,5586775000,Village Of Whitelaw (Manitowoc)
55,TOWN OF WHITE OAK SPRINGS - LAFAYETTE COUNTY,5586800000,Town Of White Oak Springs (Lafayette)
55,TOWN OF WHITE RIVER - ASHLAND COUNTY,5586850000,Town Of White River (Ashland)
55,TOWN OF WHITESTOWN - VERNON COUNTY,5586900000,Town Of Whitestown (Vernon)
55,CITY OF WHITEWATER - MULTIPLE COUNTIES,5586925000,City Of Whitewater (Multiple Counties)
55,TOWN OF WHITEWATER - WALWORTH COUNTY,5586950000,Town Of Whitewater (Walworth)
55,VILLAGE OF WHITING - PORTAGE COUNTY,5586975000,Village Of Whiting (Portage)
55,TOWN OF WIEN - MARATHON COUNTY,5587025000,Town Of Wien (Marathon)
55,VILLAGE OF WILD ROSE - WAUSHARA COUNTY,5587075000,Village Of Wild Rose (Waushara)
55,TOWN OF WILKINSON - RUSK COUNTY,5587125000,Town Of Wilkinson (Rusk)
55,TOWN OF WILLARD - RUSK COUNTY,5587175000,Town Of Willard (Rusk)
55,VILLAGE OF WILLIAMS BAY - WALWORTH COUNTY,5587200000,Village Of Williams Bay (Walworth)
55,TOWN OF WILLOW - RICHLAND COUNTY,5587250000,Town Of Willow (Richland)
55,TOWN OF WILLOW SPRINGS - LAFAYETTE COUNTY,5587275000,Town Of Willow Springs (Lafayette)
55,TOWN OF WILSON - DUNN COUNTY,5587375000,Town Of Wilson (Dunn)
55,TOWN OF WILSON - EAU CLAIRE COUNTY,5587400000,Town Of Wilson (Eau Claire)
55,TOWN OF WILSON - LINCOLN COUNTY,5587425000,Town Of Wilson (Lincoln)
55,TOWN OF WILSON - RUSK COUNTY,5587450000,Town Of Wilson (Rusk)
55,VILLAGE OF WILSON - ST. CROIX COUNTY,5587475000,Village Of Wilson (St. Croix)
55,TOWN OF WILSON - SHEBOYGAN COUNTY,5587500000,Town Of Wilson (Sheboygan)
55,VILLAGE OF WILTON - MONROE COUNTY,5587525000,Village Of Wilton (Monroe)
55,TOWN OF WILTON - MONROE COUNTY,5587550000,Town Of Wilton (Monroe)
55,TOWN OF WINCHESTER - VILAS COUNTY,5587600000,Town Of Winchester (Vilas)
55,TOWN OF WINCHESTER - WINNEBAGO COUNTY,5587650000,Town Of Winchester (Winnebago)
55,VILLAGE OF WIND POINT - RACINE COUNTY,5587700000,Village Of Wind Point (Racine)
55,VILLAGE OF WINDSOR - DANE COUNTY,5587725000,Village Of Windsor (Dane)
55,TOWN OF WINFIELD - SAUK COUNTY,5587775000,Town Of Winfield (Sauk)
55,TOWN OF WINGVILLE - GRANT COUNTY,5587800000,Town Of Wingville (Grant)
55,VILLAGE OF WINNECONNE - WINNEBAGO COUNTY,5587900000,Village Of Winneconne (Winnebago)
55,TOWN OF WINNECONNE - WINNEBAGO COUNTY,5587925000,Town Of Winneconne (Winnebago)
55,VILLAGE OF WINTER - SAWYER COUNTY,5587975000,Village Of Winter (Sawyer)
55,TOWN OF WINTER - SAWYER COUNTY,5588000000,Town Of Winter (Sawyer)
55,TOWN OF WIOTA - LAFAYETTE COUNTY,5588050000,Town Of Wiota (Lafayette)
55,CITY OF WISCONSIN DELLS - MULTIPLE COUNTIES,5588150000,City Of Wisconsin Dells (Multiple Counties)
55,CITY OF WISCONSIN RAPIDS - WOOD COUNTY,5588200000,City Of Wisconsin Rapids (Wood)
55,VILLAGE OF WITHEE - CLARK COUNTY,5588275000,Village Of Withee (Clark)
55,TOWN OF WITHEE - CLARK COUNTY,5588300000,Town Of Withee (Clark)
55,VILLAGE OF WITTENBERG - SHAWANO COUNTY,5588325000,Village Of Wittenberg (Shawano)
55,TOWN OF WITTENBERG - SHAWANO COUNTY,5588350000,Town Of Wittenberg (Shawano)
55,TOWN OF WOLF RIVER - LANGLADE COUNTY,5588450000,Town Of Wolf River (Langlade)
55,TOWN OF WOLF RIVER - WINNEBAGO COUNTY,5588475000,Town Of Wolf River (Winnebago)
55,VILLAGE OF WONEWOC - JUNEAU COUNTY,5588500000,Village Of Wonewoc (Juneau)
55,TOWN OF WONEWOC - JUNEAU COUNTY,5588525000,Town Of Wonewoc (Juneau)
55,TOWN OF WOOD - WOOD COUNTY,5588575000,Town Of Wood (Wood)
55,TOWN OF WOODBORO - ONEIDA COUNTY,5588625000,Town Of Woodboro (Oneida)
55,TOWN OF WOODLAND - SAUK COUNTY,5588775000,Town Of Woodland (Sauk)
55,VILLAGE OF WOODMAN - GRANT COUNTY,5588825000,Village Of Woodman (Grant)
55,TOWN OF WOODMAN - GRANT COUNTY,5588850000,Town Of Woodman (Grant)
55,TOWN OF WOODMOHR - CHIPPEWA COUNTY,5588875000,Town Of Woodmohr (Chippewa)
55,TOWN OF WOOD RIVER - BURNETT COUNTY,5588900000,Town Of Wood River (Burnett)
55,TOWN OF WOODRUFF - ONEIDA COUNTY,5588950000,Town Of Woodruff (Oneida)
55,TOWN OF WOODVILLE - CALUMET COUNTY,5589000000,Town Of Woodville (Calumet)
55,VILLAGE OF WOODVILLE - ST. CROIX COUNTY,5589025000,Village Of Woodville (St. Croix)
55,TOWN OF WORCESTER - PRICE COUNTY,5589100000,Town Of Worcester (Price)
55,TOWN OF WORDEN - CLARK COUNTY,5589125000,Town Of Worden (Clark)
55,VILLAGE OF WRIGHTSTOWN - MULTIPLE COUNTIES,5589150000,Village Of Wrightstown (Multiple Counties)
55,TOWN OF WRIGHTSTOWN - BROWN COUNTY,5589175000,Town Of Wrightstown (Brown)
55,TOWN OF WYALUSING - GRANT COUNTY,5589250000,Town Of Wyalusing (Grant)
55,VILLAGE OF WYEVILLE - MONROE COUNTY,5589275000,Village Of Wyeville (Monroe)
55,VILLAGE OF WYOCENA - COLUMBIA COUNTY,5589300000,Village Of Wyocena (Columbia)
55,TOWN OF WYOCENA - COLUMBIA COUNTY,5589325000,Town Of Wyocena (Columbia)
55,TOWN OF WYOMING - IOWA COUNTY,5589350000,Town Of Wyoming (Iowa)
55,TOWN OF WYOMING - WAUPACA COUNTY,5589375000,Town Of Wyoming (Waupaca)
55,TOWN OF YORK - CLARK COUNTY,5589425000,Town Of York (Clark)
55,TOWN OF YORK - DANE COUNTY,5589450000,Town Of York (Dane)
55,TOWN OF YORK - GREEN COUNTY,5589475000,Town Of York (Green)
55,VILLAGE OF YORKVILLE - RACINE COUNTY,5589550000,Village Of Yorkville (Racine)
55,VILLAGE OF YUBA - RICHLAND COUNTY,5589625000,Village Of Yuba (Richland)
56,ALBANY COUNTY,5600100000,Albany
56,BIG HORN COUNTY,5600300000,Big Horn
56,CAMPBELL COUNTY,5600500000,Campbell
56,CARBON COUNTY,5600700000,Carbon
56,CONVERSE COUNTY,5600900000,Converse
56,CROOK COUNTY,5601100000,Crook
56,FREMONT COUNTY,5601300000,Fremont
56,GOSHEN COUNTY,5601500000,Goshen
56,HOT SPRINGS COUNTY,5601700000,Hot Springs
56,JOHNSON COUNTY,5601900000,Johnson
56,LARAMIE COUNTY,5602100000,Laramie
56,LINCOLN COUNTY,5602300000,Lincoln
56,NATRONA COUNTY,5602500000,Natrona
56,NIOBRARA COUNTY,5602700000,Niobrara
56,PARK COUNTY,5602900000,Park
56,PLATTE COUNTY,5603100000,Platte
56,SHERIDAN COUNTY,5603300000,Sheridan
56,SUBLETTE COUNTY,5603500000,Sublette
56,SWEETWATER COUNTY,5603700000,Sweetwater
56,TETON COUNTY,5603900000,Teton
56,UINTA COUNTY,5604100000,Uinta
56,WASHAKIE COUNTY,5604300000,Washakie
56,WESTON COUNTY,5604500000,Weston
