state_id,region_id,year,device_model_id,quantity
22,2200100000,2024,71,95
22,2200100000,2024,21,10
22,2200300000,2024,71,37
22,2200300000,2024,21,4
22,2200500000,2024,71,207
22,2200500000,2024,21,22
22,2200700000,2024,71,60
22,2200700000,2024,21,4
22,2200900000,2024,71,87
22,2200900000,2024,21,5
22,2201100000,2024,71,81
22,2201100000,2024,21,4
22,2201300000,2024,71,46
22,2201300000,2024,21,4
22,2201500000,2024,71,191
22,2201500000,2024,21,25
22,2201700000,2024,71,358
22,2201700000,2024,21,21
22,2201900000,2024,71,316
22,2201900000,2024,21,26
22,2202100000,2024,71,38
22,2202100000,2024,21,4
22,2202300000,2024,71,22
22,2202300000,2024,21,6
22,2202500000,2024,71,56
22,2202500000,2024,21,3
22,2202700000,2024,71,39
22,2202700000,2024,21,5
22,2202900000,2024,71,39
22,2202900000,2024,21,5
22,2203100000,2024,71,117
22,2203100000,2024,21,8
22,2203300000,2024,71,731
22,2203300000,2024,21,75
22,2203500000,2024,71,34
22,2203500000,2024,21,3
22,2203700000,2024,71,46
22,2203700000,2024,21,4
22,2203900000,2024,71,111
22,2203900000,2024,21,4
22,2204100000,2024,71,54
22,2204100000,2024,21,4
22,2204300000,2024,71,62
22,2204300000,2024,21,4
22,2204500000,2024,71,128
22,2204500000,2024,21,11
22,2204700000,2024,71,70
22,2204700000,2024,21,5
22,2204900000,2024,71,62
22,2204900000,2024,21,5
22,2205100000,2024,71,695
22,2205100000,2024,21,72
22,2205300000,2024,71,66
22,2205300000,2024,21,6
22,2205500000,2024,71,380
22,2205500000,2024,21,28
22,2205700000,2024,71,161
22,2205700000,2024,21,12
22,2205900000,2024,71,42
22,2205900000,2024,21,4
22,2206100000,2024,71,86
22,2206100000,2024,21,9
22,2206300000,2024,71,221
22,2206300000,2024,21,15
22,2206500000,2024,71,52
22,2206500000,2024,21,4
22,2206700000,2024,71,80
22,2206700000,2024,21,5
22,2206900000,2024,71,100
22,2206900000,2024,21,5
22,2207100000,2024,71,758
22,2207100000,2024,21,88
22,2207300000,2024,71,242
22,2207300000,2024,21,14
22,2207500000,2024,71,42
22,2207500000,2024,21,11
22,2207700000,2024,71,54
22,2207700000,2024,21,4
22,2207900000,2024,71,242
22,2207900000,2024,21,16
22,2208100000,2024,71,26
22,2208100000,2024,21,4
22,2208300000,2024,71,55
22,2208300000,2024,21,4
22,2208500000,2024,71,65
22,2208500000,2024,21,4
22,2208700000,2024,71,71
22,2208700000,2024,21,6
22,2208900000,2024,71,98
22,2208900000,2024,21,14
22,2209100000,2024,71,29
22,2209100000,2024,21,5
22,2209300000,2024,71,49
22,2209300000,2024,21,10
22,2209500000,2024,71,85
22,2209500000,2024,21,8
22,2209700000,2024,71,196
22,2209700000,2024,21,13
22,2209900000,2024,71,106
22,2209900000,2024,21,11
22,2210100000,2024,71,92
22,2210100000,2024,21,11
22,2210300000,2024,71,460
22,2210300000,2024,21,52
22,2210500000,2024,71,189
22,2210500000,2024,21,16
22,2210700000,2024,71,29
22,2210700000,2024,21,3
22,2210900000,2024,71,163
22,2210900000,2024,21,14
22,2211100000,2024,71,61
22,2211100000,2024,21,4
22,2211300000,2024,71,143
22,2211300000,2024,21,9
22,2211500000,2024,71,117
22,2211500000,2024,21,5
22,2211700000,2024,71,94
22,2211700000,2024,21,12
22,2211900000,2024,71,79
22,2211900000,2024,21,10
22,2212100000,2024,71,64
22,2212100000,2024,21,10
22,2212300000,2024,71,52
22,2212300000,2024,21,3
22,2212500000,2024,71,51
22,2212500000,2024,21,4
22,2212700000,2024,71,52
22,2212700000,2024,21,5
48,4802900000,2024,35,356
48,4804700000,2024,52,7
48,4805300000,2024,51,150
48,4806900000,2024,51,19
48,4808500000,2024,35,172
48,4815500000,2024,51,6
48,4815700000,2024,35,130
48,4818700000,2024,35,59
48,4819100000,2024,35,6
48,4823700000,2024,52,24
48,4826500000,2024,52,20
48,4828700000,2024,35,10
48,4829300000,2024,36,63
48,4850500000,2024,52,8
2,0200000000,2024,21,145
4,0401100000,2024,35,18
5,0501100000,2024,27,19
5,0502300000,2024,27,77
5,0503900000,2024,27,14
5,0504100000,2024,36,77
5,0509700000,2024,36,77
5,0509900000,2024,27,20
5,0510100000,2024,36,77
5,0510500000,2024,36,10
5,0510700000,2024,36,77
5,0511700000,2024,38,12
10,1000100000,2024,28,218
10,1000300000,2024,28,718
10,1000500000,2024,28,417
17,1701700000,2024,53,12
17,1709500000,2024,66,33
17,1715100000,2024,66,1
18,1800100000,2024,97.0,74
18,1800300000,2024,97.0,715
18,1800500000,2024,97.0,137
18,1800700000,2024,98.0,37
18,1800900000,2024,97.0,25
18,1801100000,2024,97.0,108
18,1802100000,2024,97.0,72
18,1802300000,2024,97.0,65
18,1802700000,2024,97.0,62
18,1803100000,2024,97.0,63
18,1803300000,2024,97.0,84
18,1803500000,2024,97.0,239
18,1803700000,2024,97.0,96
18,1804100000,2024,97.0,50
18,1804700000,2024,97.0,43
18,1804900000,2024,47,43
18,1805300000,2024,97.0,105
18,1805500000,2024,97.0,64
18,1805700000,2024,97.0,693
18,1806300000,2024,97.0,280
18,1806900000,2024,97.0,73
18,1807300000,2024,97.0,94
18,1807500000,2024,97.0,50
18,1807700000,2024,97.0,100
18,1808100000,2024,97.0,320
18,1808300000,2024,97.0,81
18,1808500000,2024,97.0,220
18,1808700000,2024,97.0,57
18,1808900000,2024,97.0,1304
18,1809100000,2024,97.0,325
18,1809300000,2024,97.0,105
18,1809900000,2024,97.0,94
18,1810300000,2024,97.0,70
18,1810900000,2024,97.0,106
18,1811300000,2024,97.0,80
18,1811500000,2024,53,3
18,1811700000,2024,97.0,66
18,1811900000,2024,97.0,41
18,1812100000,2024,97.0,36
18,1812300000,2024,97.0,55
18,1812500000,2024,97.0,47
18,1813100000,2024,97.0,40
18,1813300000,2024,97.0,94
18,1813500000,2024,97.0,46
18,1813900000,2024,97.0,60
18,1814300000,2024,97.0,65
18,1814500000,2024,97.0,81
18,1814700000,2024,97.0,60
18,1814900000,2024,97.0,46
18,1815100000,2024,97.0,80
18,1815300000,2024,97.0,55
18,1815700000,2024,97.0,275
18,1815900000,2024,97.0,34
18,1816500000,2024,97.0,50
18,1816900000,2024,97.0,64
18,1817300000,2024,97.0,200
18,1817900000,2024,97.0,72
18,1818100000,2024,97.0,48
18,1818300000,2024,97.0,102
32,3200100000,2024,21,63
32,3200300000,2024,21,3197
32,3200500000,2024,21,132
32,3200700000,2024,21,64
32,3201300000,2024,21,36
32,3201700000,2024,21,21
32,3201900000,2024,21,134
32,3202300000,2024,21,26
32,3202700000,2024,21,20
32,3202900000,2024,21,22
32,3203100000,2024,21,1320
39,3900100000,2024,21,78
39,3901700000,2024,21,1146
39,3904500000,2024,21,513
39,3904700000,2024,99.0,21
39,3905300000,2024,7,12
39,3905300000,2024,4,6
39,3905700000,2024,21,618
39,3906300000,2024,21,263
39,3906500000,2024,21,111
39,3912700000,2024,21,147
39,3913900000,2024,21,442
39,3914500000,2024,21,259
39,3915100000,2024,21,1426
39,3916900000,2024,21,376
39,3917300000,2024,21,447
47,4700300000,2024,61,63
47,4701100000,2024,61,126
47,4701500000,2024,61,26
47,4701900000,2024,61,79
47,4702700000,2024,61,17
47,4702900000,2024,61,54
47,4703500000,2024,61,72
47,4704100000,2024,61,27
47,4704500000,2024,61,65
47,4704700000,2024,61,63
47,4704900000,2024,61,45
47,4705100000,2024,61,56
47,4705300000,2024,61,74
47,4705500000,2024,61,48
47,4706100000,2024,61,28
47,4706300000,2024,61,84
47,4707300000,2024,61,73
47,4707900000,2024,61,55
47,4708700000,2024,61,30
47,4708900000,2024,61,65
47,4709100000,2024,61,32
47,4709700000,2024,61,56
47,4709900000,2024,61,75
47,4711100000,2024,61,36
47,4711700000,2024,61,46
47,4712100000,2024,61,19
47,4712500000,2024,61,201
47,4713300000,2024,61,40
47,4713500000,2024,61,22
47,4714100000,2024,61,85
47,4714700000,2024,61,70
47,4714900000,2024,61,360
47,4715100000,2024,61,40
47,4715300000,2024,61,22
47,4715900000,2024,61,28
47,4716500000,2024,61,248
47,4716700000,2024,61,43
47,4716900000,2024,61,16
47,4717100000,2024,61,27
47,4717300000,2024,61,34
47,4717500000,2024,61,17
47,4717700000,2024,61,57
47,4717900000,2024,61,174
47,4718100000,2024,61,32
49,4901700000,2024,66,2
49,4903500000,2024,21,665
2,0200000000,2024,18,275
4,0400100000,2024,27,49
4,0400300000,2024,27,150
4,0400700000,2024,27,19
4,0400900000,2024,27,11
4,0401100000,2024,27,18
4,0401200000,2024,27,22
4,0401300000,2024,19,224
4,0401500000,2024,27,57
4,0401700000,2024,27,96
4,0401900000,2024,27,289
4,0402100000,2024,27,99
4,0402300000,2024,27,18
4,0402500000,2024,82,47
4,0402700000,2024,27,82
5,0500100000,2024,27,36
5,0500300000,2024,27,44
5,0500500000,2024,27,82
5,0500700000,2024,27,479
5,0500900000,2024,27,81
5,0501100000,2024,27,19
5,0501300000,2024,27,12
5,0501500000,2024,27,46
5,0501700000,2024,27,7
5,0502100000,2024,27,77
5,0502300000,2024,27,77
5,0502500000,2024,27,77
5,0502700000,2024,27,24
5,0502900000,2024,27,38
5,0503100000,2024,27,120
5,0503300000,2024,27,100
5,0503500000,2024,27,69
5,0503700000,2024,27,26
5,0504300000,2024,27,42
5,0504500000,2024,27,115
5,0504700000,2024,27,26
5,0504900000,2024,27,26
5,0505100000,2024,27,140
5,0505300000,2024,27,24
5,0505500000,2024,27,55
5,0505700000,2024,27,29
5,0505900000,2024,27,39
5,0506100000,2024,27,20
5,0506300000,2024,27,77
5,0506700000,2024,27,45
5,0506900000,2024,27,148
5,0507100000,2024,27,77
5,0507500000,2024,27,77
5,0507900000,2024,27,19
5,0508100000,2024,27,22
5,0508300000,2024,27,34
5,0508500000,2024,27,72
5,0508700000,2024,27,48
5,0508900000,2024,27,29
5,0509100000,2024,27,77
5,0509300000,2024,27,42
5,0509500000,2024,27,12
5,0509900000,2024,27,20
5,0510100000,2024,27,77
5,0510300000,2024,27,77
5,0510900000,2024,27,20
5,0511100000,2024,27,25
5,0511300000,2024,27,36
5,0511500000,2024,27,60
5,0511700000,2024,27,24
5,0511900000,2024,27,227
5,0512100000,2024,27,42
5,0512300000,2024,27,39
5,0512500000,2024,27,135
5,0512700000,2024,27,17
5,0512700000,2024,27,26
5,0513100000,2024,27,77
5,0513300000,2024,27,25
5,0513500000,2024,27,24
5,0513700000,2024,27,31
5,0513900000,2024,27,48
5,0514100000,2024,27,41
5,0514100000,2024,38,10
5,0514300000,2024,27,331
5,0514500000,2024,27,150
5,0514700000,2024,27,21
5,0514900000,2024,27,40
6,0600300000,2024,27,2
6,0600500000,2024,27,10
6,0600700000,2024,19,45
6,0601100000,2024,19,6
6,0601300000,2024,19,352
6,0601500000,2024,23,20
6,0601700000,2024,19,41
6,0601900000,2024,19,180
6,0602100000,2024,19,10
6,0602300000,2024,48,40
6,0602500000,2024,19,76
6,0602700000,2024,19,10
6,0602900000,2024,19,136
6,0603100000,2024,19,60
6,0603300000,2024,48,20
6,0603500000,2024,27,9
6,0603700000,2024,75,11144
6,0603900000,2024,19,37
6,0604100000,2024,19,63
6,0604300000,2024,19,12
6,0604500000,2024,48,21
6,0604700000,2024,27,43
6,0604900000,2024,27,8
6,0605100000,2024,23,10
6,0605300000,2024,19,131
6,0605500000,2024,19,58
6,0605700000,2024,48,27
6,0605900000,2024,48,596
6,0606100000,2024,19,116
6,0606300000,2024,19,1
6,0606500000,2024,19,1520
6,0606700000,2024,19,272
6,0606900000,2024,19,23
6,0607100000,2024,19,939
6,0607300000,2024,19,2722
6,0607500000,2024,19,515
6,0607700000,2024,48,171
6,0608100000,2024,19,357
6,0608300000,2024,19,129
6,0608500000,2024,19,774
6,0608700000,2024,19,90
6,0608900000,2024,48,65
6,0609100000,2024,48,1
6,0609300000,2024,23,19
6,0609500000,2024,48,78
6,0609700000,2024,19,93
6,0609900000,2024,48,98
6,0610100000,2024,19,28
6,0610300000,2024,19,28
6,0610500000,2024,48,4
6,0610700000,2024,19,67
6,0610900000,2024,19,17
6,0611100000,2024,19,175
6,0611300000,2024,48,40
6,0611500000,2024,19,31
6,0600100000,2024,100.0,603
6,0600900000,2024,48,14
8,0800100000,2024,19,199
8,0800300000,2024,19,2
8,0800500000,2024,19,135
8,0800700000,2024,19,4
8,0800900000,2024,19,2
8,0801100000,2024,19,2
8,0801300000,2024,19,54
8,0801400000,2024,19,35
8,0801500000,2024,19,4
8,0801700000,2024,19,2
8,0801900000,2024,19,4
8,0802100000,2024,19,2
8,0802300000,2024,19,3
8,0802500000,2024,19,2
8,0802700000,2024,19,3
8,0802900000,2024,19,12
8,0803100000,2024,19,185
8,0803300000,2024,19,2
8,0803500000,2024,4,63
8,0803700000,2024,19,17
8,0803900000,2024,19,7
8,0804100000,2024,19,110
8,0804300000,2024,19,10
8,0804500000,2024,4,16
8,0804700000,2024,19,2
8,0804900000,2024,19,6
8,0805100000,2024,19,5
8,0805300000,2024,19,1
8,0805500000,2024,19,2
8,0805700000,2024,19,1
8,0805900000,2024,19,192
8,0806100000,2024,19,1
8,0806300000,2024,19,3
8,0806500000,2024,19,3
8,0806700000,2024,19,17
8,0806900000,2024,19,85
8,0807100000,2024,19,3
8,0807300000,2024,19,2
8,0807500000,2024,19,6
8,0807700000,2024,19,28
8,0807900000,2024,19,1
8,0808100000,2024,19,7
8,0808300000,2024,19,10
8,0808500000,2024,19,14
8,0808700000,2024,19,12
8,0808900000,2024,19,9
8,0809100000,2024,19,2
8,0809300000,2024,19,5
8,0809500000,2024,19,4
8,0809700000,2024,19,9
8,0809900000,2024,19,2
8,0810100000,2024,19,18
8,0810300000,2024,19,3
8,0810500000,2024,19,2
8,0810700000,2024,19,10
8,0810900000,2024,19,2
8,0811100000,2024,19,1
8,0811300000,2024,19,3
8,0811500000,2024,19,3
8,0811700000,2024,19,8
8,0811900000,2024,19,9
8,0812100000,2024,19,2
8,0812300000,2024,19,174
8,0812500000,2024,19,3
9,0900104720,2024,56,5
9,0900108070,2024,56,24
9,0900108980,2024,56,2
9,0900118500,2024,56,7
9,0900118850,2024,56,6
9,0900123890,2024,56,1
9,0900126620,2024,56,10
9,0900133620,2024,56,12
9,0900148620,2024,56,4
9,0900150580,2024,56,3
9,0900150860,2024,56,2
9,0900152980,2024,56,6
9,0900156060,2024,56,13
9,0900163480,2024,56,2
9,0900163970,2024,56,4
9,0900168170,2024,56,5
9,0900168310,2024,56,1
9,0900173070,2024,56,22
9,0900174190,2024,56,13
9,0900177200,2024,56,5
9,0900183430,2024,56,2
9,0900183500,2024,56,7
9,0900186370,2024,56,3
9,0900302060,2024,56,3
9,0900304300,2024,56,5
9,0900305910,2024,56,5
9,0900308490,2024,56,9
9,0900310100,2024,56,1
9,0900312270,2024,56,1
9,0900322070,2024,56,1
9,0900322630,2024,56,7
9,0900324800,2024,56,3
9,0900325990,2024,56,7
9,0900327600,2024,56,7
9,0900331240,2024,56,7
9,0900332640,2024,56,1
9,0900337070,2024,56,24
9,0900337140,2024,56,1
9,0900344700,2024,56,8
9,0900345820,2024,56,1
9,0900350440,2024,56,17
9,0900352140,2024,56,8
9,0900360120,2024,56,4
9,0900365370,2024,56,3
9,0900368940,2024,56,4
9,0900370550,2024,56,11
9,0900371390,2024,56,5
9,0900374540,2024,56,1
9,0900382590,2024,56,9
9,0900384900,2024,56,6
9,0900387000,2024,56,2
9,0900387070,2024,56,7
9,0900502760,2024,56,1
9,0900504930,2024,56,1
9,0900508210,2024,56,1
9,0900510940,2024,56,1
9,0900516050,2024,56,1
9,0900517240,2024,56,1
9,0900532290,2024,56,2
9,0900537280,2024,56,2
9,0900540290,2024,56,1
9,0900543370,2024,56,4
9,0900549460,2024,56,1
9,0900551350,2024,56,2
9,0900552630,2024,56,7
9,0900553470,2024,56,1
9,0900554030,2024,56,1
9,0900560750,2024,56,1
9,0900565930,2024,56,1
9,0900566420,2024,56,1
9,0900567960,2024,56,1
9,0900575730,2024,56,1
9,0900576570,2024,56,8
9,0900579510,2024,56,1
9,0900579720,2024,56,1
9,0900580490,2024,56,4
9,0900586440,2024,56,1
9,0900587910,2024,56,2
9,0900714300,2024,56,1
9,0900715350,2024,56,1
9,0900718080,2024,56,1
9,0900719130,2024,56,1
9,0900720810,2024,56,3
9,0900722280,2024,56,1
9,0900722490,2024,56,1
9,0900726270,2024,56,1
9,0900735230,2024,56,3
9,0900740710,2024,56,1
9,0900747080,2024,56,1
9,0900747360,2024,56,14
9,0900757320,2024,56,2
9,0900761800,2024,56,1
9,0900781680,2024,56,2
9,0900901220,2024,56,7
9,0900903250,2024,56,1
9,0900904580,2024,56,1
9,0900907310,2024,56,7
9,0900914160,2024,56,8
9,0900919550,2024,56,4
9,0900922910,2024,56,8
9,0900934950,2024,56,5
9,0900935650,2024,56,13
9,0900944560,2024,56,2
9,0900946520,2024,56,13
9,0900946940,2024,56,2
9,0900947535,2024,56,9
9,0900949950,2024,56,9
9,0900952070,2024,56,40
9,0900953890,2024,56,2
9,0900954870,2024,56,5
9,0900957600,2024,56,3
9,0900958300,2024,56,1
9,0900962290,2024,56,2
9,0900967610,2024,56,3
9,0900969640,2024,56,3
9,0900978740,2024,56,10
9,0900980070,2024,56,21
9,0900982870,2024,56,10
9,0900987560,2024,56,3
9,0900987700,2024,56,2
9,0901106820,2024,56,1
9,0901115910,2024,56,4
9,0901123400,2024,56,3
9,0901129910,2024,56,1
9,0901133900,2024,56,2
9,0901134250,2024,56,7
9,0901142390,2024,56,1
9,0901142600,2024,56,3
9,0901143230,2024,56,2
9,0901144210,2024,56,1
9,0901148900,2024,56,6
9,0901152350,2024,56,3
9,0901155500,2024,56,1
9,0901156270,2024,56,6
9,0901157040,2024,56,1
9,0901162150,2024,56,2
9,0901166210,2024,56,1
9,0901171670,2024,56,1
9,0901173770,2024,56,5
9,0901178600,2024,56,1
9,0901180280,2024,56,4
9,0901301080,2024,56,1
9,0901306260,2024,56,1
9,0901316400,2024,56,1
9,0901317800,2024,56,2
9,0901325360,2024,56,2
9,0901337910,2024,56,1
9,0901344910,2024,56,4
9,0901369220,2024,56,1
9,0901372090,2024,56,3
9,0901376290,2024,56,3
9,0901377830,2024,56,1
9,0901378250,2024,56,4
9,0901385950,2024,56,1
9,0901501430,2024,56,1
9,0901509190,2024,56,1
9,0901512130,2024,56,1
9,0901513810,2024,56,1
9,0901521860,2024,56,1
9,0901536000,2024,56,1
9,0901540500,2024,56,7
9,0901559980,2024,56,5
9,0901561030,2024,56,1
9,0901562710,2024,56,2
9,0901567400,2024,56,1
9,0901573420,2024,56,1
9,0901575870,2024,56,4
9,0901586790,2024,56,5
9,0901588190,2024,56,1
11,1100100000,2024,27,337
12,1200500000,2024,27,44
12,1200700000,2024,27,13
12,1200900000,2024,27,110
12,1201300000,2024,27,7
12,1201500000,2024,27,21
12,1201700000,2024,27,37
12,1201900000,2024,27,52
12,1202100000,2024,27,78
12,1202300000,2024,23,24
12,1202700000,2024,23,16
12,1203100000,2024,27,488
12,1203300000,2024,27,80
12,1203500000,2024,27,22
12,1203900000,2024,27,29
12,1204100000,2024,23,11
12,1204300000,2024,23,9
12,1204500000,2024,27,10
12,1204700000,2024,27,9
12,1205100000,2024,27,14
12,1205500000,2024,27,28
12,1205700000,2024,27,319
12,1205900000,2024,27,9
12,1206100000,2024,27,24
12,1206300000,2024,27,15
12,1206500000,2024,23,20
12,1206700000,2024,27,6
12,1206900000,2024,27,86
12,1207100000,2024,27,289
12,1207700000,2024,27,8
12,1207900000,2024,23,20
12,1208100000,2024,27,75
12,1208300000,2024,27,115
12,1208500000,2024,27,34
12,1208600000,2024,27,589
12,1208700000,2024,23,60
12,1208900000,2024,27,20
12,1209100000,2024,27,49
12,1209300000,2024,23,15
12,1209500000,2024,27,285
12,1209700000,2024,27,75
12,1209900000,2024,27,860
12,1210100000,2024,27,131
12,1210300000,2024,27,164
12,1210500000,2024,27,145
12,1210700000,2024,23,24
12,1210900000,2024,27,49
12,1211100000,2024,23,165
12,1211300000,2024,27,25
12,1211500000,2024,27,104
12,1211700000,2024,27,90
12,1211900000,2024,27,37
12,1212300000,2024,23,15
12,1212500000,2024,38,8
12,1212500000,2024,27,8
12,1212700000,2024,27,90
12,1212900000,2024,27,14
12,1213100000,2024,27,21
12,1213300000,2024,27,12
13,1300100000,2024,19,49
13,1300700000,2024,19,12
13,1300900000,2024,19,94
13,1301100000,2024,19,50
13,1301300000,2024,19,152
13,1301500000,2024,19,275
13,1301700000,2024,19,48
13,1301900000,2024,19,43
13,1302300000,2024,19,24
13,1302500000,2024,19,38
13,1302700000,2024,19,87
13,1302900000,2024,19,136
13,1303300000,2024,19,63
13,1303500000,2024,19,30
13,1304300000,2024,19,27
13,1304500000,2024,19,336
13,1304700000,2024,19,192
13,1304900000,2024,19,27
13,1305500000,2024,19,67
13,1305900000,2024,19,352
13,1306100000,2024,19,8
13,1306500000,2024,19,16
13,1306700000,2024,19,1982
13,1306900000,2024,19,107
13,1307300000,2024,19,572
13,1307500000,2024,19,48
13,1307700000,2024,19,413
13,1307900000,2024,19,25
13,1308100000,2024,19,42
13,1308300000,2024,19,52
13,1308500000,2024,19,75
13,1308900000,2024,19,1948
13,1309100000,2024,19,60
13,1309300000,2024,19,24
13,1309700000,2024,19,343
13,1310300000,2024,19,206
13,1310500000,2024,19,60
13,1310700000,2024,19,59
13,1311100000,2024,19,69
13,1311700000,2024,19,450
13,1311900000,2024,19,78
13,1312100000,2024,19,3698
13,1312300000,2024,19,79
13,1312500000,2024,19,10
13,1312900000,2024,19,131
13,1313100000,2024,19,57
13,1313300000,2024,19,66
13,1313700000,2024,19,123
13,1314300000,2024,19,71
13,1314700000,2024,19,98
13,1314900000,2024,19,39
13,1315100000,2024,19,516
13,1315300000,2024,19,428
13,1315500000,2024,19,67
13,1315700000,2024,19,165
13,1315900000,2024,19,47
13,1316100000,2024,19,37
13,1316500000,2024,19,16
13,1316700000,2024,19,26
13,1316900000,2024,19,58
13,1317100000,2024,19,54
13,1317300000,2024,19,20
13,1317500000,2024,19,7
13,1317700000,2024,19,93
13,1317900000,2024,19,84
13,1318100000,2024,19,43
13,1318300000,2024,19,51
13,1318500000,2024,19,370
13,1318900000,2024,19,81
13,1319100000,2024,19,44
13,1319300000,2024,19,18
13,1319500000,2024,19,88
13,1319900000,2024,19,75
13,1320100000,2024,19,22
13,1320500000,2024,19,45
13,1320700000,2024,19,73
13,1320900000,2024,19,27
13,1321100000,2024,19,59
13,1321300000,2024,19,92
13,1321700000,2024,19,280
13,1321900000,2024,19,100
13,1322100000,2024,19,60
13,1322300000,2024,19,375
13,1322500000,2024,19,41
13,1322700000,2024,19,76
13,1322900000,2024,19,34
13,1323100000,2024,19,63
13,1323500000,2024,19,16
13,1323700000,2024,19,77
13,1323900000,2024,19,10
13,1324100000,2024,19,32
13,1324300000,2024,19,36
13,1324500000,2024,19,585
13,1324700000,2024,19,189
13,1324900000,2024,19,6
13,1325100000,2024,19,42
13,1325300000,2024,19,28
13,1325700000,2024,19,128
13,1326100000,2024,19,50
13,1326300000,2024,19,22
13,1326700000,2024,19,41
13,1326900000,2024,19,21
13,1327300000,2024,19,32
13,1327700000,2024,19,57
13,1328300000,2024,19,19
13,1328700000,2024,19,34
13,1328900000,2024,19,27
13,1329100000,2024,19,92
13,1329300000,2024,19,58
13,1329500000,2024,19,168
13,1329700000,2024,19,152
13,1329900000,2024,19,72
13,1330100000,2024,19,16
13,1330300000,2024,19,47
13,1330500000,2024,19,71
13,1330700000,2024,19,8
13,1330900000,2024,19,18
13,1331100000,2024,19,107
13,1331300000,2024,19,230
13,1331900000,2024,19,32
13,1332100000,2024,19,72
66,6600000000,2024,27,6
15,1500100000,2024,48,16
15,1500300000,2024,48,10
15,1500700000,2024,48,6
15,1500900000,2024,48,30
16,1600100000,2024,48,169
16,1600300000,2024,27,4
16,1600500000,2024,27,41
16,1600700000,2024,27,10
16,1600900000,2024,27,10
16,1601100000,2024,27,22
16,1601300000,2024,27,45
16,1601500000,2024,27,12
16,1601700000,2024,48,27
16,1601900000,2024,48,51
16,1602100000,2024,27,6
16,1602300000,2024,27,4
16,1602500000,2024,27,2
16,1602700000,2024,48,400
16,1602900000,2024,48,3
16,1603100000,2024,27,28
16,1603300000,2024,27,1
16,1603500000,2024,27,10
16,1603700000,2024,27,11
16,1603900000,2024,27,17
16,1604100000,2024,48,17
16,1604300000,2024,27,42
16,1604500000,2024,27,14
16,1604700000,2024,27,6
16,1604900000,2024,27,18
16,1605100000,2024,27,40
16,1605300000,2024,27,8
16,1605500000,2024,27,54
16,1605700000,2024,27,17
16,1605900000,2024,27,12
16,1606100000,2024,27,6
16,1606300000,2024,27,5
16,1606500000,2024,27,21
16,1606700000,2024,27,11
16,1606900000,2024,27,15
16,1607100000,2024,27,4
16,1607300000,2024,27,14
16,1607500000,2024,27,9
16,1607700000,2024,27,7
16,1607900000,2024,27,10
16,1608100000,2024,27,4
16,1608300000,2024,27,21
16,1608500000,2024,27,4
16,1608700000,2024,27,6
17,1700100000,2024,26,33
17,1700300000,2024,27,8
17,1700500000,2024,82,18
17,1700700000,2024,82,40
17,1700900000,2024,27,17
17,1701100000,2024,82,44
17,1701300000,2024,27,6
17,1701500000,2024,82,13
17,1701700000,2024,48,2
17,1701900000,2024,27,86
17,1702100000,2024,82,31
17,1702300000,2024,83,18
17,1702500000,2024,82,21
17,1702700000,2024,27,27
17,1702900000,2024,82,32
17,1703100000,2024,19,3800
17,1703300000,2024,82,21
17,1703500000,2024,48,11
17,1703700000,2024,27,50
17,1703900000,2024,82,17
17,1704100000,2024,82,118
17,1704300000,2024,48,275
17,1704500000,2024,82,11
17,1704700000,2024,26,7
17,1704900000,2024,27,25
17,1705100000,2024,27,98
17,1705300000,2024,82,13
17,1705500000,2024,27,20
17,1705700000,2024,101.0,35
17,1705900000,2024,27,11
17,1706100000,2024,48,26
17,1706300000,2024,48,22
17,1706500000,2024,27,17
17,1706613000,2024,27,38
17,1706700000,2024,27,29
17,1706900000,2024,82,7
17,1707100000,2024,27,13
17,1707300000,2024,27,41
17,1707500000,2024,48,33
17,1707700000,2024,48,51
17,1707900000,2024,48,13
17,1708100000,2024,27,34
17,1708300000,2024,27,15
17,1708500000,2024,27,20
17,1708700000,2024,48,14
17,1708900000,2024,102.0,1275
17,1709100000,2024,82,66
17,1709300000,2024,26,41
17,1709700000,2024,27,117
17,1709900000,2024,82,82
17,1710100000,2024,26,16
17,1710300000,2024,82,20
17,1710500000,2024,82,43
17,1710700000,2024,82,18
17,1710900000,2024,48,18
17,1711100000,2024,27,288
17,1711300000,2024,27,226
17,1711500000,2024,82,30
17,1711700000,2024,82,42
17,1711900000,2024,27,201
17,1712100000,2024,27,52
17,1712300000,2024,26,22
17,1712500000,2024,82,13
17,1712700000,2024,48,18
17,1712900000,2024,26,7
17,1713100000,2024,83,11
17,1713300000,2024,27,12
17,1713500000,2024,82,27
17,1713700000,2024,48,32
17,1713900000,2024,82,20
17,1714000000,2024,19,1485
17,1714100000,2024,82,41
17,1714300000,2024,48,60
17,1714500000,2024,48,21
17,1714700000,2024,82,17
17,1714900000,2024,27,25
17,1715300000,2024,27,9
17,1715500000,2024,82,10
17,1715700000,2024,27,26
17,1715900000,2024,48,13
17,1716100000,2024,103.0,55
17,1716300000,2024,27,163
17,1716500000,2024,104.0,17
17,1716700000,2024,27,81
17,1716900000,2024,48,16
17,1717100000,2024,48,8
17,1717300000,2024,82,30
17,1717500000,2024,38,7
17,1717700000,2024,82,27
17,1717900000,2024,82,56
17,1718100000,2024,27,20
17,1718300000,2024,82,34
17,1718500000,2024,26,10
17,1718563000,2024,27,11
17,1718700000,2024,48,19
17,1718900000,2024,48,20
17,1719100000,2024,27,17
17,1719300000,2024,48,14
17,1719500000,2024,82,42
17,1719700000,2024,48,337
17,1719900000,2024,27,58
17,1720100000,2024,27,52
17,1720300000,2024,27,39
17,1722255000,2024,27,14
17,1728326000,2024,26,10
17,1765000000,2024,27,39
18,1801300000,2024,82,11
18,1801500000,2024,27,40
18,1801900000,2024,26,50
18,1802500000,2024,26,12
18,1802900000,2024,27,155
18,1803900000,2024,27,315
18,1804300000,2024,82,130
18,1804500000,2024,105.0,50
18,1805100000,2024,106.0,17
18,1805900000,2024,27,13
18,1806100000,2024,107.0,13
18,1806500000,2024,27,190
18,1806700000,2024,27,20
18,1807100000,2024,82,59
18,1807900000,2024,27,20
18,1809500000,2024,27,320
18,1809700000,2024,27,2008
18,1810100000,2024,27,8
18,1810500000,2024,48,29
18,1810700000,2024,82,80
18,1811100000,2024,48,8
18,1811500000,2024,48,3
18,1812700000,2024,27,303
18,1812900000,2024,82,110
18,1813700000,2024,108.0,150
18,1814100000,2024,82,660
18,1816100000,2024,27,7
18,1816300000,2024,82,300
18,1816700000,2024,82,157
18,1817500000,2024,48,11
18,1817700000,2024,48,17
21,2100100000,2024,48,14
21,2100300000,2024,48,7
21,2100500000,2024,47,5
21,2100700000,2024,48,5
21,2100900000,2024,48,9
21,2101100000,2024,48,6
21,2101300000,2024,47,34
21,2101500000,2024,47,47
21,2101700000,2024,47,6
21,2101900000,2024,48,13
21,2102100000,2024,47,10
21,2102300000,2024,48,7
21,2102500000,2024,27,32
21,2102700000,2024,48,8
21,2102900000,2024,47,11
21,2103100000,2024,48,8
21,2103300000,2024,48,4
21,2103500000,2024,48,10
21,2103700000,2024,48,39
21,2103900000,2024,48,5
21,2104100000,2024,48,5
21,2104300000,2024,47,15
21,2104500000,2024,47,5
21,2104700000,2024,48,14
21,2104900000,2024,47,23
21,2105100000,2024,27,43
21,2105300000,2024,27,16
21,2105500000,2024,47,8
21,2105700000,2024,47,5
21,2105900000,2024,48,18
21,2106100000,2024,48,13
21,2106300000,2024,27,8
21,2106500000,2024,48,10
21,2106700000,2024,48,136
21,2106900000,2024,109.0,12
21,2107100000,2024,27,84
21,2107300000,2024,48,23
21,2107500000,2024,48,3
21,2107700000,2024,47,6
21,2107900000,2024,48,12
21,2108100000,2024,48,6
21,2108300000,2024,47,14
21,2108500000,2024,47,19
21,2108700000,2024,47,8
21,2108900000,2024,47,16
21,2109100000,2024,47,11
21,2109300000,2024,47,24
21,2109500000,2024,48,23
21,2109700000,2024,48,9
21,2109900000,2024,48,10
21,2110100000,2024,48,8
21,2110300000,2024,47,9
21,2110500000,2024,48,4
21,2110700000,2024,47,15
21,2110900000,2024,27,28
21,2111100000,2024,27,372
21,2111300000,2024,47,13
21,2111500000,2024,27,47
21,2111700000,2024,27,78
21,2111900000,2024,27,24
21,2112100000,2024,27,60
21,2112300000,2024,47,7
21,2112500000,2024,27,140
21,2112700000,2024,48,10
21,2112900000,2024,27,29
21,2113100000,2024,27,39
21,2113300000,2024,27,48
21,2113500000,2024,48,7
21,2113700000,2024,48,10
21,2113900000,2024,47,11
21,2114100000,2024,48,7
21,2114300000,2024,48,7
21,2114500000,2024,48,70
21,2114700000,2024,47,7
21,2114900000,2024,48,6
21,2115100000,2024,27,230
21,2115300000,2024,27,31
21,2115500000,2024,47,13
21,2115700000,2024,48,27
21,2115900000,2024,27,20
21,2116100000,2024,48,7
21,2116300000,2024,48,7
21,2116500000,2024,27,25
21,2116700000,2024,48,11
21,2116900000,2024,47,15
21,2117100000,2024,47,13
21,2117300000,2024,47,6
21,2117500000,2024,27,55
21,2117700000,2024,48,11
21,2117900000,2024,48,10
21,2118100000,2024,48,3
21,2118300000,2024,47,9
21,2118500000,2024,48,11
21,2118700000,2024,48,7
21,2118900000,2024,47,3
21,2119100000,2024,48,4
21,2119300000,2024,47,24
21,2119500000,2024,47,47
21,2119700000,2024,27,40
21,2119900000,2024,47,15
21,2120100000,2024,108.0,3
21,2120300000,2024,27,31
21,2120500000,2024,47,7
21,2120700000,2024,47,7
21,2120900000,2024,48,15
21,2121100000,2024,48,21
21,2121300000,2024,48,6
21,2121500000,2024,47,15
21,2121700000,2024,47,18
21,2121900000,2024,48,9
21,2122100000,2024,48,8
21,2122300000,2024,48,4
21,2122500000,2024,47,9
21,2122700000,2024,48,15
21,2122900000,2024,48,5
21,2123100000,2024,48,10
21,2123300000,2024,47,10
21,2123500000,2024,47,13
21,2123700000,2024,27,19
21,2123900000,2024,48,4
23,2300102060,2024,27,4
23,2300119105,2024,27,1
23,2300129255,2024,27,1
23,2300138565,2024,27,1
23,2300138740,2024,27,5
23,2300140035,2024,27,1
23,2300140665,2024,27,1
23,2300140770,2024,27,1
23,2300144585,2024,27,1
23,2300146160,2024,27,1
23,2300160020,2024,27,1
23,2300164570,2024,27,1
23,2300177800,2024,27,1
23,2300179585,2024,27,1
23,2300300800,2024,27,1
23,2300301220,2024,27,1
23,2300301710,2024,27,1
23,2300305385,2024,27,1
23,2300307065,2024,27,1
23,2300310565,2024,27,1
23,2300311300,2024,27,1
23,2300311335,2024,27,1
23,2300312000,2024,27,1
23,2300315395,2024,27,1
23,2300315990,2024,27,1
23,2300319210,2024,27,1
23,2300319420,2024,27,1
23,2300321380,2024,27,1
23,2300325615,2024,27,1
23,2300325755,2024,27,1
23,2300326735,2024,27,1
23,2300327120,2024,27,1
23,2300328590,2024,27,1
23,2300330690,2024,27,1
23,2300330725,2024,27,1
23,2300332195,2024,27,1
23,2300332685,2024,27,1
23,2300333385,2024,27,1
23,2300333980,2024,27,1
23,2300335065,2024,27,1
23,2300339300,2024,27,1
23,2300339965,2024,27,1
23,2300340595,2024,27,1
23,2300341715,2024,27,1
23,2300342450,2024,27,1
23,2300342520,2024,27,1
23,2300343255,2024,27,1
23,2300343710,2024,27,1
23,2300343990,2024,27,1
23,2300345180,2024,27,1
23,2300346685,2024,27,1
23,2300347175,2024,27,1
23,2300348575,2024,27,1
23,2300348960,2024,27,1
23,2300349415,2024,27,1
23,2300354385,2024,27,1
23,2300355435,2024,27,1
23,2300358060,2024,27,1
23,2300360300,2024,27,1
23,2300360825,2024,27,1
23,2300362400,2024,27,1
23,2300364780,2024,27,1
23,2300365025,2024,27,1
23,2300365200,2024,27,1
23,2300367790,2024,27,1
23,2300369260,2024,27,1
23,2300374405,2024,27,1
23,2300378570,2024,27,1
23,2300379270,2024,27,1
23,2300379865,2024,27,1
23,2300380285,2024,27,1
23,2300382770,2024,27,1
23,2300383540,2024,27,1
23,2300383785,2024,27,1
23,2300386865,2024,27,1
23,2300387215,2024,27,1
23,2300502655,2024,27,1
23,2300507170,2024,27,1
23,2300508430,2024,27,2
23,2300510180,2024,27,1
23,2300511125,2024,27,1
23,2300515430,2024,27,1
23,2300524495,2024,27,1
23,2300526525,2024,27,1
23,2300527025,2024,27,1
23,2300528240,2024,27,3
23,2300528870,2024,27,1
23,2300531390,2024,27,1
23,2300531600,2024,27,1
23,2300541067,2024,27,1
23,2300548085,2024,27,1
23,2300548820,2024,27,1
23,2300553860,2024,27,1
23,2300560545,2024,27,11
23,2300560685,2024,27,1
23,2300561945,2024,27,1
23,2300566145,2024,27,1
23,2300566775,2024,27,1
23,2300571990,2024,27,4
23,2300573670,2024,27,1
23,2300582105,2024,27,1
23,2300586025,2024,27,1
23,2300587845,2024,27,1
23,2300702235,2024,27,1
23,2300710740,2024,27,1
23,2300710915,2024,27,1
23,2300712595,2024,27,1
23,2300714205,2024,27,1
23,2300716165,2024,27,1
23,2300724005,2024,27,1
23,2300724775,2024,27,1
23,2300734820,2024,27,1
23,2300735625,2024,27,1
23,2300737025,2024,27,1
23,2300749345,2024,27,1
23,2300749520,2024,27,1
23,2300758445,2024,27,1
23,2300761840,2024,27,1
23,2300761875,2024,27,1
23,2300765655,2024,27,1
23,2300774825,2024,27,1
23,2300775980,2024,27,1
23,2300781300,2024,27,1
23,2300785850,2024,27,1
23,2300901185,2024,27,1
23,2300902165,2024,27,1
23,2300902865,2024,27,1
23,2300905700,2024,27,1
23,2300907800,2024,27,1
23,2300907975,2024,27,1
23,2300908815,2024,27,1
23,2300911265,2024,27,1
23,2300914905,2024,27,2
23,2300916935,2024,27,1
23,2300917145,2024,27,1
23,2300919770,2024,27,1
23,2300923200,2024,27,4
23,2300926350,2024,27,1
23,2300926595,2024,27,1
23,2300928450,2024,27,1
23,2300928975,2024,27,1
23,2300930970,2024,27,1
23,2300938180,2024,27,1
23,2300943430,2024,27,1
23,2300947630,2024,27,1
23,2300955505,2024,27,1
23,2300955855,2024,27,1
23,2300955890,2024,27,1
23,2300957920,2024,27,1
23,2300967300,2024,27,1
23,2300969750,2024,27,1
23,2300972865,2024,27,1
23,2300974580,2024,27,1
23,2300974965,2024,27,1
23,2300975280,2024,27,1
23,2300975455,2024,27,1
23,2300977345,2024,27,1
23,2300977415,2024,27,1
23,2300978920,2024,27,1
23,2300980040,2024,27,1
23,2300986655,2024,27,1
23,2301100590,2024,27,1
23,2301102100,2024,27,4
23,2301104020,2024,27,1
23,2301104475,2024,27,1
23,2301112350,2024,27,1
23,2301112735,2024,27,1
23,2301113470,2024,27,1
23,2301124670,2024,27,1
23,2301124950,2024,27,1
23,2301127085,2024,27,1
23,2301130550,2024,27,1
23,2301140175,2024,27,1
23,2301143080,2024,27,1
23,2301146405,2024,27,1
23,2301147770,2024,27,1
23,2301154560,2024,27,1
23,2301159110,2024,27,1
23,2301161700,2024,27,1
23,2301162190,2024,27,1
23,2301163835,2024,27,1
23,2301168385,2024,27,1
23,2301178745,2024,27,1
23,2301179025,2024,27,1
23,2301180740,2024,27,1
23,2301180880,2024,27,1
23,2301182945,2024,27,1
23,2301186165,2024,27,1
23,2301186515,2024,27,1
23,2301186970,2024,27,1
23,2301301465,2024,27,1
23,2301309725,2024,27,1
23,2301315780,2024,27,1
23,2301326805,2024,27,1
23,2301333840,2024,27,1
23,2301335135,2024,27,1
23,2301344165,2024,27,1
23,2301351620,2024,27,1
23,2301356135,2024,27,1
23,2301363590,2024,27,1
23,2301363660,2024,27,1
23,2301365130,2024,27,1
23,2301372585,2024,27,1
23,2301376365,2024,27,1
23,2301378115,2024,27,1
23,2301379130,2024,27,1
23,2301380215,2024,27,1
23,2301380425,2024,27,1
23,2301501010,2024,27,1
23,2301506050,2024,27,1
23,2301506120,2024,27,1
23,2301506855,2024,27,1
23,2301507485,2024,27,1
23,2301516235,2024,27,1
23,2301518475,2024,27,1
23,2301522675,2024,27,1
23,2301535695,2024,27,1
23,2301546335,2024,27,1
23,2301548645,2024,27,1
23,2301549660,2024,27,1
23,2301569645,2024,27,1
23,2301570240,2024,27,1
23,2301571955,2024,27,1
23,2301579550,2024,27,1
23,2301584135,2024,27,1
23,2301585010,2024,27,1
23,2301587075,2024,27,1
23,2301701325,2024,27,1
23,2301704825,2024,27,1
23,2301708150,2024,27,1
23,2301708710,2024,27,1
23,2301709550,2024,27,1
23,2301710005,2024,27,1
23,2301717250,2024,27,1
23,2301717740,2024,27,1
23,2301726910,2024,27,1
23,2301727505,2024,27,1
23,2301729710,2024,27,1
23,2301731110,2024,27,1
23,2301731670,2024,27,1
23,2301732370,2024,27,1
23,2301733315,2024,27,1
23,2301739422,2024,27,1
23,2301741365,2024,27,1
23,2301745285,2024,27,1
23,2301749275,2024,27,1
23,2301754000,2024,27,1
23,2301755960,2024,27,1
23,2301756310,2024,27,1
23,2301756625,2024,27,1
23,2301758270,2024,27,1
23,2301760405,2024,27,1
23,2301764185,2024,27,1
23,2301764290,2024,27,1
23,2301774510,2024,27,1
23,2301774685,2024,27,1
23,2301775035,2024,27,1
23,2301775595,2024,27,1
23,2301778465,2024,27,1
23,2301780635,2024,27,1
23,2301783890,2024,27,1
23,2301787355,2024,27,1
23,2301901115,2024,27,1
23,2301902795,2024,27,2
23,2301906575,2024,27,1
23,2301906680,2024,27,1
23,2301906925,2024,27,1
23,2301909200,2024,27,1
23,2301910670,2024,27,1
23,2301910810,2024,27,1
23,2301912105,2024,27,1
23,2301912525,2024,27,1
23,2301913365,2024,27,1
23,2301914310,2024,27,1
23,2301914380,2024,27,1
23,2301917530,2024,27,1
23,2301917950,2024,27,1
23,2301921030,2024,27,1
23,2301922535,2024,27,1
23,2301922710,2024,27,1
23,2301923620,2024,27,1
23,2301923865,2024,27,1
23,2301924110,2024,27,1
23,2301927190,2024,27,1
23,2301927645,2024,27,1
23,2301929185,2024,27,1
23,2301930795,2024,27,1
23,2301932510,2024,27,1
23,2301933490,2024,27,1
23,2301934190,2024,27,1
23,2301934365,2024,27,1
23,2301936325,2024,27,1
23,2301937760,2024,27,1
23,2301938005,2024,27,1
23,2301938530,2024,27,1
23,2301938705,2024,27,1
23,2301939475,2024,27,1
23,2301941435,2024,27,1
23,2301944270,2024,27,1
23,2301944340,2024,27,1
23,2301945005,2024,27,1
23,2301945670,2024,27,1
23,2301945810,2024,27,1
23,2301947560,2024,27,1
23,2301948505,2024,27,1
23,2301949065,2024,27,1
23,2301955225,2024,27,1
23,2301955565,2024,27,1
23,2301955680,2024,27,1
23,2301957045,2024,27,1
23,2301957150,2024,27,1
23,2301957937,2024,27,1
23,2301959950,2024,27,1
23,2301967160,2024,27,1
23,2301973250,2024,27,1
23,2301973600,2024,27,1
23,2301974055,2024,27,1
23,2301978780,2024,27,1
23,2301981055,2024,27,1
23,2301986305,2024,27,1
23,2301987390,2024,27,1
23,2302100100,2024,27,1
23,2302103740,2024,27,1
23,2302106400,2024,27,1
23,2302108325,2024,27,1
23,2302118195,2024,27,1
23,2302129535,2024,27,1
23,2302130095,2024,27,1
23,2302137970,2024,27,1
23,2302144830,2024,27,1
23,2302146020,2024,27,1
23,2302146580,2024,27,1
23,2302156765,2024,27,1
23,2302165865,2024,27,1
23,2302166950,2024,27,1
23,2302168140,2024,27,1
23,2302181405,2024,27,1
23,2302185710,2024,27,1
23,2302301570,2024,27,1
23,2302303355,2024,27,1
23,2302306260,2024,27,1
23,2302306365,2024,27,1
23,2302327295,2024,27,1
23,2302358515,2024,27,1
23,2302362645,2024,27,1
23,2302376960,2024,27,1
23,2302381930,2024,27,1
23,2302387460,2024,27,1
23,2302501395,2024,27,1
23,2302501885,2024,27,1
23,2302505000,2024,27,1
23,2302507380,2024,27,1
23,2302509655,2024,27,1
23,2302509935,2024,27,1
23,2302510495,2024,27,1
23,2302514555,2024,27,1
23,2302517460,2024,27,1
23,2302523410,2024,27,1
23,2302524320,2024,27,1
23,2302531355,2024,27,1
23,2302531740,2024,27,1
23,2302532895,2024,27,1
23,2302535345,2024,27,1
23,2302542660,2024,27,1
23,2302545110,2024,27,1
23,2302547140,2024,27,1
23,2302547455,2024,27,1
23,2302549205,2024,27,1
23,2302549835,2024,27,1
23,2302556520,2024,27,1
23,2302559005,2024,27,1
23,2302559705,2024,27,1
23,2302562995,2024,27,1
23,2302564850,2024,27,1
23,2302568910,2024,27,1
23,2302569155,2024,27,1
23,2302569505,2024,27,1
23,2302573845,2024,27,1
23,2302576190,2024,27,1
23,2302582840,2024,27,1
23,2302703950,2024,27,3
23,2302704125,2024,27,1
23,2302707870,2024,27,1
23,2302709270,2024,27,1
23,2302726280,2024,27,1
23,2302726420,2024,27,1
23,2302735240,2024,27,1
23,2302735450,2024,27,1
23,2302737585,2024,27,1
23,2302739055,2024,27,1
23,2302739755,2024,27,1
23,2302746475,2024,27,1
23,2302746790,2024,27,1
23,2302747245,2024,27,1
23,2302752845,2024,27,1
23,2302756450,2024,27,1
23,2302761210,2024,27,1
23,2302766565,2024,27,1
23,2302766635,2024,27,1
23,2302774475,2024,27,1
23,2302775525,2024,27,1
23,2302776610,2024,27,1
23,2302777625,2024,27,1
23,2302778255,2024,27,1
23,2302779480,2024,27,1
23,2302786760,2024,27,1
23,2302900380,2024,27,1
23,2302900660,2024,27,1
23,2302902480,2024,27,1
23,2302902970,2024,27,1
23,2302903670,2024,27,1
23,2302903810,2024,27,1
23,2302909585,2024,27,1
23,2302912175,2024,27,1
23,2302912455,2024,27,1
23,2302913750,2024,27,1
23,2302913820,2024,27,1
23,2302914100,2024,27,1
23,2302914940,2024,27,1
23,2302915920,2024,27,1
23,2302916410,2024,27,1
23,2302916865,2024,27,1
23,2302917355,2024,27,1
23,2302920960,2024,27,1
23,2302921730,2024,27,1
23,2302928660,2024,27,1
23,2302931530,2024,27,1
23,2302935905,2024,27,1
23,2302936010,2024,27,1
23,2302941610,2024,27,1
23,2302941960,2024,27,1
23,2302942100,2024,27,1
23,2302943640,2024,27,1
23,2302944760,2024,27,1
23,2302945600,2024,27,1
23,2302951375,2024,27,1
23,2302957090,2024,27,1
23,2302957780,2024,27,1
23,2302958165,2024,27,1
23,2302961035,2024,27,1
23,2302963275,2024,27,1
23,2302963940,2024,27,1
23,2302974125,2024,27,1
23,2302975770,2024,27,1
23,2302976895,2024,27,1
23,2302978675,2024,27,1
23,2302979375,2024,27,1
23,2302981685,2024,27,1
23,2302985185,2024,27,1
23,2302985290,2024,27,1
23,2303100275,2024,27,1
23,2303100730,2024,27,1
23,2303101605,2024,27,1
23,2303104720,2024,27,1
23,2303104860,2024,27,1
23,2303109410,2024,27,1
23,2303114485,2024,27,1
23,2303116725,2024,27,1
23,2303122955,2024,27,1
23,2303133665,2024,27,1
23,2303136535,2024,27,1
23,2303136745,2024,27,1
23,2303137270,2024,27,1
23,2303138425,2024,27,1
23,2303139195,2024,27,1
23,2303139405,2024,27,1
23,2303141750,2024,27,1
23,2303148750,2024,27,1
23,2303150325,2024,27,1
23,2303154980,2024,27,1
23,2303155085,2024,27,1
23,2303156870,2024,27,1
23,2303164675,2024,27,1
23,2303165760,2024,27,1
23,2303167475,2024,27,1
23,2303170030,2024,27,1
23,2303180530,2024,27,1
23,2303181475,2024,27,1
23,2303187985,2024,27,1
23,2309999901,2024,27,1
23,2309999902,2024,27,1
23,2309999904,2024,27,1
23,2309999905,2024,27,1
24,2400100000,2024,27,79
24,2400300000,2024,27,525
24,2400500000,2024,27,746
24,2400900000,2024,27,116
24,2401100000,2024,27,36
24,2401300000,2024,27,154
24,2401500000,2024,27,86
24,2401700000,2024,27,162
24,2401900000,2024,27,77
24,2402100000,2024,27,283
24,2402300000,2024,27,38
24,2402500000,2024,27,286
24,2402700000,2024,27,351
24,2402900000,2024,27,34
24,2403100000,2024,27,975
24,2403300000,2024,27,933
24,2403500000,2024,27,57
24,2403700000,2024,27,130
24,2403900000,2024,27,28
24,2404100000,2024,27,46
24,2404300000,2024,27,197
24,2404500000,2024,27,132
24,2404700000,2024,27,83
24,2451000000,2024,27,550
25,2500103600,2024,26,12
25,2500107175,2024,26,5
25,2500107980,2024,26,1
25,2500112995,2024,26,1
25,2500116775,2024,26,5
25,2500119295,2024,26,1
25,2500123105,2024,26,9
25,2500129020,2024,26,1
25,2500139100,2024,26,3
25,2500151440,2024,26,1
25,2500155500,2024,26,1
25,2500159735,2024,26,2
25,2500170605,2024,26,1
25,2500174385,2024,26,1
25,2500182525,2024,26,6
25,2500300555,2024,26,1
25,2500300975,2024,26,1
25,2500304545,2024,26,1
25,2500313345,2024,26,1
25,2500314010,2024,26,1
25,2500316180,2024,26,1
25,2500321360,2024,26,1
25,2500324120,2024,26,1
25,2500326815,2024,26,2
25,2500328180,2024,26,1
25,2500330315,2024,26,1
25,2500334340,2024,26,1
25,2500334655,2024,26,1
25,2500334970,2024,26,1
25,2500342460,2024,26,1
25,2500343300,2024,26,1
25,2500344385,2024,26,1
25,2500345420,2024,26,1
25,2500346225,2024,26,5
25,2500351580,2024,26,1
25,2500353050,2024,26,1
25,2500353960,2024,26,13
25,2500356795,2024,26,1
25,2500359665,2024,26,1
25,2500360225,2024,26,1
25,2500361065,2024,26,1
25,2500367595,2024,26,1
25,2500371095,2024,26,1
25,2500373335,2024,26,1
25,2500377990,2024,26,1
25,2500379985,2024,26,1
25,2500380685,2024,26,1
25,2500500520,2024,26,1
25,2500502690,2024,26,13
25,2500505280,2024,26,1
25,2500516425,2024,26,10
25,2500516950,2024,26,1
25,2500520100,2024,26,2
25,2500522130,2024,26,6
25,2500523000,2024,26,26
25,2500525240,2024,26,2
25,2500538225,2024,26,1
25,2500545000,2024,26,46
25,2500546575,2024,26,2
25,2500549970,2024,26,2
25,2500556060,2024,26,3
25,2500556375,2024,26,3
25,2500560645,2024,26,1
25,2500562430,2024,26,4
25,2500568750,2024,26,5
25,2500569170,2024,26,16
25,2500577570,2024,26,5
25,2500701585,2024,26,1
25,2500713800,2024,26,1
25,2500721150,2024,26,1
25,2500726325,2024,26,1
25,2500750390,2024,26,1
25,2500769940,2024,26,1
25,2500778235,2024,26,1
25,2500901185,2024,26,1
25,2500901465,2024,26,3
25,2500905595,2024,26,9
25,2500907420,2024,26,1
25,2500916250,2024,26,8
25,2500921850,2024,26,1
25,2500925625,2024,26,1
25,2500926150,2024,26,10
25,2500927620,2024,26,1
25,2500927900,2024,26,1
25,2500929405,2024,26,23
25,2500932310,2024,26,1
25,2500934550,2024,26,28
25,2500937490,2024,26,11
25,2500937560,2024,26,2
25,2500937995,2024,26,1
25,2500938400,2024,26,3
25,2500940430,2024,26,2
25,2500940710,2024,26,4
25,2500941095,2024,26,1
25,2500943580,2024,26,1
25,2500945175,2024,26,3
25,2500945245,2024,26,5
25,2500946365,2024,26,2
25,2500952490,2024,26,14
25,2500957880,2024,26,3
25,2500958405,2024,26,1
25,2500959105,2024,26,15
25,2500959245,2024,26,1
25,2500960015,2024,26,8
25,2500968645,2024,26,4
25,2500970150,2024,26,1
25,2500974595,2024,26,1
25,2500977150,2024,26,1
25,2501102095,2024,26,1
25,2501105560,2024,26,1
25,2501109595,2024,26,1
25,2501112505,2024,26,1
25,2501114885,2024,26,1
25,2501115200,2024,26,1
25,2501116670,2024,26,1
25,2501121780,2024,26,1
25,2501125730,2024,26,1
25,2501127025,2024,26,3
25,2501129475,2024,26,1
25,2501129650,2024,26,1
25,2501135180,2024,26,1
25,2501135285,2024,26,1
25,2501142040,2024,26,1
25,2501142285,2024,26,5
25,2501145490,2024,26,1
25,2501147835,2024,26,1
25,2501151265,2024,26,1
25,2501158335,2024,26,1
25,2501161135,2024,26,1
25,2501161905,2024,26,1
25,2501168400,2024,26,1
25,2501173265,2024,26,1
25,2501174525,2024,26,1
25,2501179110,2024,26,1
25,2501300765,2024,26,8
25,2501306085,2024,26,1
25,2501308470,2024,26,1
25,2501313485,2024,26,1
25,2501313660,2024,26,16
25,2501319645,2024,26,1
25,2501326675,2024,26,1
25,2501328075,2024,26,1
25,2501330665,2024,26,4
25,2501330840,2024,26,14
25,2501336300,2024,26,1
25,2501337175,2024,26,6
25,2501342145,2024,26,1
25,2501342530,2024,26,1
25,2501352105,2024,26,2
25,2501358650,2024,26,1
25,2501365825,2024,26,1
25,2501367000,2024,26,60
25,2501370045,2024,26,1
25,2501372390,2024,26,1
25,2501376030,2024,26,10
25,2501377850,2024,26,7
25,2501379740,2024,26,2
25,2501501325,2024,26,11
25,2501504825,2024,26,1
25,2501513590,2024,26,1
25,2501516040,2024,26,1
25,2501519330,2024,26,2
25,2501526290,2024,26,1
25,2501526535,2024,26,1
25,2501527690,2024,26,1
25,2501529265,2024,26,1
25,2501531785,2024,26,1
25,2501540990,2024,26,1
25,2501546330,2024,26,8
25,2501552560,2024,26,1
25,2501554030,2024,26,1
25,2501562745,2024,26,1
25,2501564145,2024,26,5
25,2501572880,2024,26,1
25,2501576380,2024,26,1
25,2501579915,2024,26,1
25,2501582175,2024,26,1
25,2501700380,2024,26,3
25,2501701605,2024,26,11
25,2501701955,2024,26,1
25,2501702130,2024,26,2
25,2501703005,2024,26,1
25,2501704615,2024,26,1
25,2501705070,2024,26,8
25,2501705805,2024,26,6
25,2501707350,2024,26,1
25,2501709840,2024,26,3
25,2501711000,2024,26,33
25,2501711525,2024,26,1
25,2501713135,2024,26,3
25,2501715060,2024,26,4
25,2501717475,2024,26,5
25,2501717825,2024,26,1
25,2501721990,2024,26,12
25,2501724925,2024,26,10
25,2501727480,2024,26,2
25,2501730700,2024,26,1
25,2501731085,2024,26,1
25,2501731540,2024,26,1
25,2501735215,2024,26,9
25,2501735425,2024,26,1
25,2501735950,2024,26,2
25,2501737000,2024,26,20
25,2501737875,2024,26,18
25,2501738715,2024,26,14
25,2501739625,2024,26,4
25,2501739835,2024,26,24
25,2501740115,2024,26,9
25,2501743895,2024,26,7
25,2501745560,2024,26,32
25,2501748955,2024,26,3
25,2501752805,2024,26,1
25,2501756130,2024,26,2
25,2501761380,2024,26,1
25,2501761590,2024,26,1
25,2501762535,2024,26,24
25,2501767665,2024,26,2
25,2501768050,2024,26,1
25,2501768260,2024,26,3
25,2501769415,2024,26,5
25,2501770360,2024,26,1
25,2501771025,2024,26,2
25,2501772215,2024,26,5
25,2501772600,2024,26,18
25,2501773440,2024,26,9
25,2501773790,2024,26,2
25,2501776135,2024,26,4
25,2501777255,2024,26,4
25,2501780230,2024,26,3
25,2501780510,2024,26,1
25,2501781035,2024,26,10
25,2501943790,2024,26,1
25,2502102935,2024,26,1
25,2502104930,2024,26,4
25,2502107665,2024,26,7
25,2502109175,2024,26,20
25,2502111315,2024,26,4
25,2502114640,2024,26,1
25,2502116495,2024,26,5
25,2502117405,2024,26,1
25,2502124820,2024,26,1
25,2502125100,2024,26,1
25,2502130455,2024,26,2
25,2502139765,2024,26,1
25,2502139975,2024,26,1
25,2502141515,2024,26,1
25,2502141690,2024,26,11
25,2502144105,2024,26,7
25,2502146050,2024,26,1
25,2502150250,2024,26,6
25,2502154100,2024,26,2
25,2502155745,2024,26,25
25,2502155955,2024,26,7
25,2502160785,2024,26,1
25,2502167945,2024,26,7
25,2502172495,2024,26,3
25,2502174175,2024,26,8
25,2502178690,2024,26,4
25,2502178865,2024,26,14
25,2502182315,2024,26,1
25,2502300170,2024,26,1
25,2502308085,2024,26,1
25,2502309000,2024,26,30
25,2502311665,2024,26,1
25,2502317895,2024,26,1
25,2502318455,2024,26,1
25,2502327795,2024,26,1
25,2502328285,2024,26,1
25,2502328495,2024,26,1
25,2502330210,2024,26,3
25,2502331645,2024,26,1
25,2502333220,2024,26,1
25,2502333920,2024,26,2
25,2502338540,2024,26,1
25,2502338855,2024,26,1
25,2502339450,2024,26,1
25,2502340850,2024,26,4
25,2502350145,2024,26,1
25,2502352630,2024,26,4
25,2502354310,2024,26,16
25,2502354415,2024,26,1
25,2502357600,2024,26,1
25,2502357775,2024,26,2
25,2502360330,2024,26,2
25,2502372985,2024,26,6
25,2502375260,2024,26,1
25,2502379530,2024,26,1
25,2502507000,2024,26,254
25,2502513205,2024,26,3
25,2502556585,2024,26,16
25,2502580930,2024,26,3
25,2502701885,2024,26,1
25,2502702480,2024,26,3
25,2502702760,2024,26,1
25,2502703740,2024,26,2
25,2502705490,2024,26,1
25,2502706015,2024,26,3
25,2502706365,2024,26,1
25,2502707525,2024,26,1
25,2502709105,2024,26,1
25,2502712715,2024,26,1
25,2502714395,2024,26,1
25,2502717300,2024,26,1
25,2502717685,2024,26,1
25,2502718560,2024,26,1
25,2502723875,2024,26,7
25,2502725485,2024,26,7
25,2502726430,2024,26,3
25,2502728740,2024,26,1
25,2502728950,2024,26,2
25,2502730560,2024,26,1
25,2502730945,2024,26,1
25,2502731435,2024,26,1
25,2502734165,2024,26,2
25,2502734795,2024,26,1
25,2502735075,2024,26,8
25,2502737420,2024,26,1
25,2502740255,2024,26,1
25,2502741165,2024,26,4
25,2502741340,2024,26,1
25,2502741585,2024,26,1
25,2502745105,2024,26,1
25,2502746820,2024,26,3
25,2502746925,2024,26,1
25,2502747135,2024,26,1
25,2502750670,2024,26,1
25,2502751825,2024,26,3
25,2502752420,2024,26,1
25,2502753120,2024,26,1
25,2502753225,2024,26,1
25,2502755395,2024,26,1
25,2502758580,2024,26,2
25,2502758825,2024,26,2
25,2502761800,2024,26,9
25,2502763165,2024,26,3
25,2502763270,2024,26,3
25,2502766105,2024,26,2
25,2502767385,2024,26,1
25,2502768155,2024,26,1
25,2502768610,2024,26,3
25,2502769275,2024,26,1
25,2502771480,2024,26,1
25,2502771620,2024,26,1
25,2502773090,2024,26,2
25,2502773895,2024,26,1
25,2502775015,2024,26,2
25,2502775155,2024,26,1
25,2502775400,2024,26,1
25,2502777010,2024,26,1
25,2502780405,2024,26,1
25,2502782000,2024,26,50
26,2600100000,2024,19,12
26,2600300000,2024,19,9
26,2600500000,2024,19,45
26,2600700000,2024,19,17
26,2600900000,2024,19,16
26,2601100000,2024,19,15
26,2601300000,2024,19,6
26,2601500000,2024,19,24
26,2601700000,2024,27,40
26,2601900000,2024,19,13
26,2602100000,2024,19,58
26,2602300000,2024,19,21
26,2602500000,2024,19,56
26,2602700000,2024,19,21
26,2602900000,2024,19,20
26,2603100000,2024,19,22
26,2603300000,2024,19,19
26,2603500000,2024,19,19
26,2603700000,2024,48,33
26,2603900000,2024,19,9
26,2604100000,2024,19,22
26,2604300000,2024,19,15
26,2604500000,2024,48,44
26,2604700000,2024,27,22
26,2604900000,2024,48,156
26,2605100000,2024,19,17
26,2605300000,2024,19,10
26,2605500000,2024,27,39
26,2605700000,2024,19,21
26,2605900000,2024,48,26
26,2606100000,2024,19,29
26,2606300000,2024,19,31
26,2606500000,2024,19,103
26,2606700000,2024,48,27
26,2606900000,2024,19,18
26,2607100000,2024,19,12
26,2607300000,2024,19,23
26,2607500000,2024,19,59
26,2607700000,2024,27,105
26,2607900000,2024,19,13
26,2608100000,2024,19,240
26,2608300000,2024,19,5
26,2608500000,2024,19,15
26,2608700000,2024,19,33
26,2608900000,2024,19,13
26,2609100000,2024,19,41
26,2609300000,2024,48,73
26,2609500000,2024,19,4
26,2609700000,2024,19,14
26,2609900000,2024,27,308
26,2610100000,2024,19,16
26,2610300000,2024,19,29
26,2610500000,2024,27,24
26,2610700000,2024,19,20
26,2610900000,2024,19,19
26,2611100000,2024,19,34
26,2611300000,2024,19,17
26,2611500000,2024,19,63
26,2611700000,2024,48,27
26,2611900000,2024,19,9
26,2612100000,2024,48,53
26,2612300000,2024,19,29
26,2612500000,2024,48,497
26,2612700000,2024,19,17
26,2612900000,2024,19,17
26,2613100000,2024,19,11
26,2613300000,2024,19,18
26,2613500000,2024,19,7
26,2613700000,2024,19,13
26,2613900000,2024,48,101
26,2614100000,2024,19,16
26,2614300000,2024,27,13
26,2614500000,2024,19,76
26,2614700000,2024,19,63
26,2614900000,2024,19,23
26,2615100000,2024,19,30
26,2615300000,2024,19,9
26,2615500000,2024,19,31
26,2615700000,2024,19,26
26,2615900000,2024,19,32
26,2616100000,2024,48,120
26,2616300000,2024,19,847
26,2616500000,2024,19,20
27,2700100000,2024,23,19
27,2700300000,2024,15,129
27,2700500000,2024,15,47
27,2700700000,2024,26,30
27,2700900000,2024,15,25
27,2701100000,2024,48,5
27,2701300000,2024,27,33
27,2701500000,2024,15,9
27,2701700000,2024,15,27
27,2701900000,2024,15,33
27,2702100000,2024,15,27
27,2702300000,2024,15,9
27,2702500000,2024,48,25
27,2702700000,2024,15,30
27,2702900000,2024,27,14
27,2703100000,2024,15,4
27,2703300000,2024,26,12
27,2703500000,2024,23,28
27,2703700000,2024,23,139
27,2703900000,2024,27,25
27,2704100000,2024,15,29
27,2704300000,2024,26,20
27,2704500000,2024,15,19
27,2704700000,2024,27,29
27,2704900000,2024,15,37
27,2705100000,2024,26,2
27,2705300000,2024,15,525
27,2705500000,2024,26,11
27,2705700000,2024,15,24
27,2705900000,2024,15,20
27,2706100000,2024,15,26
27,2706300000,2024,15,15
27,2706500000,2024,15,21
27,2706700000,2024,15,4
27,2706700000,2024,26,32
27,2706900000,2024,26,3
27,2707100000,2024,26,6
27,2707300000,2024,15,6
27,2707500000,2024,15,13
27,2707700000,2024,15,2
27,2707900000,2024,15,19
27,2708100000,2024,15,8
27,2708300000,2024,26,8
27,2708500000,2024,15,22
27,2708700000,2024,23,5
27,2708900000,2024,26,3
27,2709100000,2024,15,22
27,2709300000,2024,15,14
27,2709500000,2024,15,22
27,2709700000,2024,15,28
27,2709900000,2024,15,23
27,2710100000,2024,26,31
27,2710300000,2024,15,15
27,2710500000,2024,15,17
27,2710700000,2024,27,10
27,2710900000,2024,26,88
27,2711100000,2024,26,82
27,2711300000,2024,15,18
27,2711500000,2024,15,33
27,2711700000,2024,15,5
27,2711900000,2024,15,27
27,2712100000,2024,26,14
27,2712300000,2024,48,155
27,2712300000,2024,15,1
27,2712500000,2024,26,6
27,2712700000,2024,15,17
27,2712900000,2024,26,28
27,2713100000,2024,15,32
27,2713300000,2024,15,3
27,2713500000,2024,15,5
27,2713700000,2024,15,158
27,2713900000,2024,23,61
27,2714100000,2024,23,35
27,2714300000,2024,15,15
27,2714500000,2024,15,76
27,2714500000,2024,27,9
27,2714700000,2024,26,26
27,2714900000,2024,15,5
27,2715100000,2024,15,6
27,2715300000,2024,15,37
27,2715500000,2024,26,5
27,2715700000,2024,15,23
27,2715900000,2024,26,15
27,2716100000,2024,15,17
27,2716300000,2024,15,95
27,2716300000,2024,48,1
27,2716500000,2024,15,4
27,2716700000,2024,15,8
27,2716900000,2024,26,37
27,2717100000,2024,15,47
27,2717300000,2024,15,8
29,2900100000,2024,19,9
29,2900500000,2024,83,5
29,2900700000,2024,82,16
29,2900900000,2024,82,15
29,2901100000,2024,83,8
29,2901300000,2024,82,8
29,2901500000,2024,82,7
29,2901700000,2024,82,9
29,2901900000,2024,27,68
29,2902300000,2024,19,25
29,2902700000,2024,82,20
29,2902900000,2024,82,20
29,2903100000,2024,82,28
29,2903300000,2024,82,13
29,2903700000,2024,82,26
29,2903900000,2024,82,5
29,2904100000,2024,83,11
29,2904300000,2024,82,28
29,2904500000,2024,82,6
29,2904700000,2024,27,90
29,2905100000,2024,82,29
29,2905300000,2024,27,11
29,2905500000,2024,19,1
29,2905700000,2024,82,5
29,2905900000,2024,82,11
29,2906100000,2024,82,7
29,2906300000,2024,83,7
29,2906500000,2024,83,8
29,2906700000,2024,82,13
29,2906900000,2024,83,10
29,2907100000,2024,82,39
29,2907300000,2024,19,1
29,2907500000,2024,83,4
29,2907700000,2024,27,122
29,2907900000,2024,19,1
29,2908100000,2024,19,7
29,2908300000,2024,82,9
29,2908500000,2024,82,7
29,2908700000,2024,83,4
29,2908900000,2024,82,9
29,2909100000,2024,83,20
29,2909300000,2024,82,9
29,2909500000,2024,82,103
29,2909700000,2024,19,48
29,2909900000,2024,82,56
29,2910100000,2024,27,27
29,2910300000,2024,82,6
29,2910500000,2024,27,60
29,2910700000,2024,19,1
29,2910900000,2024,82,19
29,2911100000,2024,83,8
29,2911300000,2024,27,50
29,2911500000,2024,82,10
29,2911700000,2024,19,12
29,2911900000,2024,19,13
29,2912100000,2024,27,10
29,2912300000,2024,82,2
29,2912500000,2024,19,1
29,2912700000,2024,82,16
29,2912900000,2024,19,1
29,2913100000,2024,82,12
29,2913300000,2024,82,6
29,2913500000,2024,82,11
29,2913700000,2024,82,8
29,2913900000,2024,19,11
29,2914100000,2024,82,10
29,2914300000,2024,82,13
29,2914500000,2024,19,26
29,2914700000,2024,19,18
29,2914900000,2024,82,7
29,2915100000,2024,19,13
29,2915300000,2024,82,10
29,2915500000,2024,19,2
29,2915700000,2024,83,14
29,2915900000,2024,27,12
29,2916100000,2024,19,1
29,2916300000,2024,19,12
29,2916500000,2024,83,29
29,2916500000,2024,82,4
29,2916700000,2024,19,12
29,2916900000,2024,82,10
29,2917100000,2024,83,8
29,2917300000,2024,82,7
29,2917500000,2024,83,15
29,2917700000,2024,83,9
29,2917900000,2024,83,13
29,2918100000,2024,82,6
29,2918300000,2024,82,130
29,2918500000,2024,27,9
29,2918600000,2024,82,12
29,2918700000,2024,83,22
29,2918900000,2024,48,230
29,2919500000,2024,19,1
29,2919700000,2024,83,4
29,2919900000,2024,83,1
29,2920100000,2024,83,20
29,2920300000,2024,82,7
29,2920500000,2024,82,6
29,2920700000,2024,83,9
29,2920900000,2024,82,19
29,2921100000,2024,27,4
29,2921300000,2024,83,22
29,2921500000,2024,83,10
29,2921700000,2024,27,13
29,2921900000,2024,19,13
29,2922100000,2024,82,13
29,2922300000,2024,82,10
29,2922500000,2024,82,16
29,2922900000,2024,19,2
29,2938000000,2024,27,156
29,2951000000,2024,48,67
30,3000100000,2024,27,9
30,3000300000,2024,27,10
30,3000500000,2024,27,7
30,3000700000,2024,27,4
30,3000900000,2024,27,8
30,3001100000,2024,27,5
30,3001300000,2024,27,5
30,3001500000,2024,27,8
30,3001700000,2024,27,12
30,3001900000,2024,27,5
30,3002100000,2024,27,3
30,3002300000,2024,27,4
30,3002500000,2024,27,2
30,3002700000,2024,27,9
30,3002900000,2024,27,17
30,3003100000,2024,27,17
30,3003300000,2024,27,4
30,3003500000,2024,27,7
30,3003700000,2024,27,2
30,3003900000,2024,27,4
30,3004100000,2024,27,5
30,3004300000,2024,27,8
30,3004500000,2024,27,8
30,3004700000,2024,27,12
30,3004900000,2024,27,18
30,3005100000,2024,27,3
30,3005300000,2024,27,4
30,3005500000,2024,27,4
30,3005700000,2024,27,10
30,3005900000,2024,27,2
30,3006100000,2024,27,5
30,3006300000,2024,27,21
30,3006500000,2024,27,3
30,3006700000,2024,27,4
30,3006900000,2024,27,1
30,3007100000,2024,27,2
30,3007300000,2024,27,5
30,3007500000,2024,27,4
30,3007700000,2024,27,6
30,3007900000,2024,27,3
30,3008100000,2024,27,10
30,3008300000,2024,27,9
30,3008500000,2024,27,11
30,3008700000,2024,27,7
30,3008900000,2024,27,7
30,3009100000,2024,27,4
30,3009300000,2024,27,6
30,3009500000,2024,27,10
30,3009700000,2024,27,2
30,3009900000,2024,27,6
30,3010100000,2024,27,5
30,3010300000,2024,27,2
30,3010500000,2024,27,1
30,3010700000,2024,27,4
30,3010900000,2024,27,1
30,3011100000,2024,27,12
31,3100100000,2024,27,23
31,3100300000,2024,27,9
31,3100500000,2024,27,2
31,3100700000,2024,27,2
31,3100900000,2024,27,2
31,3101100000,2024,27,1
31,3101300000,2024,27,9
31,3101500000,2024,27,4
31,3101700000,2024,27,4
31,3101900000,2024,27,29
31,3102100000,2024,27,12
31,3102300000,2024,27,12
31,3102500000,2024,27,31
31,3102700000,2024,27,1
31,3102900000,2024,27,6
31,3103100000,2024,27,1
31,3103300000,2024,27,10
31,3103500000,2024,27,1
31,3103700000,2024,27,6
31,3103900000,2024,27,6
31,3104100000,2024,27,19
31,3104300000,2024,27,13
31,3104500000,2024,27,1
31,3104700000,2024,27,21
31,3104900000,2024,27,4
31,3105100000,2024,27,1
31,3105300000,2024,27,33
31,3105500000,2024,27,234
31,3105700000,2024,27,5
31,3105900000,2024,27,8
31,3106100000,2024,27,5
31,3106300000,2024,27,6
31,3106500000,2024,27,9
31,3106700000,2024,27,11
31,3106900000,2024,27,1
31,3107100000,2024,27,3
31,3107300000,2024,27,4
31,3107500000,2024,27,2
31,3107700000,2024,27,5
31,3107900000,2024,27,25
31,3108100000,2024,27,6
31,3108300000,2024,27,2
31,3108500000,2024,27,4
31,3108700000,2024,27,5
31,3108900000,2024,27,14
31,3109100000,2024,27,2
31,3109300000,2024,27,9
31,3109500000,2024,27,11
31,3109700000,2024,27,7
31,3109900000,2024,27,10
31,3110100000,2024,27,10
31,3110300000,2024,27,4
31,3110500000,2024,27,6
31,3110700000,2024,27,1
31,3110900000,2024,27,199
31,3111100000,2024,27,25
31,3111300000,2024,27,2
31,3111500000,2024,27,2
31,3111700000,2024,27,2
31,3111900000,2024,27,20
31,3112100000,2024,27,1
31,3112300000,2024,27,1
31,3112500000,2024,27,5
31,3112700000,2024,27,10
31,3112900000,2024,27,5
31,3113100000,2024,27,11
31,3113300000,2024,27,6
31,3113500000,2024,27,3
31,3113700000,2024,27,8
31,3113900000,2024,27,6
31,3114100000,2024,27,28
31,3114300000,2024,27,9
31,3114500000,2024,27,14
31,3114700000,2024,27,12
31,3114900000,2024,27,2
31,3115100000,2024,27,10
31,3115300000,2024,27,82
31,3115500000,2024,27,20
31,3115700000,2024,27,30
31,3115900000,2024,27,17
31,3116100000,2024,27,9
31,3116300000,2024,27,7
31,3116500000,2024,27,3
31,3116700000,2024,27,1
31,3116900000,2024,27,3
31,3117100000,2024,27,2
31,3117300000,2024,27,7
31,3117500000,2024,27,8
31,3117700000,2024,27,16
31,3117900000,2024,27,5
31,3118100000,2024,27,6
31,3118300000,2024,27,2
31,3118500000,2024,27,13
32,3200900000,2024,19,2
32,3201100000,2024,19,8
32,3201500000,2024,27,20
32,3202100000,2024,19,12
32,3203300000,2024,19,19
32,3251000000,2024,27,60
34,3400100000,2024,28,490
34,3400300000,2024,19,1295
34,3400500000,2024,19,443
34,3400700000,2024,28,178
34,3400900000,2024,28,138
34,3401100000,2024,19,200
34,3401300000,2024,19,822
34,3401500000,2024,28,450
34,3401700000,2024,28,789
34,3401900000,2024,28,170
34,3402100000,2024,19,275
34,3402300000,2024,28,707
34,3402500000,2024,28,990
34,3402700000,2024,28,851
34,3402900000,2024,28,1029
34,3403100000,2024,28,694
34,3403300000,2024,19,167
34,3403500000,2024,28,318
34,3403700000,2024,27,347
34,3403900000,2024,28,572
34,3404100000,2024,28,236
36,3600100000,2024,26,160
36,3600300000,2024,48,30
36,3600500000,2024,26,192
36,3600700000,2024,5,79
36,3600900000,2024,23,55
36,3601100000,2024,5,28
36,3601300000,2024,23,82
36,3601500000,2024,23,47
36,3601700000,2024,5,22
36,3601900000,2024,23,59
36,3602100000,2024,23,38
36,3602300000,2024,23,29
36,3602500000,2024,5,29
36,3602700000,2024,23,114
36,3602900000,2024,26,302
36,3603100000,2024,23,25
36,3603300000,2024,23,21
36,3603500000,2024,23,26
36,3603700000,2024,23,24
36,3603900000,2024,23,25
36,3604100000,2024,18,11
36,3604300000,2024,48,27
36,3604500000,2024,5,38
36,3604700000,2024,26,403
36,3604900000,2024,23,28
36,3605100000,2024,23,47
36,3605300000,2024,23,46
36,3605500000,2024,23,215
36,3605700000,2024,5,20
36,3605900000,2024,26,349
36,3606100000,2024,26,263
36,3606300000,2024,23,69
36,3606500000,2024,23,161
36,3606700000,2024,5,145
36,3606900000,2024,23,54
36,3607100000,2024,23,133
36,3607300000,2024,5,11
36,3607500000,2024,5,35
36,3607700000,2024,48,29
36,3607900000,2024,23,46
36,3608100000,2024,26,292
36,3608300000,2024,5,74
36,3608500000,2024,26,77
36,3608700000,2024,26,70
36,3608900000,2024,23,46
36,3609100000,2024,5,100
36,3609300000,2024,26,53
36,3609500000,2024,23,20
36,3609700000,2024,18,13
36,3609900000,2024,23,22
36,3610100000,2024,5,45
36,3610300000,2024,23,324
36,3610500000,2024,23,57
36,3610700000,2024,23,28
36,3610900000,2024,5,34
36,3611100000,2024,48,81
36,3611300000,2024,5,21
36,3611500000,2024,48,24
36,3611700000,2024,23,53
36,3611900000,2024,23,397
36,3612100000,2024,23,23
36,3612300000,2024,48,11
37,3700100000,2024,27,90
37,3700300000,2024,26,12
37,3700500000,2024,27,5
37,3700700000,2024,26,12
37,3700900000,2024,27,18
37,3701100000,2024,26,20
37,3701300000,2024,27,26
37,3701500000,2024,26,13
37,3701700000,2024,26,19
37,3701900000,2024,48,33
37,3702100000,2024,27,158
37,3702300000,2024,27,37
37,3702500000,2024,27,44
37,3702700000,2024,27,20
37,3702900000,2024,26,3
37,3703100000,2024,27,30
37,3703300000,2024,48,12
37,3703500000,2024,27,114
37,3703700000,2024,48,24
37,3703900000,2024,27,67
37,3704100000,2024,48,6
37,3704300000,2024,26,10
37,3704500000,2024,27,32
37,3704700000,2024,27,26
37,3704900000,2024,27,26
37,3705100000,2024,27,80
37,3705300000,2024,27,13
37,3705500000,2024,26,19
37,3705700000,2024,27,410
37,3705900000,2024,27,121
37,3706100000,2024,27,21
37,3706300000,2024,27,70
37,3706500000,2024,27,24
37,3706700000,2024,27,130
37,3706900000,2024,26,24
37,3707100000,2024,27,51
37,3707300000,2024,27,8
37,3707500000,2024,27,5
37,3707700000,2024,27,19
37,3707900000,2024,26,11
37,3708100000,2024,26,193
37,3708300000,2024,26,20
37,3708500000,2024,27,20
37,3708700000,2024,27,55
37,3708900000,2024,27,95
37,3709100000,2024,27,16
37,3709300000,2024,27,17
37,3709500000,2024,26,8
37,3709700000,2024,27,35
37,3709900000,2024,27,88
37,3710100000,2024,27,45
37,3710300000,2024,26,8
37,3710500000,2024,27,12
37,3710700000,2024,27,28
37,3710900000,2024,27,30
37,3711100000,2024,27,19
37,3711300000,2024,48,15
37,3711500000,2024,27,14
37,3711700000,2024,26,10
37,3711900000,2024,27,2400
37,3712100000,2024,27,11
37,3712300000,2024,27,14
37,3712500000,2024,27,26
37,3712700000,2024,27,27
37,3712900000,2024,27,46
37,3713100000,2024,26,13
37,3713300000,2024,48,29
37,3713500000,2024,26,43
37,3713700000,2024,26,6
37,3713900000,2024,27,14
37,3714100000,2024,27,18
37,3714300000,2024,27,39
37,3714500000,2024,27,12
37,3714700000,2024,26,47
37,3714900000,2024,27,10
37,3715100000,2024,27,27
37,3715300000,2024,27,17
37,3715500000,2024,26,45
37,3715700000,2024,27,22
37,3715900000,2024,27,42
37,3716100000,2024,27,20
37,3716300000,2024,26,18
37,3716500000,2024,27,8
37,3716700000,2024,27,29
37,3716900000,2024,26,18
37,3717100000,2024,27,26
37,3717300000,2024,27,7
37,3717500000,2024,27,36
37,3717700000,2024,26,6
37,3717900000,2024,48,63
37,3718100000,2024,27,14
37,3718300000,2024,27,253
37,3718500000,2024,27,50
37,3718700000,2024,27,9
37,3718900000,2024,26,26
37,3719100000,2024,27,32
37,3719300000,2024,27,29
37,3719500000,2024,27,24
37,3719700000,2024,27,13
37,3719900000,2024,27,12
38,3800100000,2024,27,2
38,3800300000,2024,27,2
38,3800500000,2024,27,6
38,3800700000,2024,27,3
38,3800900000,2024,27,4
38,3801100000,2024,27,7
38,3801300000,2024,27,2
38,3801500000,2024,27,50
38,3801700000,2024,27,75
38,3801900000,2024,27,2
38,3802100000,2024,27,4
38,3802300000,2024,27,3
38,3802500000,2024,27,7
38,3802700000,2024,27,2
38,3802900000,2024,27,5
38,3803100000,2024,27,3
38,3803300000,2024,27,2
38,3803500000,2024,27,40
38,3803700000,2024,27,4
38,3803900000,2024,27,2
38,3804100000,2024,27,6
38,3804300000,2024,27,2
38,3804500000,2024,27,4
38,3804700000,2024,27,3
38,3804900000,2024,27,3
38,3805100000,2024,27,3
38,3805300000,2024,27,7
38,3805500000,2024,27,11
38,3805700000,2024,27,4
38,3805900000,2024,27,18
38,3806100000,2024,27,11
38,3806300000,2024,27,3
38,3806500000,2024,27,3
38,3806700000,2024,27,2
38,3806900000,2024,27,3
38,3807100000,2024,27,4
38,3807300000,2024,27,4
38,3807500000,2024,27,2
38,3807700000,2024,27,14
38,3807900000,2024,27,8
38,3808100000,2024,27,3
38,3808300000,2024,27,3
38,3808500000,2024,27,4
38,3808700000,2024,27,4
38,3808900000,2024,27,8
38,3809100000,2024,27,2
38,3809300000,2024,27,6
38,3809500000,2024,27,2
38,3809700000,2024,27,4
38,3809900000,2024,27,2
38,3810100000,2024,27,32
38,3810300000,2024,27,5
38,3810500000,2024,27,14
39,3900300000,2024,27,33
39,3900500000,2024,82,36
39,3900700000,2024,27,49
39,3900900000,2024,27,28
39,3901100000,2024,27,12
39,3901500000,2024,82,168
39,3901900000,2024,4,14
39,3902100000,2024,4,10
39,3902300000,2024,4,45
39,3902500000,2024,27,52
39,3902700000,2024,4,13
39,3902900000,2024,27,53
39,3903100000,2024,27,82
39,3903300000,2024,27,128
39,3903500000,2024,4,289
39,3903700000,2024,27,132
39,3903900000,2024,82,162
39,3904100000,2024,82,914
39,3904300000,2024,27,35
39,3904900000,2024,27,3304
39,3904900000,2024,27,353
39,3905100000,2024,82,151
39,3905500000,2024,27,30
39,3905900000,2024,23,40
39,3906100000,2024,48,300
39,3906900000,2024,27,118
39,3907300000,2024,4,10
39,3907500000,2024,82,15
39,3907900000,2024,4,5
39,3908300000,2024,27,31
39,3908500000,2024,27,650
39,3908700000,2024,27,127
39,3908900000,2024,27,384
39,3909100000,2024,27,10
39,3909300000,2024,27,1043
39,3909500000,2024,27,906
39,3909900000,2024,27,100
39,3910100000,2024,82,132
39,3910300000,2024,27,699
39,3910500000,2024,83,30
39,3910700000,2024,27,140
39,3910900000,2024,4,18
39,3911100000,2024,27,50
39,3911300000,2024,27,816
39,3911500000,2024,28,11
39,3911700000,2024,27,113
39,3912100000,2024,27,6
39,3912300000,2024,27,85
39,3912900000,2024,27,132
39,3913100000,2024,4,5
39,3913300000,2024,27,51
39,3913500000,2024,27,73
39,3913700000,2024,27,12
39,3914100000,2024,27,195
39,3914300000,2024,26,21
39,3914700000,2024,27,174
39,3914900000,2024,27,20
39,3915300000,2024,4,159
39,3915500000,2024,27,52
39,3915700000,2024,27,39
39,3915900000,2024,82,232
39,3916100000,2024,27,110
39,3916300000,2024,27,39
39,3916700000,2024,82,115
39,3917100000,2024,48,13
39,3917500000,2024,27,66
42,4200300000,2024,27,1327
42,4200500000,2024,19,62
42,4200700000,2024,27,129
42,4200900000,2024,19,40
42,4201100000,2024,27,800
42,4201300000,2024,27,93
42,4201500000,2024,82,185
42,4201700000,2024,4,304
42,4201900000,2024,27,96
42,4202100000,2024,27,125
42,4202300000,2024,27,15
42,4202500000,2024,19,51
42,4202700000,2024,27,90
42,4202900000,2024,27,230
42,4203100000,2024,19,40
42,4203300000,2024,27,70
42,4203500000,2024,27,34
42,4203700000,2024,82,155
42,4203900000,2024,19,181
42,4204100000,2024,28,430
42,4204500000,2024,48,429
42,4204700000,2024,27,108
42,4204900000,2024,19,181
42,4205100000,2024,19,77
42,4205300000,2024,27,19
42,4205500000,2024,27,73
42,4205700000,2024,48,12
42,4205900000,2024,27,92
42,4206100000,2024,27,58
42,4206300000,2024,27,69
42,4206500000,2024,19,37
42,4206700000,2024,27,18
42,4206900000,2024,27,102
42,4207300000,2024,27,75
42,4207500000,2024,27,60
42,4207900000,2024,19,710
42,4208100000,2024,4,81
42,4208300000,2024,27,97
42,4208500000,2024,27,91
42,4208700000,2024,27,26
42,4208900000,2024,4,55
42,4209300000,2024,27,15
42,4209900000,2024,4,31
42,4210100000,2024,28,3671
42,4210300000,2024,19,17
42,4210500000,2024,27,64
42,4210700000,2024,27,125
42,4210900000,2024,27,25
42,4211100000,2024,27,66
42,4211300000,2024,4,15
42,4211500000,2024,82,119
42,4211700000,2024,27,53
42,4211900000,2024,82,93
42,4212100000,2024,27,44
42,4212300000,2024,19,79
42,4212500000,2024,27,605
42,4212700000,2024,4,35
42,4212900000,2024,27,899
42,4213300000,2024,19,161
44,4400105140,2024,27,8
44,4400109280,2024,27,10
44,4400173760,2024,27,6
44,4400318640,2024,27,19
44,4400322240,2024,27,7
44,4400374300,2024,27,37
44,4400377720,2024,27,6
44,4400378440,2024,27,12
44,4400536820,2024,27,4
44,4400542400,2024,27,3
44,4400545460,2024,27,7
44,4400549960,2024,27,11
44,4400557880,2024,27,9
44,4400570880,2024,27,9
44,4400711800,2024,27,8
44,4400714140,2024,27,9
44,4400719180,2024,27,28
44,4400720080,2024,27,16
44,4400722960,2024,27,20
44,4400727460,2024,27,4
44,4400730340,2024,27,7
44,4400737720,2024,27,14
44,4400741500,2024,27,13
44,4400751760,2024,27,15
44,4400752480,2024,27,7
44,4400754640,2024,27,30
44,4400759000,2024,27,85
44,4400764220,2024,27,5
44,4400766200,2024,27,8
44,4400780780,2024,27,14
44,4400914500,2024,27,6
44,4400925300,2024,27,5
44,4400935380,2024,27,5
44,4400948340,2024,27,6
44,4400950500,2024,27,3
44,4400951580,2024,27,12
44,4400961160,2024,27,5
44,4400967460,2024,27,13
44,4400977000,2024,27,9
45,4500100000,2024,27,64
45,4500300000,2024,27,528
45,4500500000,2024,27,27
45,4500700000,2024,27,539
45,4500900000,2024,27,57
45,4501100000,2024,27,73
45,4501300000,2024,27,689
45,4501500000,2024,27,582
45,4501700000,2024,27,68
45,4501900000,2024,27,1400
45,4502100000,2024,27,156
45,4502300000,2024,27,102
45,4502500000,2024,27,115
45,4502700000,2024,27,110
45,4502900000,2024,27,117
45,4503100000,2024,27,197
45,4503300000,2024,27,87
45,4503500000,2024,27,442
45,4503700000,2024,27,77
45,4503900000,2024,27,82
45,4504100000,2024,27,390
45,4504300000,2024,27,194
45,4504500000,2024,27,1573
45,4504700000,2024,27,238
45,4504900000,2024,27,75
45,4505100000,2024,27,1078
45,4505300000,2024,27,109
45,4505500000,2024,27,212
45,4505700000,2024,27,330
45,4505900000,2024,27,189
45,4506100000,2024,27,60
45,4506300000,2024,27,870
45,4506500000,2024,27,40
45,4506700000,2024,27,93
45,4506900000,2024,27,81
45,4507100000,2024,27,103
45,4507300000,2024,27,226
45,4507500000,2024,27,262
45,4507700000,2024,27,315
45,4507900000,2024,27,1387
45,4508100000,2024,27,65
45,4508300000,2024,27,804
45,4508500000,2024,27,351
45,4508700000,2024,27,89
45,4508900000,2024,27,113
45,4509100000,2024,27,900
46,4600300000,2024,27,3
46,4600500000,2024,27,4
46,4600900000,2024,27,5
46,4601100000,2024,27,10
46,4601300000,2024,27,11
46,4601500000,2024,27,4
46,4602100000,2024,27,4
46,4602300000,2024,27,9
46,4602500000,2024,27,8
46,4602700000,2024,27,4
46,4603100000,2024,27,9
46,4603300000,2024,27,8
46,4603500000,2024,27,4
46,4603900000,2024,27,7
46,4604300000,2024,27,5
46,4604700000,2024,27,5
46,4604900000,2024,27,6
46,4605100000,2024,27,14
46,4605300000,2024,27,3
46,4605500000,2024,27,4
46,4605900000,2024,27,6
46,4606100000,2024,27,4
46,4606300000,2024,27,6
46,4606500000,2024,27,6
46,4606700000,2024,27,6
46,4606900000,2024,27,2
46,4607500000,2024,27,2
46,4607700000,2024,27,6
46,4607900000,2024,27,5
46,4608100000,2024,27,9
46,4608300000,2024,27,23
46,4608500000,2024,27,8
46,4608700000,2024,27,6
46,4608900000,2024,27,2
46,4609100000,2024,26,6
46,4609300000,2024,26,11
46,4609500000,2024,27,4
46,4609700000,2024,27,4
46,4609900000,2024,27,79
46,4610100000,2024,27,6
46,4610300000,2024,27,36
46,4610500000,2024,27,8
46,4610700000,2024,27,2
46,4610900000,2024,27,11
46,4611100000,2024,27,3
46,4611500000,2024,27,7
46,4611700000,2024,27,3
46,4611900000,2024,27,3
46,4612300000,2024,27,6
46,4612500000,2024,27,8
46,4612700000,2024,27,8
46,4612900000,2024,27,8
46,4613700000,2024,27,6
47,4700100000,2024,48,110
47,4700500000,2024,48,7
47,4700700000,2024,48,47
47,4700900000,2024,48,163
47,4701300000,2024,47,112
47,4701700000,2024,48,17
47,4702100000,2024,82,56
47,4702300000,2024,27,46
47,4702500000,2024,47,19
47,4703100000,2024,27,85
47,4703300000,2024,27,26
47,4703700000,2024,27,856
47,4703900000,2024,27,36
47,4704300000,2024,27,52
47,4705700000,2024,48,11
47,4705900000,2024,27,95
47,4706500000,2024,27,98
47,4706700000,2024,47,8
47,4706900000,2024,48,13
47,4707100000,2024,27,50
47,4707500000,2024,48,41
47,4707700000,2024,48,13
47,4708100000,2024,47,17
47,4708300000,2024,27,20
47,4708500000,2024,48,44
47,4709300000,2024,48,90
47,4709500000,2024,27,9
47,4710100000,2024,48,33
47,4710100000,2024,47,10
47,4710300000,2024,27,61
47,4710500000,2024,27,92
47,4710700000,2024,47,70
47,4710900000,2024,27,50
47,4711300000,2024,27,166
47,4711500000,2024,47,18
47,4711900000,2024,27,28
47,4712300000,2024,48,60
47,4712700000,2024,27,12
47,4712900000,2024,48,13
47,4713700000,2024,27,10
47,4713900000,2024,83,11
47,4714300000,2024,48,14
47,4714500000,2024,27,89
47,4715500000,2024,27,127
47,4715700000,2024,27,1100
47,4716100000,2024,27,27
47,4716300000,2024,48,28
47,4718300000,2024,27,55
47,4718500000,2024,48,12
47,4718700000,2024,27,175
47,4718900000,2024,27,230
48,4800100000,2024,27,91
48,4800300000,2024,27,50
48,4800500000,2024,27,188
48,4800700000,2024,48,57
48,4800900000,2024,48,36
48,4801100000,2024,27,8
48,4801300000,2024,27,70
48,4801500000,2024,27,71
48,4801700000,2024,27,16
48,4801900000,2024,48,70
48,4802100000,2024,27,125
48,4802900000,2024,27,2223
48,4803300000,2024,27,7
48,4803500000,2024,27,13
48,4803700000,2024,27,206
48,4803900000,2024,48,656
48,4804100000,2024,47,347
48,4804300000,2024,27,10
48,4804500000,2024,27,10
48,4804900000,2024,48,98
48,4805100000,2024,47,40
48,4805500000,2024,27,110
48,4805700000,2024,26,11
48,4805900000,2024,48,38
48,4806100000,2024,27,91
48,4806300000,2024,27,4
48,4806500000,2024,27,30
48,4807100000,2024,48,110
48,4807300000,2024,48,74
48,4807500000,2024,27,14
48,4807700000,2024,27,52
48,4807900000,2024,27,8
48,4808100000,2024,48,14
48,4808300000,2024,27,17
48,4808500000,2024,27,1251
48,4808700000,2024,26,7
48,4808900000,2024,27,23
48,4809100000,2024,48,260
48,4809500000,2024,48,19
48,4809700000,2024,27,117
48,4809900000,2024,48,106
48,4810100000,2024,28,8
48,4810300000,2024,27,18
48,4810500000,2024,27,23
48,4810700000,2024,48,5
48,4811100000,2024,27,20
48,4811300000,2024,27,3804
48,4811500000,2024,48,23
48,4811700000,2024,48,34
48,4811900000,2024,48,8
48,4812100000,2024,48,204
48,4812300000,2024,48,47
48,4812500000,2024,48,7
48,4812900000,2024,27,7
48,4813100000,2024,48,15
48,4813500000,2024,48,151
48,4813700000,2024,27,6
48,4813900000,2024,27,407
48,4814100000,2024,27,994
48,4814300000,2024,27,85
48,4814500000,2024,48,14
48,4814700000,2024,48,67
48,4814900000,2024,27,29
48,4815100000,2024,27,16
48,4815300000,2024,48,11
48,4815700000,2024,27,600
48,4815900000,2024,27,8
48,4816700000,2024,47,480
48,4816700000,2024,111.0,120
48,4816900000,2024,27,10
48,4817500000,2024,27,12
48,4817700000,2024,27,32
48,4818100000,2024,27,250
48,4818300000,2024,48,130
48,4818500000,2024,48,52
48,4818700000,2024,27,247
48,4818900000,2024,48,92
48,4819100000,2024,27,6
48,4819300000,2024,27,11
48,4819500000,2024,27,7
48,4819700000,2024,27,6
48,4819900000,2024,48,23
48,4820100000,2024,47,13163
48,4820300000,2024,47,144
48,4820500000,2024,27,15
48,4820700000,2024,26,11
48,4820900000,2024,48,552
48,4821100000,2024,27,9
48,4821300000,2024,27,170
48,4821500000,2024,48,1312
48,4821900000,2024,27,14
48,4822100000,2024,48,128
48,4822300000,2024,47,79
48,4822300000,2024,112.0,17
48,4822500000,2024,27,63
48,4822700000,2024,27,51
48,4823100000,2024,48,62
48,4823300000,2024,27,31
48,4823500000,2024,48,8
48,4823900000,2024,27,31
48,4824100000,2024,27,20
48,4824300000,2024,27,18
48,4824500000,2024,27,282
48,4824700000,2024,48,5
48,4825100000,2024,27,55
48,4825300000,2024,27,51
48,4825500000,2024,47,24
48,4825700000,2024,27,356
48,4825900000,2024,27,90
48,4826100000,2024,27,5
48,4826900000,2024,27,4
48,4827100000,2024,27,4
48,4827300000,2024,26,15
48,4827500000,2024,27,3
48,4827700000,2024,27,36
48,4827900000,2024,27,30
48,4828100000,2024,27,39
48,4828500000,2024,27,62
48,4828700000,2024,27,35
48,4828900000,2024,27,72
48,4829100000,2024,48,22
48,4829500000,2024,48,10
48,4829700000,2024,48,18
48,4829900000,2024,48,52
48,4830300000,2024,48,1014
48,4830300000,2024,48,1014
48,4830500000,2024,27,22
48,4830700000,2024,48,9
48,4830900000,2024,47,72
48,4831100000,2024,27,6
48,4831500000,2024,48,35
48,4831700000,2024,48,15
48,4832300000,2024,26,15
48,4832500000,2024,48,177
48,4832900000,2024,27,235
48,4833100000,2024,48,49
48,4833300000,2024,48,8
48,4833500000,2024,27,16
48,4833700000,2024,27,40
48,4833900000,2024,47,1928
48,4834100000,2024,27,36
48,4834300000,2024,27,15
48,4834500000,2024,48,8
48,4834700000,2024,47,20
48,4834900000,2024,27,103
48,4835100000,2024,27,17
48,4835300000,2024,27,30
48,4835700000,2024,27,5
48,4835900000,2024,27,9
48,4836100000,2024,27,180
48,4836300000,2024,48,83
48,4836700000,2024,48,286
48,4836900000,2024,27,20
48,4837100000,2024,27,28
48,4837500000,2024,48,197
48,4837900000,2024,47,20
48,4838100000,2024,47,255
48,4838300000,2024,47,10
48,4838500000,2024,27,13
48,4838700000,2024,48,17
48,4838900000,2024,27,25
48,4839100000,2024,48,26
48,4839300000,2024,48,5
48,4839500000,2024,26,15
48,4839700000,2024,27,126
48,4840100000,2024,27,12
48,4840300000,2024,48,16
48,4840500000,2024,48,13
48,4840700000,2024,48,48
48,4840900000,2024,48,151
48,4841300000,2024,27,10
48,4841500000,2024,27,47
48,4841700000,2024,48,6
48,4842100000,2024,27,8
48,4842300000,2024,27,370
48,4842500000,2024,27,30
48,4842900000,2024,27,5
48,4843300000,2024,26,10
48,4843500000,2024,27,14
48,4843700000,2024,27,13
48,4843900000,2024,48,3369
48,4844100000,2024,48,316
48,4844500000,2024,27,7
48,4844700000,2024,48,10
48,4845100000,2024,48,141
48,4845300000,2024,27,1805
48,4845500000,2024,27,20
48,4846100000,2024,27,13
48,4846300000,2024,48,16
48,4846500000,2024,27,85
48,4847100000,2024,27,150
48,4847500000,2024,48,6
48,4847700000,2024,27,24
48,4847900000,2024,27,350
48,4848100000,2024,27,59
48,4848300000,2024,48,18
48,4848500000,2024,48,212
48,4848700000,2024,48,6
48,4849100000,2024,27,259
48,4849300000,2024,27,30
48,4849700000,2024,48,151
48,4849900000,2024,48,18
78,7800000000,2024,27,100
49,4900300000,2024,27,2
49,4900500000,2024,27,4
49,4900700000,2024,27,10
49,4900900000,2024,27,2
49,4901100000,2024,27,24
49,4901300000,2024,27,8
49,4901900000,2024,27,2
49,4902100000,2024,27,5
49,4902300000,2024,27,2
49,4902500000,2024,27,3
49,4902700000,2024,27,2
49,4903300000,2024,27,2
49,4903700000,2024,27,9
49,4903900000,2024,27,4
49,4904100000,2024,27,17
49,4904300000,2024,27,25
49,4904500000,2024,27,4
49,4904700000,2024,27,2
49,4904900000,2024,27,13
49,4905100000,2024,27,12
49,4905300000,2024,27,6
49,4905500000,2024,27,2
49,4905700000,2024,27,9
50,5000100325,2024,15,1
50,5000108575,2024,15,1
50,5000109025,2024,15,1
50,5000116000,2024,15,1
50,5000126275,2024,15,1
50,5000128600,2024,15,1
50,5000129575,2024,15,1
50,5000131525,2024,15,1
50,5000139325,2024,15,1
50,5000140075,2024,15,1
50,5000144350,2024,15,1
50,5000145550,2024,15,1
50,5000148700,2024,15,1
50,5000153725,2024,15,1
50,5000153950,2024,15,1
50,5000159650,2024,15,1
50,5000162575,2024,15,1
50,5000165050,2024,15,1
50,5000170075,2024,15,1
50,5000174650,2024,15,1
50,5000176075,2024,15,1
50,5000183275,2024,15,1
50,5000183800,2024,15,1
50,5000301450,2024,15,1
50,5000304825,2024,15,2
50,5000317725,2024,15,1
50,5000339025,2024,15,1
50,5000342850,2024,15,1
50,5000355000,2024,15,1
50,5000357025,2024,15,1
50,5000358600,2024,15,1
50,5000361000,2024,15,1
50,5000362875,2024,15,1
50,5000363175,2024,15,1
50,5000363550,2024,15,1
50,5000369775,2024,15,1
50,5000371425,2024,15,1
50,5000385075,2024,15,1
50,5000385675,2024,15,1
50,5000502875,2024,15,1
50,5000510450,2024,15,1
50,5000517125,2024,15,1
50,5000530550,2024,15,1
50,5000531825,2024,15,1
50,5000537900,2024,15,1
50,5000541725,2024,15,1
50,5000547725,2024,15,1
50,5000554400,2024,15,1
50,5000561525,2024,15,1
50,5000562200,2024,15,1
50,5000564075,2024,15,1
50,5000569925,2024,15,1
50,5000571575,2024,15,1
50,5000575700,2024,15,1
50,5000577125,2024,15,1
50,5000583500,2024,15,1
50,5000706550,2024,15,1
50,5000710675,2024,15,8
50,5000713300,2024,15,1
50,5000714875,2024,15,1
50,5000724175,2024,15,1
50,5000724400,2024,15,1
50,5000733475,2024,15,1
50,5000734600,2024,15,1
50,5000736700,2024,15,1
50,5000745250,2024,15,1
50,5000759275,2024,15,1
50,5000762050,2024,15,1
50,5000764300,2024,15,1
50,5000766175,2024,15,4
50,5000773975,2024,15,1
50,5000780350,2024,15,1
50,5000784475,2024,15,1
50,5000785150,2024,15,1
50,5000906325,2024,15,1
50,5000908725,2024,15,1
50,5000910075,2024,15,1
50,5000911800,2024,15,1
50,5000915250,2024,15,1
50,5000921250,2024,15,1
50,5000929125,2024,15,1
50,5000930775,2024,15,1
50,5000939700,2024,15,1
50,5000941425,2024,15,1
50,5000942475,2024,15,1
50,5000952750,2024,15,1
50,5000975175,2024,15,1
50,5001102500,2024,15,1
50,5001105425,2024,15,1
50,5001123875,2024,15,1
50,5001124925,2024,15,1
50,5001125225,2024,15,1
50,5001126500,2024,15,1
50,5001127100,2024,15,1
50,5001127700,2024,15,1
50,5001133025,2024,15,1
50,5001145850,2024,15,1
50,5001159125,2024,15,1
50,5001161675,2024,15,1
50,5001161750,2024,15,1
50,5001164600,2024,15,1
50,5001171725,2024,15,1
50,5001300700,2024,15,1
50,5001329275,2024,15,1
50,5001335875,2024,15,1
50,5001350650,2024,15,1
50,5001367000,2024,15,1
50,5001504375,2024,15,1
50,5001511500,2024,15,1
50,5001523500,2024,15,1
50,5001523725,2024,15,1
50,5001535050,2024,15,1
50,5001537075,2024,15,1
50,5001546675,2024,15,1
50,5001570525,2024,15,1
50,5001577425,2024,15,1
50,5001585375,2024,15,1
50,5001707375,2024,15,1
50,5001707600,2024,15,1
50,5001709325,2024,15,1
50,5001713525,2024,15,1
50,5001715700,2024,15,1
50,5001725675,2024,15,1
50,5001748175,2024,15,1
50,5001753425,2024,15,1
50,5001758075,2024,15,1
50,5001770675,2024,15,1
50,5001772400,2024,15,1
50,5001773075,2024,15,1
50,5001773675,2024,15,1
50,5001774950,2024,15,1
50,5001776750,2024,15,1
50,5001779975,2024,15,1
50,5001784175,2024,15,1
50,5001900475,2024,15,1
50,5001903550,2024,15,1
50,5001909850,2024,15,1
50,5001913150,2024,15,1
50,5001916150,2024,15,1
50,5001916300,2024,15,1
50,5001917350,2024,15,1
50,5001928075,2024,15,1
50,5001930175,2024,15,1
50,5001933775,2024,15,1
50,5001935575,2024,15,1
50,5001936325,2024,15,1
50,5001940525,2024,15,1
50,5001946450,2024,15,1
50,5001948850,2024,15,1
50,5001948925,2024,15,1
50,5001973525,2024,15,1
50,5001980200,2024,15,1
50,5001981700,2024,15,1
50,5002105200,2024,15,1
50,5002107750,2024,15,1
50,5002111950,2024,15,1
50,5002114350,2024,15,1
50,5002114500,2024,15,1
50,5002116825,2024,15,1
50,5002125375,2024,15,1
50,5002134450,2024,15,1
50,5002135425,2024,15,1
50,5002137685,2024,15,1
50,5002144125,2024,15,1
50,5002144800,2024,15,1
50,5002147200,2024,15,1
50,5002147425,2024,15,1
50,5002154250,2024,15,1
50,5002155450,2024,15,1
50,5002155600,2024,15,1
50,5002156875,2024,15,1
50,5002157250,2024,15,1
50,5002161225,2024,15,4
50,5002161300,2024,15,2
50,5002165275,2024,15,1
50,5002171050,2024,15,1
50,5002172925,2024,15,1
50,5002175925,2024,15,1
50,5002177950,2024,15,1
50,5002180875,2024,15,1
50,5002182300,2024,15,1
50,5002303175,2024,15,1
50,5002303250,2024,15,1
50,5002305650,2024,15,1
50,5002311125,2024,15,1
50,5002311350,2024,15,1
50,5002318550,2024,15,1
50,5002321925,2024,15,1
50,5002325825,2024,15,1
50,5002343600,2024,15,1
50,5002344500,2024,15,1
50,5002346000,2024,15,1
50,5002346225,2024,15,1
50,5002350275,2024,15,1
50,5002355825,2024,15,1
50,5002360625,2024,15,1
50,5002375325,2024,15,1
50,5002376525,2024,15,1
50,5002376975,2024,15,1
50,5002385525,2024,15,1
50,5002386125,2024,15,1
50,5002501900,2024,15,1
50,5002507900,2024,15,1
50,5002509475,2024,15,1
50,5002517875,2024,15,1
50,5002518325,2024,15,1
50,5002528900,2024,15,1
50,5002530925,2024,15,1
50,5002531150,2024,15,1
50,5002536175,2024,15,1
50,5002540225,2024,15,1
50,5002543375,2024,15,1
50,5002548400,2024,15,1
50,5002557700,2024,15,1
50,5002560250,2024,15,1
50,5002570750,2024,15,1
50,5002573300,2024,15,1
50,5002574800,2024,15,1
50,5002576225,2024,15,1
50,5002581400,2024,15,1
50,5002583950,2024,15,1
50,5002584700,2024,15,1
50,5002584850,2024,15,1
50,5002701300,2024,15,1
50,5002702575,2024,15,1
50,5002702725,2024,15,1
50,5002705800,2024,15,1
50,5002708275,2024,15,1
50,5002712250,2024,15,1
50,5002713675,2024,15,1
50,5002732275,2024,15,1
50,5002732425,2024,15,1
50,5002741275,2024,15,1
50,5002752900,2024,15,1
50,5002756050,2024,15,1
50,5002756350,2024,15,1
50,5002758375,2024,15,1
50,5002760100,2024,15,1
50,5002760850,2024,15,1
50,5002763775,2024,15,1
50,5002769550,2024,15,1
50,5002770375,2024,15,1
50,5002777500,2024,15,1
50,5002782000,2024,15,1
50,5002783050,2024,15,1
50,5002784925,2024,15,1
50,5002785975,2024,15,1
51,5100100000,2024,83,18
51,5100300000,2024,27,32
51,5100500000,2024,27,13
51,5100700000,2024,23,6
51,5100900000,2024,48,12
51,5101100000,2024,27,10
51,5101300000,2024,83,59
51,5101500000,2024,83,25
51,5101500000,2024,82,4
51,5101700000,2024,27,8
51,5101900000,2024,23,33
51,5102100000,2024,27,8
51,5102300000,2024,27,11
51,5102500000,2024,83,14
51,5102700000,2024,23,19
51,5102900000,2024,27,11
51,5103100000,2024,48,17
51,5103300000,2024,18,14
51,5103500000,2024,27,17
51,5103600000,2024,27,4
51,5103700000,2024,23,8
51,5104100000,2024,27,86
51,5104300000,2024,27,8
51,5104500000,2024,23,9
51,5104700000,2024,27,16
51,5104900000,2024,23,6
51,5105100000,2024,23,12
51,5105300000,2024,83,14
51,5105700000,2024,48,5
51,5105900000,2024,27,560
51,5106100000,2024,27,27
51,5106300000,2024,48,7
51,5106500000,2024,83,6
51,5106700000,2024,23,30
51,5106900000,2024,27,30
51,5107100000,2024,27,10
51,5107300000,2024,23,15
51,5107500000,2024,27,12
51,5107700000,2024,27,16
51,5107900000,2024,83,6
51,5107900000,2024,82,1
51,5108100000,2024,23,10
51,5108300000,2024,83,21
51,5108500000,2024,27,37
51,5108700000,2024,27,93
51,5108900000,2024,48,25
51,5109100000,2024,83,6
51,5109300000,2024,27,18
51,5109500000,2024,83,21
51,5109700000,2024,48,7
51,5109900000,2024,48,6
51,5110100000,2024,27,7
51,5110300000,2024,83,7
51,5110500000,2024,23,17
51,5110700000,2024,83,107
51,5110700000,2024,82,4
51,5110900000,2024,23,16
51,5111100000,2024,27,12
51,5111300000,2024,48,10
51,5111500000,2024,83,4
51,5111700000,2024,23,23
51,5111900000,2024,83,7
51,5112100000,2024,82,31
51,5112500000,2024,83,11
51,5112700000,2024,27,12
51,5113100000,2024,83,6
51,5113300000,2024,48,6
51,5113500000,2024,23,10
51,5113700000,2024,83,13
51,5113900000,2024,23,6
51,5114100000,2024,27,14
51,5114300000,2024,27,30
51,5114500000,2024,83,13
51,5114700000,2024,27,11
51,5114900000,2024,27,11
51,5115300000,2024,48,109
51,5115500000,2024,27,14
51,5115700000,2024,18,7
51,5115900000,2024,48,6
51,5116100000,2024,82,37
51,5116300000,2024,48,19
51,5116500000,2024,82,30
51,5116700000,2024,23,16
51,5116900000,2024,23,18
51,5117100000,2024,83,14
51,5117100000,2024,82,1
51,5117300000,2024,23,14
51,5117500000,2024,27,12
51,5117700000,2024,27,30
51,5117900000,2024,27,38
51,5118100000,2024,27,7
51,5118300000,2024,27,11
51,5118500000,2024,27,21
51,5118700000,2024,83,12
51,5119100000,2024,23,21
51,5119300000,2024,48,9
51,5119500000,2024,27,14
51,5119700000,2024,27,12
51,5119900000,2024,27,15
51,5151000000,2024,48,36
51,5152000000,2024,23,7
51,5153000000,2024,23,3
51,5154000000,2024,48,10
51,5155000000,2024,48,70
51,5157000000,2024,27,7
51,5158000000,2024,27,6
51,5159000000,2024,82,17
51,5159500000,2024,27,8
51,5160000000,2024,83,7
51,5161000000,2024,48,4
51,5162000000,2024,27,7
51,5163000000,2024,27,6
51,5164000000,2024,83,3
51,5165000000,2024,27,31
51,5166000000,2024,27,9
51,5167000000,2024,27,10
51,5167800000,2024,48,2
51,5168000000,2024,83,19
51,5168300000,2024,83,7
51,5168500000,2024,82,5
51,5169000000,2024,27,7
51,5170000000,2024,27,46
51,5171000000,2024,48,53
51,5172000000,2024,27,3
51,5173000000,2024,27,10
51,5173500000,2024,27,5
51,5174000000,2024,27,32
51,5175000000,2024,23,5
51,5176000000,2024,27,88
51,5177000000,2024,83,21
51,5177500000,2024,23,12
51,5179000000,2024,27,6
51,5180000000,2024,23,34
51,5181000000,2024,27,114
51,5182000000,2024,27,6
51,5183000000,2024,83,4
51,5184000000,2024,83,8
53,5300100000,2024,4,2
53,5300300000,2024,48,1
53,5300500000,2024,4,4
53,5300700000,2024,48,1
53,5300900000,2024,4,2
53,5301100000,2024,48,2
53,5301300000,2024,48,1
53,5301500000,2024,4,1
53,5301700000,2024,48,2
53,5301900000,2024,4,1
53,5302100000,2024,19,1
53,5302300000,2024,48,1
53,5302500000,2024,4,2
53,5302700000,2024,4,2
53,5302900000,2024,48,2
53,5303100000,2024,27,1
53,5303300000,2024,4,9
53,5303500000,2024,48,5
53,5303700000,2024,48,2
53,5303900000,2024,48,1
53,5304100000,2024,4,2
53,5304300000,2024,48,1
53,5304500000,2024,4,2
53,5304700000,2024,48,1
53,5304900000,2024,4,1
53,5305100000,2024,4,1
53,5305300000,2024,4,4
53,5305500000,2024,48,1
53,5305700000,2024,48,1
53,5305900000,2024,4,1
53,5306100000,2024,4,4
53,5306300000,2024,4,6
53,5306500000,2024,48,1
53,5306700000,2024,27,10
53,5306900000,2024,4,1
53,5307100000,2024,27,1
53,5307300000,2024,4,3
53,5307500000,2024,28,9
53,5307700000,2024,48,1
54,5400100000,2024,27,48
54,5400300000,2024,27,246
54,5400500000,2024,27,73
54,5400700000,2024,27,20
54,5400900000,2024,27,120
54,5401100000,2024,27,253
54,5401300000,2024,27,25
54,5401500000,2024,27,35
54,5401700000,2024,27,27
54,5401900000,2024,27,99
54,5402100000,2024,27,11
54,5402300000,2024,27,35
54,5402500000,2024,27,118
54,5402700000,2024,27,76
54,5402900000,2024,27,79
54,5403100000,2024,27,27
54,5403300000,2024,27,266
54,5403500000,2024,27,100
54,5403700000,2024,27,155
54,5403900000,2024,27,662
54,5404100000,2024,27,24
54,5404300000,2024,27,94
54,5404500000,2024,27,80
54,5404700000,2024,27,66
54,5404900000,2024,27,260
54,5405100000,2024,27,135
54,5405300000,2024,27,96
54,5405500000,2024,27,160
54,5405700000,2024,27,30
54,5405900000,2024,27,81
54,5406100000,2024,27,274
54,5406300000,2024,27,39
54,5406500000,2024,27,78
54,5406700000,2024,27,31
54,5406900000,2024,27,171
54,5407100000,2024,27,45
54,5407300000,2024,27,27
54,5407500000,2024,27,39
54,5407700000,2024,27,118
54,5407900000,2024,27,191
54,5408100000,2024,27,349
54,5408300000,2024,27,96
54,5408500000,2024,27,37
54,5408700000,2024,27,44
54,5408900000,2024,27,45
54,5409100000,2024,27,70
54,5409300000,2024,27,17
54,5409500000,2024,27,36
54,5409700000,2024,27,103
54,5409900000,2024,27,101
54,5410100000,2024,27,15
54,5410300000,2024,27,55
54,5410500000,2024,27,22
54,5410700000,2024,27,283
54,5410900000,2024,27,85
56,5600100000,2024,27,15
56,5600300000,2024,27,16
56,5600500000,2024,27,20
56,5600700000,2024,27,12
56,5600900000,2024,27,11
56,5601100000,2024,27,13
56,5601300000,2024,27,27
56,5601500000,2024,27,20
56,5601700000,2024,27,5
56,5601900000,2024,27,5
56,5602100000,2024,27,200
56,5602300000,2024,27,15
56,5602500000,2024,27,28
56,5602700000,2024,27,7
56,5602900000,2024,27,16
56,5603100000,2024,27,14
56,5603300000,2024,27,24
56,5603500000,2024,27,4
56,5603700000,2024,27,28
56,5603900000,2024,27,12
56,5604100000,2024,27,10
56,5604300000,2024,27,4
56,5604500000,2024,27,4
2,0200000000,2024,22,287
2,0200000000,2024,20,11
4,0400100000,2024,29,1
4,0400100000,2024,31,1
4,0400300000,2024,38,20
4,0400300000,2024,29,1
4,0400300000,2024,31,2
4,0400500000,2024,29,2
4,0400500000,2024,32,1
4,0400700000,2024,31,1
4,0400900000,2024,31,1
4,0400900000,2024,38,8
4,0401100000,2024,28,3
4,0401200000,2024,38,8
4,0401200000,2024,29,1
4,0401300000,2024,22,507
4,0401300000,2024,20,4
4,0401300000,2024,20,8
4,0401500000,2024,31,2
4,0401500000,2024,32,1
4,0401700000,2024,31,1
4,0401700000,2024,29,1
4,0401900000,2024,31,6
4,0402100000,2024,31,1
4,0402100000,2024,32,4
4,0402300000,2024,32,1
4,0402300000,2024,29,1
4,0402300000,2024,39,1
4,0402500000,2024,85,4
4,0402700000,2024,38,12
4,0402700000,2024,29,3
5,0500100000,2024,38,7
5,0500300000,2024,38,13
5,0500700000,2024,38,55
5,0500900000,2024,38,17
5,0501100000,2024,38,9
5,0501300000,2024,38,6
5,0501500000,2024,38,12
5,0501700000,2024,38,5
5,0502700000,2024,38,11
5,0502900000,2024,38,16
5,0503100000,2024,38,17
5,0503300000,2024,38,14
5,0503500000,2024,38,25
5,0503700000,2024,38,10
5,0504300000,2024,27,10
5,0504500000,2024,38,27
5,0504500000,2024,29,1
5,0504900000,2024,38,17
5,0505100000,2024,38,40
5,0505300000,2024,38,12
5,0505500000,2024,38,14
5,0505900000,2024,38,14
5,0506100000,2024,38,6
5,0506500000,2024,38,9
5,0506700000,2024,27,45
5,0506900000,2024,38,42
5,0507100000,2024,38,14
5,0507500000,2024,38,77
5,0507700000,2024,38,7
5,0507900000,2024,38,5
5,0508100000,2024,38,7
5,0508300000,2024,38,10
5,0508500000,2024,38,12
5,0508700000,2024,38,7
5,0508900000,2024,38,9
5,0509100000,2024,38,77
5,0509300000,2024,38,18
5,0509500000,2024,38,8
5,0509700000,2024,27,77
5,0509900000,2024,38,10
5,0510900000,2024,38,6
5,0511100000,2024,38,11
5,0511300000,2024,38,12
5,0511500000,2024,38,10
5,0511700000,2024,38,77
5,0511900000,2024,38,104
5,0511900000,2024,29,1
5,0512100000,2024,38,14
5,0512300000,2024,38,39
5,0512500000,2024,38,24
5,0512500000,2024,29,1
5,0513300000,2024,38,6
5,0513500000,2024,38,9
5,0513700000,2024,38,12
5,0513900000,2024,38,21
5,0514300000,2024,38,52
5,0514700000,2024,38,9
6,0600300000,2024,38,2
6,0600500000,2024,29,2
6,0600500000,2024,39,3
6,0600700000,2024,20,4
6,0601100000,2024,20,2
6,0601300000,2024,20,10
6,0601500000,2024,20,2
6,0601700000,2024,20,5
6,0601900000,2024,20,6
6,0601900000,2024,23,54
6,0602100000,2024,23,4
6,0602300000,2024,53,14
6,0602300000,2024,50,2
6,0602500000,2024,20,4
6,0602700000,2024,20,2
6,0602900000,2024,20,6
6,0603100000,2024,20,3
6,0603300000,2024,50,3
6,0603500000,2024,38,5
6,0603500000,2024,29,1
6,0603700000,2024,113.0,22
6,0603900000,2024,20,3
6,0604100000,2024,20,8
6,0604300000,2024,20,2
6,0604500000,2024,50,3
6,0604700000,2024,39,25
6,0604900000,2024,29,1
6,0604900000,2024,38,6
6,0605100000,2024,20,2
6,0605300000,2024,20,8
6,0605500000,2024,20,2
6,0605700000,2024,50,4
6,0605700000,2024,53,9
6,0605900000,2024,50,21
6,0605900000,2024,53,409
6,0606100000,2024,23,29
6,0606100000,2024,20,5
6,0606300000,2024,20,1
6,0606500000,2024,22,150
6,0606700000,2024,20,15
6,0606900000,2024,20,2
6,0607100000,2024,20,16
6,0607300000,2024,20,22
6,0607500000,2024,20,22
6,0607700000,2024,53,171
6,0607900000,2024,20,3
6,0608100000,2024,20,7
6,0608300000,2024,20,2
6,0608500000,2024,22,275
6,0608500000,2024,20,18
6,0608700000,2024,20,4
6,0608900000,2024,50,4
6,0609100000,2024,50,1
6,0609500000,2024,50,6
6,0609700000,2024,20,6
6,0609900000,2024,50,9
6,0609900000,2024,53,41
6,0610100000,2024,20,2
6,0610500000,2024,50,1
6,0610500000,2024,53,4
6,0610700000,2024,20,5
6,0610900000,2024,20,2
6,0611100000,2024,20,6
6,0611500000,2024,20,3
6,0600100000,2024,114.0,16
6,0600900000,2024,53,6
8,0800100000,2024,20,7
8,0800300000,2024,20,2
8,0800500000,2024,20,11
8,0800700000,2024,20,1
8,0800900000,2024,20,2
8,0801100000,2024,20,2
8,0801300000,2024,20,11
8,0801400000,2024,20,3
8,0801500000,2024,20,2
8,0801700000,2024,20,2
8,0801900000,2024,20,2
8,0802100000,2024,20,1
8,0802300000,2024,20,2
8,0802500000,2024,20,2
8,0802700000,2024,20,2
8,0802900000,2024,20,2
8,0803100000,2024,20,4
8,0803300000,2024,20,2
8,0803500000,2024,6,8
8,0803700000,2024,20,3
8,0803900000,2024,20,2
8,0804100000,2024,20,8
8,0804300000,2024,20,2
8,0804500000,2024,6,2
8,0804700000,2024,20,2
8,0804900000,2024,20,1
8,0805100000,2024,20,2
8,0805300000,2024,20,1
8,0805500000,2024,20,2
8,0805700000,2024,20,1
8,0805900000,2024,20,9
8,0806100000,2024,20,1
8,0806300000,2024,20,3
8,0806500000,2024,20,1
8,0806700000,2024,20,2
8,0806900000,2024,20,16
8,0807100000,2024,20,2
8,0807300000,2024,20,2
8,0807500000,2024,20,2
8,0807700000,2024,20,4
8,0807900000,2024,20,1
8,0808100000,2024,20,1
8,0808300000,2024,20,2
8,0808500000,2024,20,2
8,0808700000,2024,20,1
8,0808900000,2024,20,2
8,0809100000,2024,20,2
8,0809300000,2024,20,1
8,0809500000,2024,20,1
8,0809700000,2024,20,2
8,0809900000,2024,20,2
8,0810100000,2024,20,4
8,0810300000,2024,20,2
8,0810500000,2024,20,2
8,0810700000,2024,20,2
8,0810900000,2024,20,1
8,0811300000,2024,20,2
8,0811500000,2024,20,1
8,0811700000,2024,20,2
8,0811900000,2024,20,2
8,0812100000,2024,20,3
8,0812300000,2024,20,6
8,0812500000,2024,20,2
9,0900104720,2024,67,10
9,0900108070,2024,67,48
9,0900108980,2024,67,4
9,0900118500,2024,67,14
9,0900118850,2024,67,12
9,0900123890,2024,67,2
9,0900126620,2024,67,20
9,0900133620,2024,67,24
9,0900148620,2024,67,8
9,0900150580,2024,67,6
9,0900150860,2024,67,4
9,0900152980,2024,67,12
9,0900156060,2024,67,26
9,0900163480,2024,67,4
9,0900163970,2024,67,8
9,0900168170,2024,67,10
9,0900168310,2024,67,2
9,0900173070,2024,67,44
9,0900174190,2024,67,26
9,0900177200,2024,67,10
9,0900183430,2024,67,4
9,0900183500,2024,67,14
9,0900186370,2024,67,6
9,0900302060,2024,67,6
9,0900304300,2024,67,10
9,0900305910,2024,67,10
9,0900308490,2024,67,18
9,0900310100,2024,67,2
9,0900312270,2024,67,2
9,0900322070,2024,67,2
9,0900322630,2024,67,14
9,0900324800,2024,67,6
9,0900325990,2024,67,14
9,0900327600,2024,67,14
9,0900331240,2024,67,14
9,0900332640,2024,67,2
9,0900337070,2024,67,48
9,0900337140,2024,67,2
9,0900344700,2024,67,16
9,0900345820,2024,67,2
9,0900350440,2024,67,34
9,0900352140,2024,67,16
9,0900360120,2024,67,8
9,0900365370,2024,67,6
9,0900368940,2024,67,8
9,0900370550,2024,67,22
9,0900371390,2024,67,10
9,0900374540,2024,67,2
9,0900382590,2024,67,18
9,0900384900,2024,67,12
9,0900387000,2024,67,4
9,0900387070,2024,67,14
9,0900502760,2024,67,2
9,0900504930,2024,67,2
9,0900508210,2024,67,2
9,0900510940,2024,67,2
9,0900516050,2024,67,2
9,0900517240,2024,67,2
9,0900532290,2024,67,4
9,0900537280,2024,67,4
9,0900540290,2024,67,2
9,0900543370,2024,67,8
9,0900549460,2024,67,2
9,0900551350,2024,67,4
9,0900552630,2024,67,14
9,0900553470,2024,67,2
9,0900554030,2024,67,2
9,0900560750,2024,67,2
9,0900565930,2024,67,2
9,0900566420,2024,67,2
9,0900567960,2024,67,2
9,0900575730,2024,67,2
9,0900576570,2024,67,16
9,0900579510,2024,67,2
9,0900579720,2024,67,2
9,0900580490,2024,67,8
9,0900586440,2024,67,2
9,0900587910,2024,67,4
9,0900714300,2024,67,2
9,0900715350,2024,67,2
9,0900718080,2024,67,2
9,0900719130,2024,67,2
9,0900720810,2024,67,6
9,0900722280,2024,67,2
9,0900722490,2024,67,2
9,0900726270,2024,67,2
9,0900735230,2024,67,6
9,0900740710,2024,67,2
9,0900747080,2024,67,2
9,0900747360,2024,67,28
9,0900757320,2024,67,4
9,0900761800,2024,67,2
9,0900781680,2024,67,4
9,0900901220,2024,67,14
9,0900903250,2024,67,2
9,0900904580,2024,67,2
9,0900907310,2024,67,14
9,0900914160,2024,67,16
9,0900919550,2024,67,8
9,0900922910,2024,67,16
9,0900934950,2024,67,10
9,0900935650,2024,67,26
9,0900944560,2024,67,4
9,0900946520,2024,67,26
9,0900946940,2024,67,4
9,0900947535,2024,67,18
9,0900949950,2024,67,18
9,0900952070,2024,67,80
9,0900953890,2024,67,4
9,0900954870,2024,67,10
9,0900957600,2024,67,6
9,0900958300,2024,67,2
9,0900962290,2024,67,4
9,0900967610,2024,67,6
9,0900969640,2024,67,6
9,0900978740,2024,67,20
9,0900980070,2024,67,42
9,0900982870,2024,67,20
9,0900987560,2024,67,6
9,0900987700,2024,67,4
9,0901106820,2024,67,2
9,0901115910,2024,67,8
9,0901123400,2024,67,6
9,0901129910,2024,67,2
9,0901133900,2024,67,4
9,0901134250,2024,67,14
9,0901142390,2024,67,2
9,0901142600,2024,67,6
9,0901143230,2024,67,4
9,0901144210,2024,67,2
9,0901148900,2024,67,12
9,0901152350,2024,67,6
9,0901155500,2024,67,2
9,0901156270,2024,67,12
9,0901157040,2024,67,2
9,0901162150,2024,67,4
9,0901166210,2024,67,2
9,0901171670,2024,67,2
9,0901173770,2024,67,10
9,0901178600,2024,67,2
9,0901180280,2024,67,8
9,0901301080,2024,67,2
9,0901306260,2024,67,2
9,0901316400,2024,67,2
9,0901317800,2024,67,4
9,0901325360,2024,67,4
9,0901337910,2024,67,2
9,0901344910,2024,67,8
9,0901369220,2024,67,2
9,0901372090,2024,67,6
9,0901376290,2024,67,6
9,0901377830,2024,67,2
9,0901378250,2024,67,8
9,0901385950,2024,67,2
9,0901501430,2024,67,2
9,0901509190,2024,67,2
9,0901512130,2024,67,2
9,0901513810,2024,67,2
9,0901521860,2024,67,2
9,0901536000,2024,67,2
9,0901540500,2024,67,14
9,0901559980,2024,67,10
9,0901561030,2024,67,2
9,0901562710,2024,67,4
9,0901567400,2024,67,2
9,0901573420,2024,67,2
9,0901575870,2024,67,8
9,0901586790,2024,67,10
9,0901588190,2024,67,2
10,1000100000,2024,29,2
10,1000300000,2024,29,4
10,1000500000,2024,29,4
11,1100100000,2024,38,103
12,1200100000,2024,23,136
12,1200100000,2024,20,3
12,1200300000,2024,23,24
12,1200500000,2024,38,45
12,1200700000,2024,38,13
12,1200700000,2024,29,1
12,1200900000,2024,38,218
12,1200900000,2024,32,4
12,1200900000,2024,6,6
12,1201100000,2024,38,878
12,1201100000,2024,27,358
12,1201300000,2024,38,8
12,1201300000,2024,39,1
12,1201500000,2024,38,48
12,1201700000,2024,38,47
12,1201700000,2024,31,2
12,1201900000,2024,38,93
12,1201900000,2024,31,2
12,1202100000,2024,38,188
12,1202100000,2024,31,2
12,1202100000,2024,29,1
12,1202300000,2024,20,2
12,1202700000,2024,20,1
12,1202900000,2024,23,13
12,1203100000,2024,39,270
12,1203100000,2024,32,4
12,1203300000,2024,39,114
12,1203300000,2024,32,2
12,1203500000,2024,39,22
12,1203500000,2024,31,1
12,1203500000,2024,32,2
12,1203700000,2024,38,11
12,1203900000,2024,38,31
12,1203900000,2024,29,2
12,1204100000,2024,23,11
12,1204300000,2024,20,1
12,1204500000,2024,38,15
12,1204700000,2024,38,10
12,1204900000,2024,23,16
12,1205100000,2024,38,13
12,1205100000,2024,29,1
12,1205300000,2024,20,2
12,1205300000,2024,23,41
12,1205500000,2024,38,38
12,1205500000,2024,31,1
12,1205700000,2024,38,346
12,1205700000,2024,31,7
12,1205900000,2024,38,9
12,1206100000,2024,38,51
12,1206300000,2024,38,19
12,1206500000,2024,20,1
12,1206700000,2024,38,8
12,1206900000,2024,39,110
12,1206900000,2024,31,4
12,1207100000,2024,39,224
12,1207100000,2024,32,4
12,1207300000,2024,23,204
12,1207300000,2024,20,3
12,1207500000,2024,23,29
12,1207500000,2024,20,1
12,1207700000,2024,38,8
12,1207900000,2024,23,20
12,1208100000,2024,38,86
12,1208100000,2024,31,3
12,1208300000,2024,39,115
12,1208300000,2024,31,4
12,1208500000,2024,38,34
12,1208600000,2024,38,1504
12,1208600000,2024,31,9
12,1208700000,2024,23,60
12,1208900000,2024,38,40
12,1209100000,2024,38,54
12,1209300000,2024,20,1
12,1209500000,2024,39,327
12,1209500000,2024,32,7
12,1209700000,2024,39,83
12,1209700000,2024,32,2
12,1209700000,2024,31,2
12,1209900000,2024,38,816
12,1209900000,2024,31,10
12,1209900000,2024,32,3
12,1210100000,2024,39,245
12,1210100000,2024,31,3
12,1210100000,2024,32,2
12,1210300000,2024,39,367
12,1210500000,2024,38,169
12,1210500000,2024,31,4
12,1210700000,2024,20,2
12,1210900000,2024,38,98
12,1210900000,2024,31,3
12,1211100000,2024,23,165
12,1211300000,2024,39,68
12,1211300000,2024,31,2
12,1211500000,2024,39,216
12,1211500000,2024,31,2
12,1211500000,2024,32,4
12,1211700000,2024,38,134
12,1211700000,2024,32,3
12,1211700000,2024,31,1
12,1211900000,2024,38,80
12,1211900000,2024,31,2
12,1212100000,2024,38,21
12,1212300000,2024,23,15
12,1212300000,2024,20,1
12,1212500000,2024,38,8
12,1212500000,2024,28,8
12,1212700000,2024,39,113
12,1212900000,2024,38,17
12,1212900000,2024,29,1
12,1213100000,2024,38,27
12,1213100000,2024,29,2
12,1213300000,2024,38,12
13,1300100000,2024,22,9
13,1300100000,2024,20,1
13,1300700000,2024,22,6
13,1300700000,2024,20,1
13,1300900000,2024,22,16
13,1300900000,2024,20,1
13,1301100000,2024,22,5
13,1301100000,2024,20,1
13,1301300000,2024,22,20
13,1301300000,2024,20,1
13,1301500000,2024,22,30
13,1301500000,2024,20,1
13,1301700000,2024,22,8
13,1301700000,2024,20,1
13,1301900000,2024,22,43
13,1301900000,2024,20,1
13,1302300000,2024,22,3
13,1302300000,2024,20,1
13,1302500000,2024,22,7
13,1302500000,2024,20,1
13,1302700000,2024,22,7
13,1302700000,2024,20,7
13,1302900000,2024,22,15
13,1302900000,2024,20,1
13,1303300000,2024,22,18
13,1303300000,2024,20,1
13,1303500000,2024,22,2
13,1303500000,2024,20,1
13,1304300000,2024,22,5
13,1304300000,2024,20,1
13,1304500000,2024,22,47
13,1304500000,2024,20,1
13,1304700000,2024,22,21
13,1304700000,2024,20,1
13,1304900000,2024,22,7
13,1304900000,2024,20,1
13,1305500000,2024,22,11
13,1305500000,2024,20,1
13,1305900000,2024,22,33
13,1305900000,2024,20,3
13,1306100000,2024,22,1
13,1306100000,2024,20,8
13,1306500000,2024,22,5
13,1306500000,2024,20,1
13,1306700000,2024,22,208
13,1306700000,2024,20,3
13,1306900000,2024,22,9
13,1306900000,2024,20,2
13,1307300000,2024,22,65
13,1307300000,2024,20,3
13,1307500000,2024,22,11
13,1307500000,2024,20,1
13,1307700000,2024,22,52
13,1307700000,2024,20,1
13,1307900000,2024,22,6
13,1307900000,2024,20,1
13,1308100000,2024,22,8
13,1308100000,2024,20,1
13,1308300000,2024,22,8
13,1308500000,2024,22,8
13,1308500000,2024,20,1
13,1308900000,2024,22,205
13,1308900000,2024,20,5
13,1309100000,2024,22,17
13,1309100000,2024,20,1
13,1309300000,2024,22,6
13,1309300000,2024,20,1
13,1309700000,2024,22,62
13,1309700000,2024,20,1
13,1310300000,2024,22,22
13,1310300000,2024,20,1
13,1310500000,2024,22,12
13,1310500000,2024,20,1
13,1310700000,2024,22,13
13,1310700000,2024,20,1
13,1311100000,2024,22,14
13,1311100000,2024,20,1
13,1311700000,2024,22,75
13,1311700000,2024,20,2
13,1311900000,2024,22,8
13,1311900000,2024,20,1
13,1312100000,2024,22,450
13,1312300000,2024,22,15
13,1312300000,2024,20,1
13,1312500000,2024,22,5
13,1312500000,2024,20,1
13,1312900000,2024,22,16
13,1312900000,2024,20,1
13,1313100000,2024,22,11
13,1313100000,2024,20,1
13,1313300000,2024,22,7
13,1313300000,2024,20,1
13,1313700000,2024,22,17
13,1313700000,2024,20,1
13,1314300000,2024,22,14
13,1314300000,2024,20,1
13,1314700000,2024,22,9
13,1314700000,2024,20,1
13,1314900000,2024,22,7
13,1314900000,2024,20,1
13,1315100000,2024,22,59
13,1315100000,2024,20,2
13,1315300000,2024,22,37
13,1315300000,2024,20,3
13,1315500000,2024,22,4
13,1315500000,2024,20,1
13,1315700000,2024,22,22
13,1315700000,2024,20,2
13,1315900000,2024,22,7
13,1315900000,2024,20,1
13,1316100000,2024,22,7
13,1316100000,2024,20,1
13,1316500000,2024,22,4
13,1316500000,2024,20,1
13,1316700000,2024,22,26
13,1316700000,2024,20,5
13,1316900000,2024,22,10
13,1316900000,2024,20,1
13,1317100000,2024,22,8
13,1317100000,2024,20,1
13,1317300000,2024,22,2
13,1317300000,2024,20,1
13,1317500000,2024,22,1
13,1317500000,2024,20,1
13,1317700000,2024,22,15
13,1317700000,2024,20,1
13,1317900000,2024,22,12
13,1317900000,2024,20,1
13,1318100000,2024,22,4
13,1318300000,2024,22,44
13,1318300000,2024,20,7
13,1318500000,2024,22,36
13,1318500000,2024,20,2
13,1318900000,2024,22,3
13,1318900000,2024,20,1
13,1319100000,2024,22,6
13,1319100000,2024,20,1
13,1319300000,2024,22,5
13,1319300000,2024,20,1
13,1319500000,2024,22,18
13,1319500000,2024,20,1
13,1319900000,2024,22,16
13,1319900000,2024,20,1
13,1320100000,2024,22,3
13,1320100000,2024,20,1
13,1320500000,2024,22,11
13,1320500000,2024,20,1
13,1320700000,2024,22,17
13,1320700000,2024,20,1
13,1320900000,2024,22,4
13,1320900000,2024,20,4
13,1321100000,2024,22,7
13,1321100000,2024,20,1
13,1321300000,2024,22,10
13,1321300000,2024,20,1
13,1321700000,2024,22,33
13,1321700000,2024,20,2
13,1321900000,2024,22,13
13,1321900000,2024,20,1
13,1322100000,2024,22,4
13,1322100000,2024,20,1
13,1322300000,2024,22,55
13,1322300000,2024,20,1
13,1322500000,2024,22,9
13,1322500000,2024,20,9
13,1322700000,2024,22,14
13,1322700000,2024,20,1
13,1322900000,2024,22,6
13,1322900000,2024,20,1
13,1323100000,2024,22,10
13,1323100000,2024,20,1
13,1323500000,2024,22,4
13,1323500000,2024,20,1
13,1323700000,2024,22,11
13,1323700000,2024,20,1
13,1323900000,2024,22,3
13,1323900000,2024,20,1
13,1324100000,2024,22,8
13,1324100000,2024,20,1
13,1324300000,2024,22,7
13,1324300000,2024,20,1
13,1324500000,2024,22,58
13,1324500000,2024,20,4
13,1324700000,2024,22,21
13,1324700000,2024,20,2
13,1324900000,2024,22,2
13,1324900000,2024,20,1
13,1325100000,2024,22,8
13,1325100000,2024,20,1
13,1325300000,2024,22,6
13,1325300000,2024,20,1
13,1325700000,2024,22,5
13,1325700000,2024,20,1
13,1326100000,2024,22,11
13,1326100000,2024,20,1
13,1326300000,2024,22,12
13,1326300000,2024,20,1
13,1326700000,2024,22,10
13,1326700000,2024,20,1
13,1326900000,2024,22,4
13,1326900000,2024,20,1
13,1327300000,2024,22,7
13,1327700000,2024,22,13
13,1327700000,2024,20,1
13,1328300000,2024,22,3
13,1328300000,2024,20,1
13,1328700000,2024,22,5
13,1328700000,2024,20,1
13,1328900000,2024,22,6
13,1328900000,2024,20,1
13,1329100000,2024,22,14
13,1329100000,2024,20,1
13,1329300000,2024,22,9
13,1329300000,2024,20,1
13,1329500000,2024,22,22
13,1329500000,2024,20,1
13,1329700000,2024,22,30
13,1329700000,2024,20,1
13,1329900000,2024,22,11
13,1329900000,2024,20,1
13,1330100000,2024,22,3
13,1330100000,2024,20,1
13,1330300000,2024,22,10
13,1330500000,2024,22,8
13,1330500000,2024,20,1
13,1330700000,2024,22,2
13,1330700000,2024,20,1
13,1330900000,2024,22,3
13,1330900000,2024,20,1
13,1331100000,2024,22,14
13,1331100000,2024,20,1
13,1331300000,2024,22,27
13,1331300000,2024,20,1
13,1331900000,2024,22,10
13,1331900000,2024,20,1
13,1332100000,2024,22,13
13,1332100000,2024,20,1
66,6600000000,2024,32,2
66,6600000000,2024,29,2
15,1500100000,2024,53,6
15,1500100000,2024,50,3
15,1500300000,2024,53,6
15,1500300000,2024,50,5
15,1500700000,2024,53,3
15,1500700000,2024,50,2
15,1500900000,2024,53,18
15,1500900000,2024,50,3
16,1600100000,2024,53,382
16,1601100000,2024,38,27
16,1601300000,2024,38,15
16,1601900000,2024,53,51
16,1602100000,2024,38,9
16,1602700000,2024,53,46
16,1602700000,2024,50,3
16,1602900000,2024,50,1
16,1603100000,2024,39,12
16,1603100000,2024,29,1
16,1603500000,2024,39,11
16,1603900000,2024,29,1
16,1604100000,2024,50,1
16,1604300000,2024,39,14
16,1604500000,2024,38,15
16,1604700000,2024,38,9
16,1604900000,2024,29,1
16,1605100000,2024,38,4
16,1605100000,2024,31,1
16,1605300000,2024,29,2
16,1605500000,2024,39,2
16,1605500000,2024,31,1
16,1605700000,2024,38,17
16,1605700000,2024,29,1
16,1605900000,2024,39,7
16,1606100000,2024,39,1
16,1606300000,2024,29,1
16,1606500000,2024,38,23
16,1606700000,2024,38,11
16,1606900000,2024,31,1
16,1607100000,2024,38,6
16,1607300000,2024,38,7
16,1607500000,2024,38,9
16,1607700000,2024,38,7
16,1607900000,2024,38,10
16,1608100000,2024,39,1
16,1608100000,2024,29,1
16,1608300000,2024,38,3
16,1608300000,2024,31,1
16,1608500000,2024,29,1
16,1608700000,2024,38,7
17,1700100000,2024,38,42
17,1700300000,2024,38,16
17,1700500000,2024,87,19
17,1700900000,2024,38,18
17,1701100000,2024,87,37
17,1701300000,2024,38,7
17,1701500000,2024,87,16
17,1701700000,2024,53,12
17,1702100000,2024,67,31
17,1702300000,2024,87,18
17,1702700000,2024,38,27
17,1702900000,2024,87,32
17,1703100000,2024,22,1500
17,1703300000,2024,87,21
17,1703500000,2024,53,14
17,1703700000,2024,38,41
17,1704100000,2024,87,20
17,1704300000,2024,53,275
17,1704500000,2024,87,12
17,1704700000,2024,38,8
17,1704900000,2024,38,29
17,1705100000,2024,38,24
17,1705300000,2024,87,13
17,1705500000,2024,38,38
17,1705700000,2024,101.0,36
17,1705900000,2024,38,12
17,1706100000,2024,53,19
17,1706300000,2024,53,28
17,1706500000,2024,38,19
17,1706613000,2024,38,26
17,1706700000,2024,38,33
17,1706900000,2024,87,7
17,1707100000,2024,38,15
17,1707300000,2024,38,43
17,1707500000,2024,53,39
17,1707700000,2024,53,51
17,1707900000,2024,53,16
17,1708100000,2024,38,37
17,1708300000,2024,38,17
17,1708500000,2024,38,22
17,1708700000,2024,53,14
17,1708900000,2024,53,1275
17,1709100000,2024,87,64
17,1709300000,2024,38,49
17,1709700000,2024,38,182
17,1710100000,2024,40,23
17,1710300000,2024,87,19
17,1710500000,2024,87,42
17,1710700000,2024,87,20
17,1710900000,2024,53,19
17,1711100000,2024,38,138
17,1711100000,2024,31,1
17,1711100000,2024,29,1
17,1711300000,2024,38,53
17,1711500000,2024,87,40
17,1711700000,2024,87,45
17,1711900000,2024,38,210
17,1712100000,2024,38,35
17,1712500000,2024,87,14
17,1712700000,2024,53,19
17,1712900000,2024,40,10
17,1713100000,2024,87,12
17,1713300000,2024,38,16
17,1713500000,2024,87,26
17,1713700000,2024,53,17
17,1713900000,2024,87,12
17,1714000000,2024,22,1408
17,1714300000,2024,53,73
17,1714500000,2024,53,21
17,1714900000,2024,38,26
17,1715100000,2024,67,7
17,1715300000,2024,38,10
17,1715700000,2024,27,25
17,1715900000,2024,53,13
17,1716100000,2024,67,44
17,1716300000,2024,38,113
17,1716300000,2024,29,1
17,1716500000,2024,115.0,17
17,1716700000,2024,38,99
17,1716900000,2024,53,16
17,1717100000,2024,53,8
17,1717300000,2024,87,37
17,1717500000,2024,27,6
17,1717700000,2024,87,27
17,1717900000,2024,87,63
17,1718100000,2024,38,16
17,1718300000,2024,87,32
17,1718500000,2024,38,13
17,1718563000,2024,38,12
17,1718700000,2024,53,17
17,1718900000,2024,53,21
17,1719100000,2024,38,18
17,1719300000,2024,53,15
17,1719500000,2024,87,36
17,1719700000,2024,53,367
17,1719900000,2024,38,46
17,1720100000,2024,38,49
17,1720100000,2024,29,1
17,1720300000,2024,38,40
17,1722255000,2024,38,16
17,1728326000,2024,40,16
18,1800100000,2024,63,1
18,1800300000,2024,63,4
18,1800500000,2024,63,1
18,1800700000,2024,53,41
18,1800900000,2024,63,1
18,1801100000,2024,63,1
18,1801300000,2024,87,11
18,1801500000,2024,38,8
18,1801700000,2024,105.0,60
18,1801900000,2024,38,45
18,1802100000,2024,63,1
18,1802300000,2024,63,1
18,1802500000,2024,40,20
18,1802700000,2024,63,1
18,1802900000,2024,38,14
18,1803100000,2024,63,1
18,1803300000,2024,63,1
18,1803500000,2024,63,1
18,1803700000,2024,63,1
18,1803900000,2024,38,36
18,1804100000,2024,63,1
18,1804300000,2024,86,16
18,1804500000,2024,108.0,10
18,1804700000,2024,63,1
18,1804900000,2024,53,9
18,1805100000,2024,106.0,25
18,1805300000,2024,63,1
18,1805500000,2024,63,1
18,1805700000,2024,63,1
18,1805900000,2024,38,14
18,1806100000,2024,107.0,49
18,1806300000,2024,63,2
18,1806500000,2024,38,15
18,1806700000,2024,38,17
18,1806900000,2024,63,2
18,1807100000,2024,87,21
18,1807300000,2024,63,1
18,1807500000,2024,63,1
18,1807700000,2024,63,1
18,1807900000,2024,38,32
18,1808100000,2024,63,2
18,1808300000,2024,63,1
18,1808500000,2024,63,1
18,1808700000,2024,63,1
18,1808900000,2024,63,4
18,1809100000,2024,63,2
18,1809300000,2024,63,1
18,1809500000,2024,38,60
18,1809700000,2024,38,382
18,1809900000,2024,63,1
18,1810100000,2024,38,7
18,1810300000,2024,63,1
18,1810500000,2024,107.0,49
18,1810700000,2024,86,6
18,1810900000,2024,63,1
18,1811100000,2024,53,15
18,1811300000,2024,63,1
18,1811500000,2024,53,2
18,1811700000,2024,63,1
18,1811900000,2024,63,1
18,1812100000,2024,63,1
18,1812300000,2024,63,1
18,1812500000,2024,63,1
18,1812700000,2024,38,140
18,1812900000,2024,87,10
18,1813100000,2024,63,1
18,1813300000,2024,63,1
18,1813500000,2024,63,1
18,1813700000,2024,108.0,18
18,1813900000,2024,63,1
18,1814100000,2024,87,84
18,1814300000,2024,63,1
18,1814500000,2024,63,1
18,1814700000,2024,63,1
18,1814900000,2024,63,1
18,1815100000,2024,63,1
18,1815300000,2024,63,1
18,1815500000,2024,53,4
18,1815700000,2024,63,1
18,1815900000,2024,63,1
18,1816100000,2024,38,4
18,1816300000,2024,87,26
18,1816500000,2024,63,1
18,1816700000,2024,86,21
18,1816900000,2024,63,1
18,1817100000,2024,53,7
18,1817300000,2024,63,1
18,1817500000,2024,53,16
18,1817700000,2024,53,14
18,1817900000,2024,63,1
18,1818100000,2024,63,1
18,1818300000,2024,63,1
21,2100100000,2024,53,20
21,2100300000,2024,53,9
21,2100500000,2024,53,28
21,2100700000,2024,53,9
21,2100900000,2024,53,18
21,2101100000,2024,53,19
21,2101300000,2024,53,39
21,2101500000,2024,53,55
21,2101700000,2024,53,10
21,2101900000,2024,53,33
21,2102100000,2024,53,19
21,2102300000,2024,53,10
21,2102500000,2024,38,12
21,2102700000,2024,53,10
21,2102900000,2024,53,44
21,2103100000,2024,53,16
21,2103300000,2024,54,5
21,2103500000,2024,53,20
21,2103700000,2024,53,52
21,2103900000,2024,53,5
21,2104100000,2024,53,10
21,2104300000,2024,53,26
21,2104500000,2024,53,6
21,2104700000,2024,53,45
21,2104900000,2024,53,22
21,2105100000,2024,38,23
21,2105300000,2024,38,8
21,2105500000,2024,53,11
21,2105700000,2024,53,10
21,2105900000,2024,53,63
21,2106100000,2024,53,12
21,2106300000,2024,38,10
21,2106500000,2024,53,10
21,2106700000,2024,53,170
21,2106900000,2024,53,16
21,2107100000,2024,38,59
21,2107300000,2024,53,40
21,2107500000,2024,53,6
21,2107700000,2024,53,5
21,2107900000,2024,53,15
21,2108100000,2024,53,16
21,2108300000,2024,53,44
21,2108500000,2024,53,15
21,2108700000,2024,53,12
21,2108900000,2024,53,26
21,2109100000,2024,53,15
21,2109300000,2024,53,42
21,2109500000,2024,53,29
21,2109700000,2024,53,13
21,2109900000,2024,53,15
21,2110100000,2024,53,32
21,2110300000,2024,53,12
21,2110500000,2024,53,8
21,2110700000,2024,53,52
21,2110900000,2024,38,12
21,2111100000,2024,38,372
21,2111100000,2024,29,2
21,2111300000,2024,53,36
21,2111500000,2024,38,14
21,2111700000,2024,38,214
21,2111900000,2024,38,11
21,2112100000,2024,38,16
21,2112300000,2024,53,5
21,2112500000,2024,38,25
21,2112500000,2024,29,1
21,2112700000,2024,53,10
21,2112900000,2024,38,8
21,2113100000,2024,38,19
21,2113300000,2024,38,24
21,2113500000,2024,53,11
21,2113700000,2024,53,14
21,2113900000,2024,53,10
21,2114100000,2024,53,18
21,2114300000,2024,53,9
21,2114500000,2024,53,48
21,2114700000,2024,53,14
21,2114900000,2024,53,8
21,2115100000,2024,38,35
21,2115300000,2024,38,17
21,2115500000,2024,53,15
21,2115700000,2024,53,18
21,2115900000,2024,39,5
21,2116100000,2024,53,16
21,2116300000,2024,53,18
21,2116500000,2024,38,8
21,2116700000,2024,53,15
21,2116900000,2024,53,15
21,2117100000,2024,53,15
21,2117300000,2024,53,15
21,2117500000,2024,38,15
21,2117700000,2024,53,28
21,2117900000,2024,53,20
21,2118100000,2024,53,8
21,2118300000,2024,53,16
21,2118500000,2024,53,47
21,2118700000,2024,53,7
21,2118900000,2024,53,12
21,2119100000,2024,53,9
21,2119300000,2024,53,28
21,2119500000,2024,53,52
21,2119700000,2024,38,6
21,2119900000,2024,53,34
21,2120100000,2024,53,3
21,2120300000,2024,38,13
21,2120500000,2024,53,14
21,2120700000,2024,53,22
21,2120900000,2024,53,30
21,2121100000,2024,53,31
21,2121300000,2024,53,13
21,2121500000,2024,53,23
21,2121700000,2024,53,23
21,2121900000,2024,53,13
21,2122100000,2024,53,10
21,2122300000,2024,53,12
21,2122500000,2024,53,18
21,2122700000,2024,53,79
21,2122900000,2024,53,10
21,2123100000,2024,53,8
21,2123300000,2024,53,15
21,2123500000,2024,53,20
21,2123700000,2024,38,11
21,2123900000,2024,53,21
22,2200100000,2024,116.0,1
22,2200300000,2024,117.0,1
22,2200500000,2024,118.0,1
22,2200700000,2024,119.0,1
22,2200900000,2024,120.0,1
22,2201100000,2024,121.0,1
22,2201300000,2024,122.0,1
22,2201500000,2024,123.0,1
22,2201700000,2024,124.0,3
22,2201900000,2024,125.0,1
22,2202100000,2024,126.0,1
22,2202300000,2024,127.0,1
22,2202500000,2024,128.0,1
22,2202700000,2024,129.0,1
22,2202900000,2024,130.0,1
22,2203100000,2024,131.0,1
22,2203300000,2024,132.0,3
22,2203500000,2024,133.0,1
22,2203700000,2024,134.0,1
22,2203900000,2024,135.0,1
22,2204100000,2024,136.0,1
22,2204300000,2024,137.0,1
22,2204500000,2024,138.0,1
22,2204700000,2024,139.0,1
22,2204900000,2024,140.0,1
22,2205100000,2024,141.0,3
22,2205300000,2024,142.0,1
22,2205500000,2024,143.0,2
22,2205700000,2024,144.0,1
22,2205900000,2024,145.0,1
22,2206100000,2024,146.0,1
22,2206300000,2024,147.0,1
22,2206500000,2024,148.0,1
22,2206700000,2024,149.0,1
22,2206900000,2024,150.0,1
22,2207100000,2024,151.0,3
22,2207300000,2024,152.0,2
22,2207500000,2024,153.0,1
22,2207700000,2024,154.0,1
22,2207900000,2024,155.0,1
22,2208100000,2024,156.0,1
22,2208300000,2024,157.0,1
22,2208500000,2024,158.0,1
22,2208700000,2024,159.0,1
22,2208900000,2024,160.0,1
22,2209100000,2024,161.0,1
22,2209300000,2024,162.0,1
22,2209500000,2024,163.0,1
22,2209700000,2024,164.0,2
22,2209900000,2024,165.0,1
22,2210100000,2024,166.0,1
22,2210300000,2024,167.0,2
22,2210500000,2024,168.0,1
22,2210700000,2024,169.0,1
22,2210900000,2024,170.0,2
22,2211100000,2024,171.0,1
22,2211300000,2024,172.0,1
22,2211500000,2024,173.0,1
22,2211700000,2024,174.0,1
22,2211900000,2024,175.0,1
22,2212100000,2024,176.0,1
22,2212300000,2024,177.0,1
22,2212500000,2024,178.0,1
22,2212700000,2024,179.0,1
23,2300102060,2024,38,13
23,2300119105,2024,38,2
23,2300129255,2024,38,2
23,2300138565,2024,38,2
23,2300138740,2024,38,17
23,2300140035,2024,38,3
23,2300140665,2024,38,1
23,2300140770,2024,38,1
23,2300144585,2024,38,1
23,2300146160,2024,38,2
23,2300160020,2024,38,1
23,2300164570,2024,38,2
23,2300177800,2024,38,2
23,2300179585,2024,38,1
23,2300301710,2024,38,1
23,2300310565,2024,38,2
23,2300315395,2024,38,1
23,2300319420,2024,38,1
23,2300321380,2024,38,1
23,2300325615,2024,38,2
23,2300325755,2024,38,2
23,2300326735,2024,38,1
23,2300333385,2024,38,1
23,2300333980,2024,38,2
23,2300335065,2024,38,1
23,2300339300,2024,38,1
23,2300339965,2024,38,1
23,2300340595,2024,38,1
23,2300342520,2024,38,1
23,2300343255,2024,38,1
23,2300343710,2024,38,1
23,2300360825,2024,38,3
23,2300364780,2024,38,1
23,2300367790,2024,38,1
23,2300378570,2024,38,1
23,2300380285,2024,38,1
23,2300387215,2024,38,1
23,2300502655,2024,38,1
23,2300507170,2024,38,4
23,2300508430,2024,38,8
23,2300510180,2024,38,4
23,2300511125,2024,38,2
23,2300515430,2024,38,4
23,2300524495,2024,38,5
23,2300526525,2024,38,2
23,2300528240,2024,38,5
23,2300528870,2024,38,4
23,2300531390,2024,38,3
23,2300531600,2024,38,2
23,2300548085,2024,38,2
23,2300548820,2024,38,2
23,2300553860,2024,38,2
23,2300560545,2024,38,18
23,2300560685,2024,38,1
23,2300561945,2024,38,2
23,2300566145,2024,38,5
23,2300566775,2024,38,1
23,2300571990,2024,38,5
23,2300573670,2024,38,3
23,2300582105,2024,38,4
23,2300586025,2024,38,4
23,2300587845,2024,38,3
23,2300710740,2024,38,1
23,2300710915,2024,38,1
23,2300712595,2024,38,1
23,2300724005,2024,38,1
23,2300724775,2024,38,2
23,2300734820,2024,38,1
23,2300735625,2024,38,2
23,2300737025,2024,38,1
23,2300749345,2024,38,1
23,2300758445,2024,38,1
23,2300761840,2024,38,2
23,2300774825,2024,38,1
23,2300785850,2024,38,1
23,2300902865,2024,38,2
23,2300905700,2024,38,2
23,2300907800,2024,38,1
23,2300907975,2024,38,1
23,2300908815,2024,38,2
23,2300911265,2024,38,1
23,2300916935,2024,38,1
23,2300917145,2024,38,1
23,2300919770,2024,38,1
23,2300923200,2024,38,4
23,2300926350,2024,38,1
23,2300928450,2024,38,1
23,2300930970,2024,38,1
23,2300938180,2024,38,1
23,2300947630,2024,38,2
23,2300955505,2024,38,2
23,2300955890,2024,38,1
23,2300957920,2024,38,1
23,2300967300,2024,38,1
23,2300972865,2024,38,2
23,2300974580,2024,38,1
23,2300974965,2024,38,1
23,2300975280,2024,38,1
23,2300977345,2024,38,1
23,2300977415,2024,38,1
23,2301100590,2024,38,1
23,2301102100,2024,38,4
23,2301104020,2024,38,1
23,2301104475,2024,38,1
23,2301112350,2024,38,2
23,2301112735,2024,38,2
23,2301113470,2024,38,1
23,2301124670,2024,38,2
23,2301124950,2024,38,1
23,2301127085,2024,38,3
23,2301130550,2024,38,3
23,2301140175,2024,38,1
23,2301143080,2024,38,2
23,2301146405,2024,38,2
23,2301147770,2024,38,1
23,2301154560,2024,38,4
23,2301159110,2024,38,1
23,2301161700,2024,38,1
23,2301162190,2024,38,1
23,2301163835,2024,38,1
23,2301168385,2024,38,2
23,2301178745,2024,38,1
23,2301179025,2024,38,1
23,2301180740,2024,38,4
23,2301180880,2024,38,1
23,2301182945,2024,38,2
23,2301186165,2024,38,1
23,2301186515,2024,38,2
23,2301186970,2024,38,2
23,2301301465,2024,38,1
23,2301309725,2024,38,2
23,2301315780,2024,38,1
23,2301326805,2024,38,1
23,2301333840,2024,38,2
23,2301356135,2024,38,1
23,2301363590,2024,38,2
23,2301363660,2024,38,2
23,2301365130,2024,38,1
23,2301372585,2024,38,1
23,2301376365,2024,38,2
23,2301378115,2024,38,1
23,2301379130,2024,38,1
23,2301380215,2024,38,2
23,2301380425,2024,38,1
23,2301506050,2024,38,2
23,2301506120,2024,38,2
23,2301506855,2024,38,1
23,2301507485,2024,38,2
23,2301516235,2024,38,1
23,2301518475,2024,38,1
23,2301522675,2024,38,1
23,2301535695,2024,38,1
23,2301548645,2024,38,2
23,2301549660,2024,38,1
23,2301570240,2024,38,1
23,2301571955,2024,38,1
23,2301579550,2024,38,2
23,2301584135,2024,38,1
23,2301585010,2024,38,1
23,2301587075,2024,38,1
23,2301704825,2024,38,1
23,2301708150,2024,38,1
23,2301708710,2024,38,1
23,2301710005,2024,38,1
23,2301717250,2024,38,1
23,2301717740,2024,38,1
23,2301726910,2024,38,1
23,2301727505,2024,38,1
23,2301729710,2024,38,1
23,2301731670,2024,38,1
23,2301732370,2024,38,1
23,2301733315,2024,38,1
23,2301741365,2024,38,1
23,2301745285,2024,38,2
23,2301749275,2024,38,1
23,2301754000,2024,38,1
23,2301755960,2024,38,1
23,2301756310,2024,38,2
23,2301756625,2024,38,2
23,2301758270,2024,38,1
23,2301760405,2024,38,1
23,2301764290,2024,38,3
23,2301775035,2024,38,1
23,2301780635,2024,38,1
23,2301783890,2024,38,1
23,2301787355,2024,38,1
23,2301901115,2024,38,1
23,2301902795,2024,38,14
23,2301906575,2024,38,1
23,2301906680,2024,38,1
23,2301906925,2024,38,3
23,2301910670,2024,38,1
23,2301912105,2024,38,1
23,2301913365,2024,38,1
23,2301914310,2024,38,1
23,2301914380,2024,38,3
23,2301917530,2024,38,1
23,2301917950,2024,38,1
23,2301921030,2024,38,2
23,2301922535,2024,38,2
23,2301923620,2024,38,1
23,2301923865,2024,38,1
23,2301924110,2024,38,1
23,2301927190,2024,38,1
23,2301927645,2024,38,2
23,2301929185,2024,38,1
23,2301930795,2024,38,3
23,2301932510,2024,38,2
23,2301933490,2024,38,1
23,2301934190,2024,38,1
23,2301934365,2024,38,1
23,2301936325,2024,38,1
23,2301937760,2024,38,1
23,2301938530,2024,38,1
23,2301938705,2024,38,2
23,2301939475,2024,38,2
23,2301944270,2024,38,1
23,2301945005,2024,38,1
23,2301945670,2024,38,2
23,2301945810,2024,38,1
23,2301948505,2024,38,1
23,2301949065,2024,38,2
23,2301955225,2024,38,4
23,2301955565,2024,38,2
23,2301955680,2024,38,2
23,2301957150,2024,38,1
23,2301959950,2024,38,1
23,2301974055,2024,38,1
23,2301978780,2024,38,1
23,2302100100,2024,38,1
23,2302108325,2024,38,1
23,2302118195,2024,38,1
23,2302129535,2024,38,1
23,2302130095,2024,38,1
23,2302146020,2024,38,2
23,2302165865,2024,38,1
23,2302166950,2024,38,1
23,2302301570,2024,38,1
23,2302303355,2024,38,4
23,2302306260,2024,38,2
23,2302306365,2024,38,2
23,2302327295,2024,38,1
23,2302358515,2024,38,1
23,2302362645,2024,38,1
23,2302376960,2024,38,3
23,2302381930,2024,38,1
23,2302387460,2024,38,2
23,2302501395,2024,38,1
23,2302501885,2024,38,1
23,2302505000,2024,38,1
23,2302509935,2024,38,1
23,2302514555,2024,38,1
23,2302517460,2024,38,1
23,2302523410,2024,38,1
23,2302524320,2024,38,2
23,2302531355,2024,38,1
23,2302531740,2024,38,1
23,2302535345,2024,38,1
23,2302542660,2024,38,2
23,2302547455,2024,38,1
23,2302549835,2024,38,2
23,2302556520,2024,38,1
23,2302559005,2024,38,1
23,2302564850,2024,38,1
23,2302568910,2024,38,2
23,2302569155,2024,38,1
23,2302569505,2024,38,1
23,2302703950,2024,38,3
23,2302704125,2024,38,1
23,2302707870,2024,38,1
23,2302709270,2024,38,1
23,2302726280,2024,38,1
23,2302735240,2024,38,1
23,2302737585,2024,38,1
23,2302739055,2024,38,1
23,2302739755,2024,38,1
23,2302746475,2024,38,1
23,2302747245,2024,38,1
23,2302752845,2024,38,1
23,2302756450,2024,38,1
23,2302766565,2024,38,2
23,2302766635,2024,38,2
23,2302774475,2024,38,1
23,2302775525,2024,38,1
23,2302776610,2024,38,1
23,2302777625,2024,38,1
23,2302778255,2024,38,2
23,2302779480,2024,38,1
23,2302786760,2024,38,2
23,2302900380,2024,38,1
23,2302902480,2024,38,1
23,2302909585,2024,38,2
23,2302912455,2024,38,1
23,2302920960,2024,38,1
23,2302921730,2024,38,1
23,2302931530,2024,38,1
23,2302936010,2024,38,1
23,2302941610,2024,38,1
23,2302941960,2024,38,1
23,2302942100,2024,38,1
23,2302945600,2024,38,1
23,2302974125,2024,38,1
23,2303100275,2024,38,1
23,2303100730,2024,38,2
23,2303101605,2024,38,2
23,2303104720,2024,38,2
23,2303104860,2024,38,8
23,2303109410,2024,38,3
23,2303114485,2024,38,1
23,2303116725,2024,38,2
23,2303122955,2024,38,6
23,2303133665,2024,38,2
23,2303136535,2024,38,5
23,2303136745,2024,38,2
23,2303137270,2024,38,3
23,2303138425,2024,38,2
23,2303139195,2024,38,2
23,2303139405,2024,38,1
23,2303141750,2024,38,2
23,2303148750,2024,38,1
23,2303150325,2024,38,3
23,2303154980,2024,38,2
23,2303155085,2024,38,2
23,2303156870,2024,38,1
23,2303164675,2024,38,7
23,2303165760,2024,38,7
23,2303167475,2024,38,2
23,2303170030,2024,38,2
23,2303180530,2024,38,2
23,2303181475,2024,38,3
23,2303187985,2024,38,4
23,2309999902,2024,38,1
25,2500103600,2024,22,18
25,2500103600,2024,20,1
25,2500107175,2024,22,11
25,2500107175,2024,20,1
25,2500107980,2024,22,4
25,2500112995,2024,67,2
25,2500116775,2024,67,6
25,2500119295,2024,22,3
25,2500123105,2024,22,12
25,2500123105,2024,20,1
25,2500129020,2024,22,6
25,2500129020,2024,20,1
25,2500139100,2024,67,6
25,2500151440,2024,22,4
25,2500155500,2024,22,1
25,2500159735,2024,67,7
25,2500174385,2024,22,2
25,2500182525,2024,22,10
25,2500182525,2024,20,1
25,2500300555,2024,22,7
25,2500304545,2024,22,2
25,2500313345,2024,22,2
25,2500314010,2024,22,1
25,2500316180,2024,22,3
25,2500321360,2024,22,2
25,2500326815,2024,22,5
25,2500334340,2024,22,2
25,2500334655,2024,22,2
25,2500334970,2024,22,2
25,2500345420,2024,22,2
25,2500346225,2024,22,6
25,2500351580,2024,22,2
25,2500353960,2024,22,19
25,2500356795,2024,22,2
25,2500361065,2024,22,2
25,2500367595,2024,22,2
25,2500377990,2024,22,2
25,2500379985,2024,22,4
25,2500500520,2024,22,5
25,2500502690,2024,22,14
25,2500502690,2024,20,1
25,2500505280,2024,22,3
25,2500516425,2024,22,11
25,2500516425,2024,20,1
25,2500516950,2024,38,3
25,2500520100,2024,22,9
25,2500520100,2024,20,1
25,2500522130,2024,22,7
25,2500523000,2024,38,42
25,2500525240,2024,22,6
25,2500538225,2024,22,15
25,2500545000,2024,38,42
25,2500545000,2024,29,1
25,2500546575,2024,38,11
25,2500549970,2024,22,11
25,2500556060,2024,22,8
25,2500556375,2024,22,12
25,2500560645,2024,22,5
25,2500562430,2024,38,5
25,2500568750,2024,22,6
25,2500569170,2024,38,18
25,2500569170,2024,29,1
25,2500577570,2024,22,6
25,2500721150,2024,22,2
25,2500750390,2024,22,2
25,2500769940,2024,38,1
25,2500778235,2024,22,2
25,2500901185,2024,22,7
25,2500901465,2024,22,17
25,2500901465,2024,20,1
25,2500905595,2024,22,24
25,2500907420,2024,22,4
25,2500916250,2024,22,11
25,2500921850,2024,22,2
25,2500925625,2024,22,4
25,2500925625,2024,20,1
25,2500926150,2024,38,10
25,2500927620,2024,22,4
25,2500927900,2024,22,5
25,2500929405,2024,22,34
25,2500929405,2024,20,1
25,2500932310,2024,67,6
25,2500934550,2024,22,29
25,2500937490,2024,22,35
25,2500937560,2024,22,5
25,2500937560,2024,20,1
25,2500937995,2024,22,2
25,2500938400,2024,22,8
25,2500940430,2024,22,4
25,2500940710,2024,22,18
25,2500941095,2024,22,7
25,2500943580,2024,22,2
25,2500945175,2024,22,3
25,2500945245,2024,22,11
25,2500945245,2024,20,1
25,2500946365,2024,22,11
25,2500952490,2024,22,24
25,2500957880,2024,22,6
25,2500958405,2024,22,3
25,2500959105,2024,22,16
25,2500959245,2024,22,3
25,2500960015,2024,22,11
25,2500960015,2024,20,1
25,2500968645,2024,22,9
25,2500970150,2024,22,3
25,2500974595,2024,22,3
25,2500977150,2024,22,2
25,2501105560,2024,22,2
25,2501109595,2024,38,1
25,2501115200,2024,22,1
25,2501116670,2024,22,2
25,2501121780,2024,22,1
25,2501125730,2024,22,1
25,2501127025,2024,38,10
25,2501142285,2024,38,6
25,2501147835,2024,22,2
25,2501151265,2024,22,4
25,2501161135,2024,38,1
25,2501168400,2024,22,2
25,2501300765,2024,22,10
25,2501300765,2024,20,1
25,2501306085,2024,22,1
25,2501308470,2024,22,2
25,2501313660,2024,38,29
25,2501319645,2024,22,6
25,2501330665,2024,38,1
25,2501330840,2024,22,15
25,2501336300,2024,22,7
25,2501337175,2024,22,7
25,2501342145,2024,22,4
25,2501352105,2024,22,6
25,2501358650,2024,22,1
25,2501365825,2024,22,7
25,2501367000,2024,38,64
25,2501372390,2024,22,2
25,2501376030,2024,22,16
25,2501377850,2024,22,11
25,2501377850,2024,20,1
25,2501379740,2024,38,6
25,2501501325,2024,22,14
25,2501504825,2024,22,6
25,2501519330,2024,22,8
25,2501526535,2024,22,4
25,2501527690,2024,38,1
25,2501529265,2024,22,2
25,2501546330,2024,22,17
25,2501552560,2024,22,2
25,2501562745,2024,22,3
25,2501564145,2024,22,10
25,2501572880,2024,22,4
25,2501579915,2024,22,2
25,2501700380,2024,22,9
25,2501701605,2024,22,23
25,2501702130,2024,22,8
25,2501703005,2024,22,5
25,2501704615,2024,22,11
25,2501705070,2024,38,10
25,2501705070,2024,29,1
25,2501705805,2024,22,13
25,2501707350,2024,22,2
25,2501709840,2024,22,8
25,2501709840,2024,20,1
25,2501711000,2024,22,72
25,2501711000,2024,20,1
25,2501711525,2024,22,1
25,2501713135,2024,22,15
25,2501713135,2024,20,1
25,2501715060,2024,38,6
25,2501717475,2024,22,13
25,2501717825,2024,22,1
25,2501721990,2024,22,22
25,2501721990,2024,20,1
25,2501724925,2024,22,34
25,2501724925,2024,20,1
25,2501727480,2024,22,5
25,2501730700,2024,22,6
25,2501731085,2024,22,6
25,2501731540,2024,22,8
25,2501735215,2024,22,12
25,2501735215,2024,20,1
25,2501735425,2024,22,3
25,2501735425,2024,20,1
25,2501735950,2024,67,4
25,2501737000,2024,22,44
25,2501737000,2024,20,1
25,2501737875,2024,22,28
25,2501737875,2024,20,1
25,2501738715,2024,22,17
25,2501738715,2024,20,1
25,2501739625,2024,22,5
25,2501739835,2024,22,20
25,2501739835,2024,20,1
25,2501740115,2024,22,16
25,2501740115,2024,20,1
25,2501743895,2024,38,10
25,2501743895,2024,29,1
25,2501745560,2024,22,42
25,2501745560,2024,20,1
25,2501748955,2024,67,8
25,2501752805,2024,22,4
25,2501756130,2024,22,13
25,2501756130,2024,20,1
25,2501761380,2024,22,2
25,2501761590,2024,22,2
25,2501762535,2024,38,25
25,2501762535,2024,29,1
25,2501767665,2024,22,8
25,2501768050,2024,22,4
25,2501768260,2024,22,8
25,2501769415,2024,22,14
25,2501769415,2024,20,1
25,2501770360,2024,38,3
25,2501771025,2024,22,6
25,2501772215,2024,22,10
25,2501772600,2024,22,26
25,2501772600,2024,20,1
25,2501773440,2024,22,14
25,2501773790,2024,22,7
25,2501776135,2024,22,8
25,2501777255,2024,22,5
25,2501780230,2024,22,8
25,2501780510,2024,22,10
25,2501780510,2024,20,1
25,2501781035,2024,22,17
25,2501781035,2024,20,1
25,2501943790,2024,22,3
25,2502102935,2024,22,2
25,2502104930,2024,22,7
25,2502107665,2024,38,13
25,2502107665,2024,29,1
25,2502109175,2024,38,27
25,2502111315,2024,22,8
25,2502111315,2024,20,1
25,2502114640,2024,22,4
25,2502116495,2024,22,11
25,2502116495,2024,20,1
25,2502117405,2024,22,2
25,2502124820,2024,38,6
25,2502125100,2024,22,12
25,2502130455,2024,22,6
25,2502139765,2024,22,5
25,2502139975,2024,22,5
25,2502141515,2024,38,3
25,2502141690,2024,22,13
25,2502141690,2024,20,1
25,2502144105,2024,22,18
25,2502146050,2024,22,5
25,2502146050,2024,20,1
25,2502150250,2024,22,11
25,2502150250,2024,20,1
25,2502154100,2024,22,4
25,2502155745,2024,22,33
25,2502155745,2024,20,1
25,2502155745,2024,22,2
25,2502155955,2024,22,14
25,2502155955,2024,20,1
25,2502160785,2024,38,6
25,2502167945,2024,67,10
25,2502172495,2024,22,10
25,2502174175,2024,22,10
25,2502174175,2024,20,1
25,2502178690,2024,22,8
25,2502178690,2024,20,1
25,2502178865,2024,38,20
25,2502182315,2024,22,5
25,2502300170,2024,22,7
25,2502308085,2024,22,11
25,2502309000,2024,22,34
25,2502311665,2024,67,4
25,2502317895,2024,22,9
25,2502318455,2024,22,6
25,2502327795,2024,22,5
25,2502328285,2024,38,6
25,2502328495,2024,38,4
25,2502330210,2024,22,10
25,2502331645,2024,22,5
25,2502331645,2024,20,1
25,2502333220,2024,22,5
25,2502333920,2024,22,7
25,2502338540,2024,22,2
25,2502338855,2024,22,12
25,2502339450,2024,38,1
25,2502340850,2024,22,11
25,2502340850,2024,20,1
25,2502350145,2024,38,4
25,2502352630,2024,22,6
25,2502352630,2024,20,1
25,2502354310,2024,22,20
25,2502354310,2024,20,1
25,2502354415,2024,22,2
25,2502357600,2024,38,1
25,2502357775,2024,22,7
25,2502360330,2024,38,7
25,2502372985,2024,22,7
25,2502372985,2024,20,1
25,2502375260,2024,38,2
25,2502379530,2024,22,7
25,2502507000,2024,22,320
25,2502507000,2024,20,4
25,2502513205,2024,38,19
25,2502556585,2024,38,22
25,2502580930,2024,22,10
25,2502701885,2024,22,3
25,2502702480,2024,22,6
25,2502702760,2024,22,10
25,2502702760,2024,20,1
25,2502703740,2024,22,3
25,2502705490,2024,22,1
25,2502706015,2024,22,4
25,2502706365,2024,38,1
25,2502707525,2024,22,3
25,2502709105,2024,22,1
25,2502712715,2024,22,5
25,2502714395,2024,22,5
25,2502717300,2024,22,4
25,2502717685,2024,22,5
25,2502718560,2024,22,2
25,2502723875,2024,22,15
25,2502725485,2024,22,12
25,2502726430,2024,22,9
25,2502728740,2024,22,2
25,2502728950,2024,22,2
25,2502730560,2024,22,7
25,2502730560,2024,20,1
25,2502730945,2024,22,2
25,2502731435,2024,38,1
25,2502734165,2024,38,3
25,2502734795,2024,38,4
25,2502735075,2024,22,17
25,2502737420,2024,22,6
25,2502740255,2024,38,1
25,2502741165,2024,22,10
25,2502741340,2024,38,4
25,2502746820,2024,38,5
25,2502746925,2024,22,6
25,2502747135,2024,22,2
25,2502750670,2024,22,2
25,2502751825,2024,22,6
25,2502752420,2024,38,1
25,2502755395,2024,38,1
25,2502758825,2024,22,4
25,2502761800,2024,22,11
25,2502761800,2024,20,1
25,2502763165,2024,22,7
25,2502763270,2024,22,7
25,2502766105,2024,22,5
25,2502767385,2024,22,5
25,2502768155,2024,22,7
25,2502768610,2024,22,4
25,2502769275,2024,22,4
25,2502771480,2024,38,2
25,2502771620,2024,22,5
25,2502773090,2024,22,2
25,2502773895,2024,22,7
25,2502775015,2024,38,6
25,2502775155,2024,22,3
25,2502775400,2024,22,2
25,2502777010,2024,22,5
25,2502780405,2024,22,6
25,2502782000,2024,38,53
25,2502782000,2024,31,1
27,2700100000,2024,23,19
27,2700300000,2024,38,150
27,2700300000,2024,29,1
27,2700500000,2024,38,31
27,2700500000,2024,29,1
27,2700700000,2024,38,17
27,2700700000,2024,29,2
27,2700900000,2024,38,22
27,2700900000,2024,29,1
27,2701100000,2024,53,7
27,2701300000,2024,38,30
27,2701300000,2024,29,1
27,2701500000,2024,38,8
27,2701500000,2024,29,1
27,2701700000,2024,38,27
27,2701700000,2024,29,1
27,2701900000,2024,38,35
27,2701900000,2024,29,1
27,2702100000,2024,38,30
27,2702100000,2024,29,1
27,2702300000,2024,38,10
27,2702500000,2024,53,27
27,2702500000,2024,53,2
27,2702700000,2024,38,35
27,2702700000,2024,29,1
27,2702900000,2024,38,19
27,2703100000,2024,38,5
27,2703300000,2024,38,13
27,2703500000,2024,23,27
27,2703700000,2024,23,139
27,2703900000,2024,38,23
27,2704100000,2024,38,29
27,2704100000,2024,29,1
27,2704300000,2024,38,22
27,2704500000,2024,38,19
27,2704700000,2024,38,30
27,2704700000,2024,29,1
27,2704900000,2024,38,38
27,2704900000,2024,29,1
27,2705100000,2024,38,3
27,2705300000,2024,38,450
27,2705300000,2024,32,9
27,2705500000,2024,38,13
27,2705700000,2024,38,24
27,2705700000,2024,29,1
27,2705900000,2024,38,22
27,2706100000,2024,38,30
27,2706300000,2024,38,9
27,2706500000,2024,38,21
27,2706700000,2024,38,35
27,2706900000,2024,38,3
27,2706900000,2024,29,1
27,2707100000,2024,38,8
27,2707300000,2024,38,6
27,2707300000,2024,29,1
27,2707500000,2024,38,15
27,2707700000,2024,38,7
27,2707900000,2024,38,18
27,2708100000,2024,38,9
27,2708300000,2024,38,12
27,2708500000,2024,38,23
27,2708500000,2024,29,1
27,2708700000,2024,23,5
27,2708900000,2024,38,2
27,2708900000,2024,31,1
27,2709100000,2024,38,9
27,2709100000,2024,29,1
27,2709300000,2024,38,15
27,2709500000,2024,38,23
27,2709700000,2024,38,29
27,2709700000,2024,29,1
27,2709900000,2024,38,22
27,2709900000,2024,29,1
27,2710100000,2024,38,12
27,2710300000,2024,38,17
27,2710500000,2024,38,14
27,2710700000,2024,38,13
27,2710700000,2024,29,1
27,2710900000,2024,38,87
27,2710900000,2024,31,1
27,2711100000,2024,38,82
27,2711300000,2024,38,21
27,2711500000,2024,38,7
27,2711500000,2024,29,1
27,2711700000,2024,38,6
27,2711900000,2024,38,26
27,2711900000,2024,29,1
27,2712100000,2024,38,17
27,2712300000,2024,53,160
27,2712300000,2024,50,11
27,2712300000,2024,31,1
27,2712500000,2024,38,6
27,2712700000,2024,38,18
27,2712900000,2024,38,34
27,2713100000,2024,38,32
27,2713100000,2024,29,1
27,2713300000,2024,38,7
27,2713500000,2024,38,8
27,2713700000,2024,38,126
27,2713700000,2024,32,1
27,2713700000,2024,29,1
27,2713900000,2024,23,66
27,2714100000,2024,23,37
27,2714300000,2024,38,17
27,2714500000,2024,38,84
27,2714500000,2024,32,1
27,2714500000,2024,29,1
27,2714700000,2024,38,28
27,2714900000,2024,38,9
27,2715100000,2024,38,16
27,2715300000,2024,38,37
27,2715500000,2024,38,6
27,2715700000,2024,38,27
27,2715900000,2024,38,30
27,2716100000,2024,38,18
27,2716300000,2024,38,86
27,2716300000,2024,31,2
27,2716300000,2024,50,1
27,2716500000,2024,38,4
27,2716500000,2024,29,1
27,2716700000,2024,38,16
27,2716900000,2024,38,38
27,2717100000,2024,38,64
27,2717100000,2024,29,1
27,2717300000,2024,38,9
29,2900100000,2024,22,10
29,2900300000,2024,87,12
29,2900500000,2024,87,5
29,2900900000,2024,87,17
29,2901100000,2024,87,9
29,2901300000,2024,86,9
29,2901500000,2024,86,8
29,2901700000,2024,87,10
29,2901900000,2024,38,78
29,2901900000,2024,29,1
29,2902700000,2024,86,22
29,2902900000,2024,86,24
29,2903100000,2024,86,33
29,2903300000,2024,86,13
29,2903700000,2024,86,32
29,2903900000,2024,87,7
29,2904100000,2024,87,14
29,2904300000,2024,86,34
29,2904500000,2024,86,7
29,2904700000,2024,39,90
29,2904700000,2024,29,1
29,2904900000,2024,87,8
29,2905100000,2024,86,32
29,2905300000,2024,38,11
29,2905500000,2024,22,10
29,2905700000,2024,86,6
29,2905900000,2024,86,13
29,2906100000,2024,86,7
29,2906300000,2024,87,6
29,2906500000,2024,87,9
29,2906700000,2024,86,14
29,2906900000,2024,87,17
29,2907100000,2024,86,44
29,2907300000,2024,22,19
29,2907500000,2024,87,5
29,2907700000,2024,38,98
29,2907700000,2024,29,1
29,2907900000,2024,22,10
29,2908100000,2024,22,7
29,2908300000,2024,86,11
29,2908500000,2024,86,10
29,2908700000,2024,87,5
29,2908900000,2024,86,9
29,2909100000,2024,87,21
29,2909300000,2024,87,10
29,2909500000,2024,86,103
29,2909700000,2024,22,51
29,2909900000,2024,87,73
29,2910100000,2024,39,11
29,2910100000,2024,29,1
29,2910300000,2024,86,6
29,2910500000,2024,38,17
29,2910700000,2024,22,16
29,2910900000,2024,86,20
29,2911100000,2024,87,8
29,2911300000,2024,38,27
29,2911300000,2024,29,1
29,2911500000,2024,86,12
29,2911700000,2024,22,12
29,2911900000,2024,22,16
29,2912100000,2024,38,10
29,2912300000,2024,86,2
29,2912500000,2024,22,13
29,2912700000,2024,86,18
29,2912900000,2024,22,5
29,2913100000,2024,86,12
29,2913300000,2024,86,9
29,2913500000,2024,86,11
29,2913700000,2024,86,10
29,2913900000,2024,22,11
29,2914100000,2024,86,11
29,2914300000,2024,86,14
29,2914500000,2024,22,26
29,2914700000,2024,22,21
29,2914900000,2024,86,9
29,2915100000,2024,22,13
29,2915300000,2024,86,11
29,2915500000,2024,22,13
29,2915700000,2024,87,14
29,2915900000,2024,39,12
29,2916100000,2024,22,25
29,2916300000,2024,22,13
29,2916500000,2024,87,37
29,2916500000,2024,85,1
29,2916700000,2024,22,15
29,2916900000,2024,86,9
29,2917100000,2024,87,9
29,2917300000,2024,86,8
29,2917500000,2024,87,16
29,2917700000,2024,87,9
29,2917900000,2024,87,13
29,2918100000,2024,86,8
29,2918300000,2024,87,136
29,2918500000,2024,29,1
29,2918600000,2024,86,13
29,2918700000,2024,87,24
29,2918900000,2024,53,488
29,2919500000,2024,22,14
29,2919700000,2024,87,5
29,2919900000,2024,87,2
29,2920100000,2024,87,23
29,2920300000,2024,86,7
29,2920500000,2024,86,7
29,2920700000,2024,86,10
29,2920900000,2024,86,20
29,2921100000,2024,29,1
29,2921300000,2024,87,22
29,2921500000,2024,87,10
29,2921700000,2024,38,14
29,2921900000,2024,22,26
29,2922100000,2024,86,14
29,2922300000,2024,86,10
29,2922500000,2024,86,17
29,2922900000,2024,22,13
29,2938000000,2024,38,78
29,2951000000,2024,53,85
30,3000100000,2024,29,1
30,3000300000,2024,31,1
30,3000500000,2024,29,1
30,3000700000,2024,38,6
30,3000900000,2024,38,2
30,3001100000,2024,38,1
30,3001300000,2024,32,1
30,3001500000,2024,38,9
30,3001700000,2024,38,9
30,3002100000,2024,38,6
30,3002300000,2024,29,1
30,3002700000,2024,29,1
30,3002900000,2024,32,1
30,3002900000,2024,31,2
30,3003100000,2024,32,1
30,3003100000,2024,31,3
30,3003500000,2024,38,6
30,3003900000,2024,29,1
30,3004100000,2024,29,1
30,3004300000,2024,29,1
30,3004500000,2024,38,1
30,3004700000,2024,29,2
30,3004900000,2024,31,3
30,3005100000,2024,38,1
30,3005300000,2024,29,1
30,3005700000,2024,29,1
30,3006100000,2024,38,4
30,3006300000,2024,31,5
30,3006500000,2024,38,5
30,3006700000,2024,29,1
30,3006900000,2024,38,1
30,3007100000,2024,38,2
30,3007300000,2024,39,3
30,3007700000,2024,29,1
30,3008100000,2024,31,2
30,3008300000,2024,29,2
30,3008500000,2024,29,1
30,3008700000,2024,38,8
30,3008900000,2024,31,1
30,3009100000,2024,38,5
30,3009300000,2024,31,2
30,3009500000,2024,39,12
30,3009700000,2024,38,4
30,3009900000,2024,38,3
30,3010100000,2024,38,3
30,3010500000,2024,38,4
30,3010700000,2024,39,2
30,3010900000,2024,38,2
30,3011100000,2024,31,3
30,3011100000,2024,32,1
31,3100100000,2024,29,1
31,3100300000,2024,29,1
31,3100500000,2024,38,1
31,3100700000,2024,38,1
31,3100900000,2024,38,1
31,3101100000,2024,29,1
31,3101300000,2024,29,1
31,3101500000,2024,29,1
31,3101700000,2024,38,4
31,3101900000,2024,29,2
31,3102100000,2024,29,1
31,3102300000,2024,29,1
31,3102500000,2024,29,1
31,3102700000,2024,29,1
31,3102900000,2024,38,6
31,3103100000,2024,29,1
31,3103300000,2024,29,1
31,3103500000,2024,29,1
31,3103700000,2024,29,1
31,3103900000,2024,29,1
31,3104100000,2024,29,1
31,3104300000,2024,29,1
31,3104500000,2024,29,1
31,3104700000,2024,29,1
31,3104900000,2024,29,1
31,3105100000,2024,29,1
31,3105300000,2024,29,1
31,3105500000,2024,31,9
31,3105700000,2024,38,5
31,3105900000,2024,29,1
31,3106100000,2024,29,1
31,3106300000,2024,38,5
31,3106500000,2024,29,1
31,3106700000,2024,31,1
31,3106900000,2024,29,1
31,3107100000,2024,38,2
31,3107300000,2024,29,1
31,3107500000,2024,38,1
31,3107700000,2024,29,1
31,3107900000,2024,31,2
31,3108100000,2024,29,1
31,3108300000,2024,29,1
31,3108500000,2024,38,4
31,3108700000,2024,29,1
31,3108900000,2024,29,1
31,3109100000,2024,38,2
31,3109300000,2024,29,1
31,3109500000,2024,29,1
31,3109700000,2024,29,1
31,3109900000,2024,29,1
31,3110100000,2024,29,1
31,3110300000,2024,38,4
31,3110500000,2024,38,6
31,3110700000,2024,29,1
31,3110900000,2024,31,6
31,3111100000,2024,31,1
31,3111300000,2024,38,1
31,3111500000,2024,38,1
31,3111700000,2024,38,1
31,3111900000,2024,29,2
31,3112100000,2024,29,1
31,3112300000,2024,29,1
31,3112500000,2024,29,1
31,3112700000,2024,29,1
31,3112900000,2024,29,1
31,3113100000,2024,29,1
31,3113300000,2024,38,6
31,3113500000,2024,29,1
31,3113700000,2024,29,1
31,3113900000,2024,29,1
31,3114100000,2024,29,1
31,3114300000,2024,29,1
31,3114500000,2024,29,1
31,3114700000,2024,38,12
31,3114900000,2024,38,2
31,3115100000,2024,29,1
31,3115300000,2024,29,3
31,3115500000,2024,29,1
31,3115700000,2024,29,1
31,3115900000,2024,29,1
31,3116100000,2024,29,1
31,3116300000,2024,29,1
31,3116500000,2024,38,2
31,3116700000,2024,29,1
31,3116900000,2024,29,1
31,3117100000,2024,38,1
31,3117300000,2024,29,1
31,3117500000,2024,29,1
31,3117700000,2024,29,1
31,3117900000,2024,29,1
31,3118100000,2024,29,1
31,3118300000,2024,38,2
31,3118500000,2024,29,1
32,3200100000,2024,20,1
32,3200100000,2024,20,1
32,3200100000,2024,20,1
32,3200300000,2024,180.0,6
32,3200500000,2024,20,2
32,3200700000,2024,20,2
32,3200900000,2024,20,1
32,3201100000,2024,20,1
32,3201300000,2024,20,2
32,3201500000,2024,29,1
32,3201700000,2024,20,1
32,3201900000,2024,20,2
32,3202100000,2024,20,1
32,3202100000,2024,22,1
32,3202300000,2024,20,1
32,3202700000,2024,20,1
32,3202900000,2024,20,1
32,3203100000,2024,20,11
32,3203300000,2024,22,2
32,3203300000,2024,20,1
32,3251000000,2024,32,1
32,3251000000,2024,29,1
32,3251000000,2024,38,6
33,3300101060,2024,181.0,1
33,3300103220,2024,67,1
33,3300104740,2024,67,1
33,3300128740,2024,67,2
33,3300128980,2024,67,1
33,3300140181,2024,67,1
33,3300140182,2024,67,1
33,3300140183,2024,67,1
33,3300140184,2024,67,1
33,3300140185,2024,67,1
33,3300140186,2024,67,1
33,3300147140,2024,67,1
33,3300151540,2024,67,1
33,3300167300,2024,67,1
33,3300177060,2024,67,1
33,3300303700,2024,67,1
33,3300314660,2024,181.0,1
33,3300338260,2024,181.0,1
33,3300345060,2024,67,1
33,3300349380,2024,181.0,1
33,3300358740,2024,67,1
33,3300376100,2024,67,1
33,3300378180,2024,67,1
33,3300386420,2024,67,2
33,3300526500,2024,67,2
33,3300536660,2024,181.0,1
33,3300538500,2024,67,1
33,3300539301,2024,67,1
33,3300539302,2024,67,1
33,3300539303,2024,67,1
33,3300539304,2024,67,1
33,3300539305,2024,67,1
33,3300545460,2024,67,1
33,3300564580,2024,67,2
33,3300573700,2024,181.0,1
33,3300575700,2024,181.0,1
33,3300578420,2024,67,1
33,3300582660,2024,67,1
33,3300585540,2024,181.0,1
33,3300705140,2024,67,2
33,3300710100,2024,67,1
33,3300730260,2024,67,2
33,3300902020,2024,67,2
33,3300905460,2024,67,1
33,3300907700,2024,67,1
33,3300908660,2024,67,1
33,3300908980,2024,67,1
33,3300924340,2024,67,2
33,3300930820,2024,67,1
33,3300933860,2024,67,2
33,3300934820,2024,181.0,1
33,3300941301,2024,67,1
33,3300941302,2024,67,1
33,3300941303,2024,67,1
33,3300941860,2024,67,1
33,3300942580,2024,67,1
33,3300962660,2024,67,1
33,3300976740,2024,67,1
33,3300987060,2024,181.0,1
33,3301101300,2024,67,3
33,3301101700,2024,67,1
33,3301104500,2024,67,6
33,3301108100,2024,67,2
33,3301129860,2024,67,4
33,3301136180,2024,67,1
33,3301137140,2024,67,2
33,3301137940,2024,67,6
33,3301142260,2024,67,2
33,3301145141,2024,67,1
33,3301145142,2024,67,1
33,3301145143,2024,67,1
33,3301145144,2024,67,1
33,3301145145,2024,67,1
33,3301145146,2024,67,1
33,3301145147,2024,67,1
33,3301145148,2024,67,1
33,3301145149,2024,67,1
33,3301145150,2024,67,1
33,3301145151,2024,67,1
33,3301145152,2024,67,1
33,3301147540,2024,67,9
33,3301148020,2024,67,4
33,3301149140,2024,67,1
33,3301150261,2024,67,2
33,3301150262,2024,67,2
33,3301150263,2024,67,2
33,3301150264,2024,67,2
33,3301150265,2024,67,2
33,3301150266,2024,67,2
33,3301150267,2024,67,2
33,3301150268,2024,67,2
33,3301150269,2024,67,2
33,3301150740,2024,67,1
33,3301151940,2024,67,1
33,3301159940,2024,67,1
33,3301160580,2024,67,2
33,3301179780,2024,67,1
33,3301185220,2024,67,1
33,3301300660,2024,67,1
33,3301306260,2024,181.0,1
33,3301306500,2024,67,1
33,3301309860,2024,67,1
33,3301314201,2024,67,1
33,3301314202,2024,67,1
33,3301314203,2024,67,1
33,3301314204,2024,67,1
33,3301314205,2024,67,1
33,3301314206,2024,67,1
33,3301314207,2024,67,1
33,3301314208,2024,67,1
33,3301314209,2024,67,1
33,3301314210,2024,67,1
33,3301324900,2024,67,1
33,3301327381,2024,67,1
33,3301327382,2024,67,1
33,3301327383,2024,67,1
33,3301335540,2024,67,1
33,3301337300,2024,67,2
33,3301337540,2024,67,1
33,3301343380,2024,181.0,1
33,3301350900,2024,67,1
33,3301352100,2024,67,1
33,3301360020,2024,67,1
33,3301361940,2024,67,1
33,3301502340,2024,67,3
33,3301502820,2024,67,2
33,3301507220,2024,67,1
33,3301509300,2024,67,2
33,3301512100,2024,67,1
33,3301517140,2024,67,1
33,3301517460,2024,67,2
33,3301517940,2024,67,6
33,3301521380,2024,67,1
33,3301524660,2024,67,1
33,3301525380,2024,67,3
33,3301527940,2024,67,1
33,3301531700,2024,67,1
33,3301532900,2024,67,1
33,3301533060,2024,67,6
33,3301533460,2024,67,1
33,3301539780,2024,67,1
33,3301540100,2024,67,2
33,3301543220,2024,181.0,4
33,3301551380,2024,67,1
33,3301551620,2024,67,1
33,3301552340,2024,67,1
33,3301552900,2024,67,1
33,3301554580,2024,67,2
33,3301556820,2024,181.0,1
33,3301557460,2024,67,1
33,3301562500,2024,67,3
33,3301562901,2024,67,1
33,3301562902,2024,67,1
33,3301562903,2024,67,1
33,3301562904,2024,67,1
33,3301562905,2024,67,1
33,3301564020,2024,67,3
33,3301566180,2024,67,2
33,3301566660,2024,67,5
33,3301567620,2024,67,2
33,3301568260,2024,67,4
33,3301574340,2024,67,2
33,3301585780,2024,67,4
33,3301703460,2024,67,3
33,3301718821,2024,67,1
33,3301718822,2024,67,1
33,3301718823,2024,67,1
33,3301718824,2024,67,1
33,3301718825,2024,67,1
33,3301718826,2024,67,1
33,3301719700,2024,67,2
33,3301726020,2024,67,1
33,3301741460,2024,67,1
33,3301744820,2024,67,1
33,3301747700,2024,67,1
33,3301748660,2024,67,1
33,3301751220,2024,181.0,1
33,3301765141,2024,181.0,1
33,3301765142,2024,181.0,1
33,3301765143,2024,181.0,1
33,3301765144,2024,181.0,1
33,3301765145,2024,181.0,1
33,3301765146,2024,181.0,1
33,3301765540,2024,67,1
33,3301769941,2024,67,1
33,3301769942,2024,67,1
33,3301769943,2024,67,1
33,3301769944,2024,67,1
33,3301769945,2024,67,1
33,3301773860,2024,67,1
33,3301911380,2024,67,1
33,3301912901,2024,67,1
33,3301912902,2024,67,1
33,3301912903,2024,67,1
33,3301931220,2024,67,1
33,3301952580,2024,67,1
33,3301972740,2024,67,1
33,3301975060,2024,67,1
34,3400100000,2024,29,2
34,3400300000,2024,20,6
34,3400500000,2024,20,4
34,3400700000,2024,32,2
34,3400900000,2024,29,2
34,3401100000,2024,20,2
34,3401300000,2024,20,6
34,3401500000,2024,29,4
34,3401700000,2024,32,3
34,3401900000,2024,29,2
34,3402100000,2024,20,5
34,3402300000,2024,31,4
34,3402500000,2024,32,3
34,3402700000,2024,29,1
34,3402700000,2024,32,1
34,3402900000,2024,29,2
34,3402900000,2024,32,3
34,3403100000,2024,29,4
34,3403300000,2024,20,1
34,3403500000,2024,32,2
34,3403700000,2024,29,1
34,3403900000,2024,31,3
34,3404100000,2024,29,2
35,3500100000,2024,23,294
35,3500100000,2024,20,20
35,3500300000,2024,23,15
35,3500500000,2024,23,36
35,3500600000,2024,23,25
35,3500600000,2024,20,1
35,3500700000,2024,23,17
35,3500900000,2024,23,19
35,3501100000,2024,23,6
35,3501300000,2024,23,120
35,3501300000,2024,20,12
35,3501500000,2024,23,32
35,3501700000,2024,23,16
35,3501700000,2024,20,1
35,3501900000,2024,23,8
35,3502100000,2024,23,10
35,3502300000,2024,23,13
35,3502500000,2024,23,50
35,3502700000,2024,23,28
35,3502800000,2024,23,24
35,3502800000,2024,20,2
35,3502900000,2024,23,12
35,3503100000,2024,23,60
35,3503300000,2024,23,17
35,3503500000,2024,23,45
35,3503700000,2024,23,11
35,3503900000,2024,23,80
35,3504100000,2024,23,17
35,3504300000,2024,23,161
35,3504300000,2024,20,3
35,3504500000,2024,23,104
35,3504500000,2024,20,3
35,3504700000,2024,23,35
35,3504900000,2024,23,101
35,3504900000,2024,20,4
35,3505100000,2024,23,23
35,3505300000,2024,23,25
35,3505500000,2024,23,40
35,3505700000,2024,23,21
35,3505900000,2024,23,7
35,3506100000,2024,23,55
35,3506100000,2024,20,2
36,3600100000,2024,39,160
36,3600300000,2024,53,33
36,3600500000,2024,38,614
36,3600700000,2024,7,124
36,3600900000,2024,23,55
36,3601100000,2024,7,37
36,3601300000,2024,23,82
36,3601500000,2024,23,47
36,3601700000,2024,7,28
36,3601900000,2024,23,59
36,3602100000,2024,23,32
36,3602300000,2024,23,29
36,3602500000,2024,7,29
36,3602700000,2024,23,138
36,3602900000,2024,38,444
36,3603100000,2024,23,22
36,3603300000,2024,23,27
36,3603500000,2024,23,26
36,3603700000,2024,23,24
36,3603900000,2024,23,4
36,3604100000,2024,22,11
36,3604300000,2024,53,32
36,3604500000,2024,7,47
36,3604700000,2024,38,1252
36,3604900000,2024,23,28
36,3605100000,2024,23,47
36,3605300000,2024,23,46
36,3605500000,2024,23,362
36,3605700000,2024,7,20
36,3605900000,2024,38,1021
36,3606100000,2024,38,828
36,3606300000,2024,23,82
36,3606500000,2024,23,161
36,3606700000,2024,7,213
36,3606900000,2024,23,98
36,3607100000,2024,23,133
36,3607300000,2024,7,11
36,3607500000,2024,7,75
36,3607700000,2024,53,29
36,3607900000,2024,23,46
36,3608100000,2024,38,1087
36,3608300000,2024,7,224
36,3608500000,2024,38,264
36,3608700000,2024,39,116
36,3608900000,2024,23,57
36,3609100000,2024,22,104
36,3609300000,2024,38,69
36,3609500000,2024,23,20
36,3609700000,2024,23,13
36,3609900000,2024,23,22
36,3610100000,2024,7,62
36,3610300000,2024,23,873
36,3610500000,2024,23,57
36,3610700000,2024,23,37
36,3610900000,2024,7,34
36,3611100000,2024,53,115
36,3611300000,2024,7,47
36,3611500000,2024,53,41
36,3611700000,2024,23,53
36,3611900000,2024,23,906
36,3612100000,2024,23,23
36,3612300000,2024,53,13
37,3700100000,2024,38,47
37,3700100000,2024,31,2
37,3700300000,2024,38,16
37,3700500000,2024,38,8
37,3700700000,2024,38,12
37,3700700000,2024,40,12
37,3700900000,2024,38,20
37,3701100000,2024,38,22
37,3701300000,2024,38,28
37,3701300000,2024,29,1
37,3701500000,2024,38,15
37,3701700000,2024,38,27
37,3701900000,2024,53,39
37,3701900000,2024,50,2
37,3702100000,2024,38,96
37,3702300000,2024,38,40
37,3702300000,2024,29,1
37,3702500000,2024,38,49
37,3702500000,2024,31,1
37,3702700000,2024,38,20
37,3702700000,2024,31,2
37,3702700000,2024,29,1
37,3702900000,2024,38,5
37,3703100000,2024,38,33
37,3703100000,2024,29,1
37,3703300000,2024,53,16
37,3703500000,2024,39,48
37,3703500000,2024,29,1
37,3703700000,2024,53,26
37,3703700000,2024,50,1
37,3703900000,2024,38,18
37,3704100000,2024,53,9
37,3704300000,2024,38,10
37,3704500000,2024,38,32
37,3704500000,2024,29,1
37,3704700000,2024,38,28
37,3704900000,2024,38,35
37,3705100000,2024,38,90
37,3705100000,2024,31,1
37,3705300000,2024,38,15
37,3705500000,2024,38,22
37,3705700000,2024,38,50
37,3705700000,2024,29,1
37,3705900000,2024,38,21
37,3706100000,2024,38,25
37,3706300000,2024,38,85
37,3706300000,2024,31,3
37,3706500000,2024,38,26
37,3706500000,2024,29,1
37,3706700000,2024,38,130
37,3706700000,2024,31,1
37,3706700000,2024,29,2
37,3706900000,2024,38,24
37,3707100000,2024,38,55
37,3707100000,2024,31,1
37,3707300000,2024,38,8
37,3707500000,2024,39,5
37,3707700000,2024,38,21
37,3707700000,2024,29,1
37,3707900000,2024,38,14
37,3708100000,2024,38,193
37,3708100000,2024,31,3
37,3708100000,2024,29,1
37,3708300000,2024,38,20
37,3708500000,2024,38,20
37,3708700000,2024,38,33
37,3708700000,2024,29,1
37,3708900000,2024,38,45
37,3708900000,2024,31,1
37,3709100000,2024,38,16
37,3709300000,2024,38,19
37,3709500000,2024,38,11
37,3709700000,2024,38,40
37,3709900000,2024,38,22
37,3710100000,2024,38,47
37,3710100000,2024,31,1
37,3710300000,2024,38,12
37,3710500000,2024,38,15
37,3710700000,2024,38,30
37,3710700000,2024,29,1
37,3710900000,2024,39,30
37,3710900000,2024,31,1
37,3711100000,2024,38,22
37,3711100000,2024,31,1
37,3711100000,2024,29,1
37,3711300000,2024,53,20
37,3711500000,2024,38,20
37,3711700000,2024,38,10
37,3711900000,2024,38,320
37,3711900000,2024,31,2
37,3712100000,2024,38,12
37,3712300000,2024,38,15
37,3712500000,2024,38,31
37,3712500000,2024,29,1
37,3712700000,2024,38,36
37,3712700000,2024,31,1
37,3712900000,2024,38,50
37,3712900000,2024,31,1
37,3713100000,2024,38,18
37,3713300000,2024,53,33
37,3713300000,2024,50,1
37,3713500000,2024,38,49
37,3713500000,2024,31,1
37,3713700000,2024,38,9
37,3713900000,2024,38,18
37,3714100000,2024,38,26
37,3714100000,2024,31,1
37,3714300000,2024,38,10
37,3714300000,2024,29,1
37,3714500000,2024,38,18
37,3714700000,2024,38,47
37,3714700000,2024,31,1
37,3714900000,2024,38,15
37,3715100000,2024,38,30
37,3715100000,2024,29,2
37,3715300000,2024,38,20
37,3715500000,2024,38,48
37,3715700000,2024,38,26
37,3715900000,2024,38,48
37,3715900000,2024,31,2
37,3715900000,2024,29,1
37,3716100000,2024,38,21
37,3716300000,2024,38,22
37,3716500000,2024,38,10
37,3716700000,2024,38,36
37,3716700000,2024,29,1
37,3716900000,2024,38,23
37,3717100000,2024,38,29
37,3717100000,2024,29,1
37,3717300000,2024,39,10
37,3717500000,2024,38,21
37,3717500000,2024,29,1
37,3717700000,2024,38,7
37,3717900000,2024,53,72
37,3717900000,2024,50,2
37,3718100000,2024,38,15
37,3718100000,2024,29,1
37,3718300000,2024,38,263
37,3718300000,2024,31,4
37,3718500000,2024,38,15
37,3718700000,2024,38,9
37,3718900000,2024,40,31
37,3719100000,2024,38,37
37,3719100000,2024,29,1
37,3719300000,2024,38,32
37,3719300000,2024,29,1
37,3719500000,2024,38,27
37,3719500000,2024,31,2
37,3719500000,2024,29,2
37,3719700000,2024,38,15
37,3719900000,2024,38,15
38,3800100000,2024,38,2
38,3800100000,2024,29,1
38,3800300000,2024,38,3
38,3800300000,2024,29,1
38,3800500000,2024,38,6
38,3800500000,2024,29,1
38,3800700000,2024,38,4
38,3800700000,2024,29,1
38,3800900000,2024,38,6
38,3800900000,2024,29,1
38,3801100000,2024,38,8
38,3801100000,2024,29,1
38,3801300000,2024,38,2
38,3801300000,2024,29,1
38,3801500000,2024,38,50
38,3801500000,2024,29,2
38,3801700000,2024,38,78
38,3801700000,2024,29,2
38,3801900000,2024,38,2
38,3801900000,2024,29,1
38,3802100000,2024,38,4
38,3802100000,2024,29,1
38,3802300000,2024,38,3
38,3802300000,2024,29,1
38,3802500000,2024,38,7
38,3802500000,2024,29,1
38,3802700000,2024,38,2
38,3802700000,2024,29,1
38,3802900000,2024,38,6
38,3802900000,2024,29,1
38,3803100000,2024,38,3
38,3803100000,2024,29,1
38,3803300000,2024,38,2
38,3803300000,2024,29,1
38,3803500000,2024,38,40
38,3803500000,2024,29,2
38,3803700000,2024,38,4
38,3803700000,2024,29,1
38,3803900000,2024,38,2
38,3803900000,2024,29,1
38,3804100000,2024,38,6
38,3804100000,2024,29,1
38,3804300000,2024,38,3
38,3804300000,2024,29,1
38,3804500000,2024,38,4
38,3804500000,2024,29,1
38,3804700000,2024,38,3
38,3804700000,2024,29,1
38,3804900000,2024,38,3
38,3804900000,2024,29,1
38,3805100000,2024,38,3
38,3805100000,2024,29,1
38,3805300000,2024,38,8
38,3805300000,2024,29,1
38,3805500000,2024,38,8
38,3805500000,2024,29,1
38,3805700000,2024,38,4
38,3805700000,2024,29,1
38,3805900000,2024,38,18
38,3805900000,2024,29,1
38,3806100000,2024,38,11
38,3806100000,2024,29,1
38,3806300000,2024,38,3
38,3806300000,2024,29,1
38,3806500000,2024,38,3
38,3806500000,2024,29,1
38,3806700000,2024,38,3
38,3806700000,2024,29,1
38,3806900000,2024,38,3
38,3806900000,2024,29,1
38,3807100000,2024,38,4
38,3807100000,2024,29,1
38,3807300000,2024,38,4
38,3807300000,2024,29,1
38,3807500000,2024,38,2
38,3807500000,2024,29,1
38,3807700000,2024,38,14
38,3807700000,2024,29,1
38,3807900000,2024,38,10
38,3807900000,2024,29,1
38,3808100000,2024,38,3
38,3808100000,2024,29,1
38,3808300000,2024,38,2
38,3808300000,2024,29,1
38,3808500000,2024,38,4
38,3808500000,2024,29,1
38,3808700000,2024,38,4
38,3808700000,2024,29,1
38,3808900000,2024,38,8
38,3808900000,2024,29,1
38,3809100000,2024,38,3
38,3809100000,2024,29,1
38,3809300000,2024,38,10
38,3809300000,2024,29,1
38,3809500000,2024,38,2
38,3809500000,2024,29,1
38,3809700000,2024,38,3
38,3809700000,2024,29,1
38,3809900000,2024,38,3
38,3809900000,2024,29,1
38,3810100000,2024,38,36
38,3810100000,2024,29,2
38,3810300000,2024,38,6
38,3810300000,2024,29,1
38,3810500000,2024,38,18
38,3810500000,2024,29,1
69,6900000000,2024,29,2
69,6900000000,2024,38,4
39,3900100000,2024,20,1
39,3900300000,2024,38,38
39,3900300000,2024,32,1
39,3900500000,2024,87,28
39,3900700000,2024,38,58
39,3900700000,2024,29,1
39,3900900000,2024,38,65
39,3901100000,2024,38,34
39,3901300000,2024,22,56
39,3901300000,2024,20,1
39,3901500000,2024,87,24
39,3901500000,2024,85,1
39,3901900000,2024,7,23
39,3902100000,2024,6,38
39,3902300000,2024,7,76
39,3902300000,2024,6,2
39,3902500000,2024,38,168
39,3902700000,2024,7,37
39,3902900000,2024,38,73
39,3903100000,2024,38,17
39,3903100000,2024,29,1
39,3903300000,2024,38,14
39,3903500000,2024,7,705
39,3903700000,2024,38,29
39,3903700000,2024,29,1
39,3903900000,2024,85,18
39,3904100000,2024,87,114
39,3904100000,2024,86,12
39,3904300000,2024,38,40
39,3904300000,2024,29,1
39,3904500000,2024,20,2
39,3904700000,2024,38,21
39,3904900000,2024,38,503
39,3905100000,2024,85,22
39,3905300000,2024,6,1
39,3905300000,2024,7,1
39,3905500000,2024,38,80
39,3905500000,2024,29,2
39,3905700000,2024,20,3
39,3905900000,2024,20,1
39,3906100000,2024,53,573
39,3906100000,2024,50,4
39,3906300000,2024,20,1
39,3906500000,2024,20,1
39,3906700000,2024,22,17
39,3906700000,2024,20,1
39,3906900000,2024,38,14
39,3907100000,2024,7,31
39,3907300000,2024,7,20
39,3907500000,2024,87,17
39,3907500000,2024,85,1
39,3907700000,2024,7,20
39,3907900000,2024,7,11
39,3907900000,2024,6,1
39,3908100000,2024,7,58
39,3908300000,2024,38,39
39,3908300000,2024,31,1
39,3908500000,2024,38,126
39,3908500000,2024,39,3
39,3908500000,2024,31,1
39,3908700000,2024,29,1
39,3908900000,2024,38,56
39,3908900000,2024,29,2
39,3909100000,2024,29,1
39,3909100000,2024,38,28
39,3909300000,2024,38,135
39,3909300000,2024,31,1
39,3909300000,2024,29,2
39,3909500000,2024,38,155
39,3909500000,2024,31,1
39,3909700000,2024,38,24
39,3909700000,2024,29,1
39,3909700000,2024,27,7
39,3909900000,2024,38,205
39,3909900000,2024,32,3
39,3910100000,2024,87,18
39,3910300000,2024,38,60
39,3910300000,2024,29,2
39,3910700000,2024,38,18
39,3910900000,2024,7,81
39,3911100000,2024,39,8
39,3911100000,2024,29,1
39,3911300000,2024,38,286
39,3911500000,2024,38,11
39,3911500000,2024,29,1
39,3911700000,2024,38,18
39,3911900000,2024,22,43
39,3912100000,2024,38,11
39,3912100000,2024,29,1
39,3912300000,2024,38,18
39,3912300000,2024,29,1
39,3912500000,2024,29,1
39,3912700000,2024,20,1
39,3912900000,2024,29,1
39,3912900000,2024,38,1
39,3913100000,2024,6,11
39,3913300000,2024,38,79
39,3913300000,2024,29,1
39,3913300000,2024,31,1
39,3913500000,2024,38,24
39,3913500000,2024,29,1
39,3913700000,2024,38,15
39,3913900000,2024,20,3
39,3914100000,2024,38,2
39,3914100000,2024,29,1
39,3914300000,2024,38,21
39,3914500000,2024,20,1
39,3914900000,2024,38,30
39,3914900000,2024,29,1
39,3915100000,2024,20,4
39,3915300000,2024,182.0,5
39,3915300000,2024,7,377
39,3915500000,2024,38,126
39,3915500000,2024,29,2
39,3915700000,2024,38,49
39,3915700000,2024,29,1
39,3915900000,2024,85,2
39,3916100000,2024,38,14
39,3916300000,2024,38,9
39,3916300000,2024,29,1
39,3916500000,2024,7,155
39,3916700000,2024,87,22
39,3916700000,2024,85,1
39,3916900000,2024,20,2
39,3917100000,2024,53,23
39,3917100000,2024,50,1
39,3917300000,2024,20,2
39,3917500000,2024,38,15
40,4000100000,2024,54,18
40,4000300000,2024,54,9
40,4000500000,2024,54,14
40,4000700000,2024,54,8
40,4000900000,2024,54,13
40,4001100000,2024,54,10
40,4001300000,2024,54,26
40,4001500000,2024,54,15
40,4001700000,2024,54,62
40,4001700000,2024,49,1
40,4001900000,2024,54,29
40,4002100000,2024,54,30
40,4002300000,2024,54,12
40,4002500000,2024,54,7
40,4002700000,2024,54,109
40,4002700000,2024,49,1
40,4002900000,2024,54,10
40,4003100000,2024,54,41
40,4003300000,2024,54,8
40,4003500000,2024,54,14
40,4003700000,2024,54,36
40,4003900000,2024,54,13
40,4004100000,2024,54,19
40,4004300000,2024,54,10
40,4004500000,2024,54,8
40,4004700000,2024,54,30
40,4004900000,2024,54,18
40,4005100000,2024,54,29
40,4005300000,2024,54,8
40,4005500000,2024,54,7
40,4005700000,2024,54,7
40,4005900000,2024,54,7
40,4006100000,2024,54,11
40,4006300000,2024,54,16
40,4006500000,2024,54,16
40,4006700000,2024,54,10
40,4006900000,2024,54,15
40,4007100000,2024,54,31
40,4007300000,2024,54,13
40,4007500000,2024,54,13
40,4007700000,2024,54,14
40,4007900000,2024,54,38
40,4008100000,2024,54,20
40,4008300000,2024,54,31
40,4008500000,2024,54,11
40,4008700000,2024,54,27
40,4008900000,2024,54,31
40,4009100000,2024,54,16
40,4009300000,2024,54,9
40,4009500000,2024,54,10
40,4009700000,2024,54,26
40,4009900000,2024,54,11
40,4010100000,2024,54,40
40,4010300000,2024,54,12
40,4010500000,2024,54,13
40,4010700000,2024,54,14
40,4010900000,2024,54,288
40,4010900000,2024,49,1
40,4011100000,2024,54,26
40,4011300000,2024,54,30
40,4011500000,2024,54,14
40,4011700000,2024,54,11
40,4011900000,2024,54,32
40,4012100000,2024,54,39
40,4012300000,2024,54,21
40,4012500000,2024,54,32
40,4012700000,2024,54,13
40,4012900000,2024,54,10
40,4013100000,2024,54,40
40,4013300000,2024,54,12
40,4013500000,2024,54,26
40,4013700000,2024,54,29
40,4013900000,2024,54,12
40,4014100000,2024,54,9
40,4014300000,2024,54,253
40,4014300000,2024,49,1
40,4014500000,2024,54,31
40,4014700000,2024,54,27
40,4014900000,2024,54,13
40,4015100000,2024,54,7
40,4015300000,2024,54,17
42,4200300000,2024,38,1414
42,4200500000,2024,22,62
42,4200700000,2024,38,130
42,4200700000,2024,29,2
42,4200900000,2024,22,40
42,4201100000,2024,38,202
42,4201100000,2024,31,2
42,4201300000,2024,38,93
42,4201300000,2024,29,2
42,4201500000,2024,87,61
42,4201500000,2024,85,1
42,4201700000,2024,7,608
42,4201700000,2024,6,10
42,4201900000,2024,38,131
42,4201900000,2024,29,1
42,4201900000,2024,31,1
42,4202100000,2024,38,125
42,4202100000,2024,29,1
42,4202300000,2024,27,15
42,4202300000,2024,38,2
42,4202500000,2024,22,51
42,4202500000,2024,20,1
42,4202700000,2024,38,90
42,4202900000,2024,38,270
42,4202900000,2024,29,1
42,4202900000,2024,31,2
42,4203100000,2024,22,53
42,4203100000,2024,20,2
42,4203300000,2024,38,71
42,4203500000,2024,38,36
42,4203700000,2024,87,41
42,4203700000,2024,85,1
42,4203900000,2024,22,65
42,4203900000,2024,20,1
42,4204100000,2024,28,430
42,4204100000,2024,32,2
42,4204100000,2024,31,2
42,4204500000,2024,53,429
42,4204500000,2024,50,6
42,4204700000,2024,27,108
42,4204700000,2024,38,6
42,4204900000,2024,22,163
42,4204900000,2024,20,4
42,4205100000,2024,22,77
42,4205100000,2024,20,3
42,4205300000,2024,38,12
42,4205500000,2024,38,73
42,4205500000,2024,29,2
42,4205700000,2024,53,13
42,4205700000,2024,50,1
42,4205900000,2024,38,41
42,4205900000,2024,29,1
42,4206100000,2024,38,58
42,4206300000,2024,38,69
42,4206300000,2024,29,1
42,4206500000,2024,22,37
42,4206500000,2024,20,1
42,4206700000,2024,38,23
42,4206900000,2024,38,163
42,4206900000,2024,29,3
42,4207300000,2024,38,75
42,4207300000,2024,29,3
42,4207500000,2024,38,60
42,4207500000,2024,29,2
42,4207900000,2024,22,226
42,4207900000,2024,20,4
42,4208100000,2024,7,81
42,4208300000,2024,27,97
42,4208500000,2024,38,91
42,4208500000,2024,29,2
42,4208700000,2024,38,26
42,4208900000,2024,7,104
42,4208900000,2024,6,1
42,4209300000,2024,38,15
42,4209900000,2024,7,32
42,4209900000,2024,6,2
42,4210100000,2024,28,3671
42,4210100000,2024,29,4
42,4210100000,2024,31,4
42,4210300000,2024,22,34
42,4210300000,2024,20,2
42,4210500000,2024,27,64
42,4210700000,2024,38,125
42,4210700000,2024,29,2
42,4210900000,2024,38,25
42,4210900000,2024,29,1
42,4211100000,2024,38,66
42,4211100000,2024,29,1
42,4211300000,2024,7,15
42,4211300000,2024,6,1
42,4211500000,2024,85,2
42,4211700000,2024,38,55
42,4211700000,2024,29,1
42,4211900000,2024,87,26
42,4212100000,2024,38,44
42,4212300000,2024,20,2
42,4212500000,2024,38,182
42,4212500000,2024,29,2
42,4212700000,2024,6,3
42,4212900000,2024,38,306
42,4212900000,2024,29,5
42,4213300000,2024,22,250
42,4213300000,2024,20,5
72,7200000000,2024,22,4765
72,7200000000,2024,20,20
44,4400105140,2024,38,9
44,4400105140,2024,31,3
44,4400109280,2024,38,11
44,4400109280,2024,31,3
44,4400173760,2024,38,7
44,4400173760,2024,31,3
44,4400318640,2024,38,21
44,4400318640,2024,31,3
44,4400322240,2024,38,8
44,4400322240,2024,31,3
44,4400374300,2024,38,38
44,4400374300,2024,31,3
44,4400377720,2024,38,7
44,4400377720,2024,31,3
44,4400378440,2024,38,13
44,4400378440,2024,31,3
44,4400536820,2024,38,5
44,4400536820,2024,31,3
44,4400542400,2024,38,5
44,4400542400,2024,31,3
44,4400545460,2024,38,8
44,4400545460,2024,31,3
44,4400549960,2024,38,12
44,4400549960,2024,31,3
44,4400557880,2024,38,10
44,4400557880,2024,31,3
44,4400570880,2024,38,10
44,4400570880,2024,31,3
44,4400711800,2024,38,9
44,4400711800,2024,31,3
44,4400714140,2024,38,11
44,4400714140,2024,31,3
44,4400719180,2024,38,34
44,4400719180,2024,31,3
44,4400720080,2024,38,26
44,4400720080,2024,31,3
44,4400722960,2024,38,21
44,4400722960,2024,31,3
44,4400727460,2024,38,5
44,4400727460,2024,31,3
44,4400730340,2024,38,8
44,4400730340,2024,31,3
44,4400737720,2024,38,15
44,4400737720,2024,31,3
44,4400741500,2024,38,14
44,4400741500,2024,31,3
44,4400751760,2024,38,16
44,4400751760,2024,31,3
44,4400752480,2024,38,8
44,4400752480,2024,31,3
44,4400754640,2024,38,45
44,4400754640,2024,31,3
44,4400759000,2024,38,88
44,4400759000,2024,31,3
44,4400764220,2024,38,6
44,4400764220,2024,31,3
44,4400766200,2024,38,9
44,4400766200,2024,31,3
44,4400780780,2024,38,24
44,4400780780,2024,31,3
44,4400914500,2024,38,11
44,4400914500,2024,31,3
44,4400925300,2024,38,7
44,4400925300,2024,31,3
44,4400935380,2024,38,8
44,4400935380,2024,31,3
44,4400948340,2024,38,7
44,4400948340,2024,31,3
44,4400950500,2024,38,4
44,4400950500,2024,31,3
44,4400951580,2024,38,13
44,4400951580,2024,31,3
44,4400961160,2024,38,6
44,4400961160,2024,31,3
44,4400967460,2024,38,14
44,4400967460,2024,31,3
44,4400977000,2024,38,17
44,4400977000,2024,31,3
45,4500100000,2024,39,20
45,4500300000,2024,39,103
45,4500300000,2024,29,1
45,4500500000,2024,39,12
45,4500700000,2024,39,98
45,4500700000,2024,29,1
45,4500900000,2024,39,17
45,4501100000,2024,39,22
45,4501300000,2024,39,137
45,4501300000,2024,29,2
45,4501500000,2024,39,107
45,4501500000,2024,29,1
45,4501700000,2024,39,16
45,4501900000,2024,39,220
45,4501900000,2024,29,2
45,4501900000,2024,31,1
45,4502100000,2024,39,42
45,4502300000,2024,39,25
45,4502500000,2024,39,46
45,4502700000,2024,39,38
45,4502900000,2024,39,38
45,4503100000,2024,39,44
45,4503300000,2024,39,24
45,4503500000,2024,39,111
45,4503700000,2024,39,18
45,4503900000,2024,39,30
45,4504100000,2024,39,84
45,4504100000,2024,29,1
45,4504300000,2024,39,50
45,4504500000,2024,39,193
45,4504500000,2024,29,2
45,4504700000,2024,39,69
45,4504900000,2024,39,22
45,4505100000,2024,39,166
45,4505100000,2024,29,2
45,4505300000,2024,39,30
45,4505500000,2024,39,58
45,4505700000,2024,39,68
45,4505900000,2024,39,47
45,4506100000,2024,39,25
45,4506300000,2024,39,133
45,4506300000,2024,29,2
45,4506500000,2024,39,21
45,4506700000,2024,39,21
45,4506900000,2024,39,21
45,4507100000,2024,39,36
45,4507300000,2024,39,44
45,4507500000,2024,39,65
45,4507700000,2024,39,80
45,4507900000,2024,39,225
45,4507900000,2024,29,3
45,4508100000,2024,39,32
45,4508300000,2024,39,120
45,4508300000,2024,29,2
45,4508500000,2024,39,80
45,4508700000,2024,39,27
45,4508900000,2024,39,39
45,4509100000,2024,39,200
45,4509100000,2024,29,2
46,4600300000,2024,38,2
46,4600500000,2024,31,1
46,4601100000,2024,31,1
46,4601300000,2024,31,1
46,4601500000,2024,29,1
46,4602100000,2024,38,1
46,4602300000,2024,29,1
46,4602700000,2024,29,1
46,4602900000,2024,31,1
46,4603100000,2024,38,2
46,4603300000,2024,29,1
46,4603500000,2024,31,1
46,4603900000,2024,29,1
46,4604100000,2024,38,3
46,4604300000,2024,38,2
46,4604700000,2024,29,1
46,4604900000,2024,38,2
46,4605900000,2024,38,2
46,4606100000,2024,38,2
46,4606500000,2024,29,2
46,4606700000,2024,29,1
46,4607100000,2024,38,1
46,4607500000,2024,38,1
46,4607700000,2024,38,3
46,4607900000,2024,29,1
46,4608100000,2024,29,2
46,4608300000,2024,31,2
46,4608500000,2024,29,1
46,4608700000,2024,29,1
46,4608900000,2024,38,2
46,4609100000,2024,29,1
46,4609500000,2024,38,1
46,4609700000,2024,29,1
46,4609900000,2024,31,4
46,4610100000,2024,29,1
46,4610200000,2024,29,1
46,4610300000,2024,31,3
46,4610500000,2024,38,1
46,4610700000,2024,38,2
46,4610900000,2024,29,1
46,4611100000,2024,38,2
46,4611500000,2024,29,1
46,4612100000,2024,29,1
46,4612300000,2024,29,1
46,4612700000,2024,29,2
46,4612900000,2024,38,2
46,4613500000,2024,29,1
46,4613700000,2024,38,1
47,4700100000,2024,53,35
47,4700500000,2024,53,9
47,4700700000,2024,53,14
47,4700900000,2024,53,42
47,4701300000,2024,53,24
47,4701700000,2024,53,20
47,4702300000,2024,38,14
47,4702500000,2024,53,20
47,4703100000,2024,38,21
47,4703300000,2024,38,12
47,4703700000,2024,38,304
47,4703700000,2024,29,1
47,4703900000,2024,38,9
47,4704300000,2024,38,15
47,4705700000,2024,53,13
47,4705900000,2024,38,25
47,4706500000,2024,39,117
47,4706500000,2024,29,1
47,4706500000,2024,32,1
47,4706700000,2024,53,8
47,4706900000,2024,53,13
47,4707100000,2024,38,18
47,4707500000,2024,53,13
47,4707700000,2024,53,14
47,4708100000,2024,53,14
47,4708300000,2024,38,12
47,4708500000,2024,53,8
47,4709300000,2024,53,131
47,4709300000,2024,50,3
47,4709500000,2024,38,5
47,4710100000,2024,53,11
47,4710300000,2024,38,25
47,4710500000,2024,38,31
47,4710700000,2024,53,16
47,4710900000,2024,38,19
47,4711300000,2024,38,35
47,4711300000,2024,29,1
47,4711500000,2024,53,24
47,4711900000,2024,38,28
47,4711900000,2024,29,2
47,4712300000,2024,53,13
47,4712700000,2024,38,6
47,4712900000,2024,53,14
47,4713100000,2024,53,15
47,4713700000,2024,38,10
47,4713900000,2024,87,11
47,4714300000,2024,53,15
47,4714500000,2024,38,32
47,4715500000,2024,38,35
47,4715700000,2024,38,186
47,4715700000,2024,29,4
47,4716100000,2024,38,11
47,4716300000,2024,53,35
47,4718300000,2024,38,11
47,4718500000,2024,53,14
47,4718700000,2024,38,65
47,4718900000,2024,38,26
47,4718900000,2024,29,1
48,4800100000,2024,38,22
48,4800100000,2024,29,1
48,4800300000,2024,29,1
48,4800500000,2024,38,31
48,4800700000,2024,53,12
48,4800900000,2024,53,9
48,4801100000,2024,38,5
48,4801300000,2024,38,20
48,4801500000,2024,38,16
48,4801500000,2024,29,1
48,4801700000,2024,38,4
48,4801900000,2024,53,14
48,4802100000,2024,38,19
48,4802100000,2024,31,1
48,4802300000,2024,38,4
48,4802500000,2024,53,13
48,4802900000,2024,38,369
48,4802900000,2024,29,4
48,4802900000,2024,31,1
48,4803100000,2024,38,9
48,4803300000,2024,38,7
48,4803500000,2024,38,14
48,4803700000,2024,38,31
48,4803700000,2024,29,2
48,4803900000,2024,53,64
48,4803900000,2024,50,1
48,4804100000,2024,53,35
48,4804100000,2024,50,2
48,4804300000,2024,38,4
48,4804500000,2024,38,2
48,4804700000,2024,53,7
48,4804900000,2024,53,17
48,4805100000,2024,53,12
48,4805300000,2024,183.0,1
48,4805300000,2024,184.0,1
48,4805500000,2024,38,21
48,4805500000,2024,29,1
48,4805700000,2024,29,1
48,4805900000,2024,53,8
48,4806100000,2024,38,65
48,4806100000,2024,39,25
48,4806100000,2024,29,2
48,4806500000,2024,29,1
48,4806700000,2024,53,14
48,4807100000,2024,53,17
48,4807100000,2024,50,1
48,4807300000,2024,53,23
48,4807500000,2024,38,6
48,4807700000,2024,38,15
48,4807900000,2024,38,5
48,4808100000,2024,53,5
48,4808300000,2024,38,6
48,4808500000,2024,38,184
48,4808500000,2024,29,2
48,4808500000,2024,31,2
48,4808900000,2024,38,15
48,4809100000,2024,53,34
48,4809500000,2024,53,8
48,4809700000,2024,38,9
48,4809700000,2024,29,1
48,4809900000,2024,53,26
48,4810100000,2024,38,6
48,4810300000,2024,38,4
48,4810500000,2024,38,6
48,4810700000,2024,53,5
48,4811100000,2024,38,6
48,4811300000,2024,38,538
48,4811500000,2024,54,11
48,4811700000,2024,53,5
48,4811900000,2024,54,9
48,4812100000,2024,53,204
48,4812100000,2024,50,3
48,4812300000,2024,53,9
48,4812500000,2024,53,3
48,4812500000,2024,50,1
48,4813100000,2024,53,15
48,4813500000,2024,53,28
48,4813500000,2024,50,1
48,4813700000,2024,39,6
48,4813900000,2024,38,39
48,4813900000,2024,29,1
48,4814100000,2024,38,156
48,4814100000,2024,29,2
48,4814300000,2024,38,15
48,4814500000,2024,53,13
48,4814700000,2024,53,16
48,4814700000,2024,50,1
48,4814900000,2024,38,2
48,4815100000,2024,38,7
48,4815500000,2024,54,1
48,4815700000,2024,38,120
48,4815700000,2024,29,2
48,4815900000,2024,38,10
48,4816500000,2024,53,6
48,4816500000,2024,50,1
48,4816700000,2024,53,105
48,4816900000,2024,38,5
48,4817100000,2024,53,15
48,4817500000,2024,38,11
48,4817700000,2024,38,16
48,4818100000,2024,38,47
48,4818100000,2024,29,1
48,4818300000,2024,53,27
48,4818300000,2024,50,1
48,4818500000,2024,53,14
48,4818700000,2024,38,61
48,4818700000,2024,29,1
48,4818900000,2024,54,17
48,4819100000,2024,38,3
48,4819300000,2024,38,13
48,4819900000,2024,53,28
48,4820100000,2024,53,2486
48,4820500000,2024,38,7
48,4820700000,2024,38,10
48,4820900000,2024,53,67
48,4820900000,2024,50,1
48,4821100000,2024,38,3
48,4821300000,2024,38,28
48,4821500000,2024,53,240
48,4821700000,2024,53,13
48,4821900000,2024,38,3
48,4821900000,2024,29,1
48,4822100000,2024,53,12
48,4822100000,2024,50,1
48,4822300000,2024,53,17
48,4822500000,2024,29,1
48,4822700000,2024,38,6
48,4822900000,2024,53,9
48,4823100000,2024,54,42
48,4823300000,2024,38,12
48,4823500000,2024,53,4
48,4823700000,2024,53,6
48,4823900000,2024,38,11
48,4824100000,2024,38,20
48,4824300000,2024,38,3
48,4824500000,2024,38,61
48,4824500000,2024,29,2
48,4824700000,2024,54,6
48,4824900000,2024,53,18
48,4825100000,2024,32,1
48,4825300000,2024,38,9
48,4825500000,2024,53,14
48,4825700000,2024,38,33
48,4825700000,2024,29,1
48,4825900000,2024,38,16
48,4826100000,2024,38,4
48,4826500000,2024,53,20
48,4826700000,2024,53,6
48,4827300000,2024,38,17
48,4827500000,2024,29,1
48,4827700000,2024,38,26
48,4827900000,2024,29,1
48,4827900000,2024,38,2
48,4828100000,2024,38,7
48,4828500000,2024,38,13
48,4828700000,2024,38,10
48,4829100000,2024,53,22
48,4829300000,2024,40,4
48,4829500000,2024,53,5
48,4829700000,2024,53,15
48,4829900000,2024,53,9
48,4830300000,2024,53,128
48,4830500000,2024,38,5
48,4830700000,2024,53,9
48,4831100000,2024,38,6
48,4831300000,2024,53,5
48,4831500000,2024,54,8
48,4831700000,2024,54,7
48,4832300000,2024,96,1
48,4832500000,2024,53,19
48,4832700000,2024,53,4
48,4832900000,2024,38,30
48,4832900000,2024,29,1
48,4833100000,2024,54,12
48,4833300000,2024,53,8
48,4833500000,2024,38,6
48,4833700000,2024,38,15
48,4833900000,2024,53,292
48,4833900000,2024,50,1
48,4834100000,2024,38,9
48,4834300000,2024,38,9
48,4834500000,2024,53,8
48,4834700000,2024,50,3
48,4834900000,2024,38,20
48,4835100000,2024,29,1
48,4835300000,2024,38,9
48,4835700000,2024,38,6
48,4835900000,2024,38,6
48,4836100000,2024,38,26
48,4836100000,2024,31,1
48,4836300000,2024,53,18
48,4836700000,2024,53,49
48,4836900000,2024,38,5
48,4837100000,2024,38,14
48,4837500000,2024,53,36
48,4837900000,2024,53,10
48,4838100000,2024,53,41
48,4838100000,2024,50,2
48,4838300000,2024,53,5
48,4838700000,2024,53,10
48,4838900000,2024,39,8
48,4838900000,2024,29,1
48,4839100000,2024,53,11
48,4839300000,2024,53,5
48,4839500000,2024,38,13
48,4839700000,2024,38,17
48,4839700000,2024,29,1
48,4839900000,2024,54,7
48,4840100000,2024,29,1
48,4840300000,2024,53,8
48,4840500000,2024,53,13
48,4840700000,2024,53,8
48,4840900000,2024,53,13
48,4841300000,2024,38,6
48,4841500000,2024,38,8
48,4841700000,2024,54,6
48,4842100000,2024,38,3
48,4842300000,2024,38,63
48,4842500000,2024,38,4
48,4842700000,2024,38,14
48,4842900000,2024,38,5
48,4843300000,2024,38,2
48,4843500000,2024,38,3
48,4843700000,2024,38,6
48,4843900000,2024,53,429
48,4843900000,2024,50,3
48,4844100000,2024,53,46
48,4844500000,2024,38,7
48,4844700000,2024,53,3
48,4844900000,2024,53,21
48,4845100000,2024,53,25
48,4845300000,2024,38,243
48,4845300000,2024,31,2
48,4845300000,2024,32,2
48,4845700000,2024,38,18
48,4845900000,2024,53,18
48,4846100000,2024,38,5
48,4846300000,2024,53,13
48,4846500000,2024,38,25
48,4846500000,2024,29,1
48,4846700000,2024,53,19
48,4846700000,2024,50,1
48,4846900000,2024,32,1
48,4846900000,2024,39,39
48,4847100000,2024,38,12
48,4847500000,2024,53,1
48,4847700000,2024,38,3
48,4847700000,2024,29,1
48,4847900000,2024,38,54
48,4848500000,2024,53,27
48,4848500000,2024,50,1
48,4848700000,2024,54,7
48,4849100000,2024,38,82
48,4849300000,2024,38,14
48,4849700000,2024,53,25
48,4849700000,2024,50,1
48,4849900000,2024,53,19
48,4850100000,2024,38,4
48,4850300000,2024,53,9
48,4850500000,2024,50,8
48,4850500000,2024,53,9
78,7800000000,2024,38,30
49,4900100000,2024,87,1
49,4900300000,2024,39,4
49,4900500000,2024,38,4
49,4900500000,2024,29,2
49,4900700000,2024,29,1
49,4900700000,2024,38,2
49,4901100000,2024,38,17
49,4901300000,2024,38,1
49,4901300000,2024,29,1
49,4901500000,2024,29,1
49,4901700000,2024,39,2
49,4901900000,2024,39,2
49,4902100000,2024,38,6
49,4902100000,2024,29,1
49,4902300000,2024,39,2
49,4902500000,2024,38,1
49,4902500000,2024,29,1
49,4902700000,2024,29,1
49,4903100000,2024,39,1
49,4903300000,2024,39,2
49,4903500000,2024,20,9
49,4903900000,2024,29,1
49,4904100000,2024,39,2
49,4904100000,2024,29,1
49,4904300000,2024,29,1
49,4904500000,2024,29,2
49,4904700000,2024,39,2
49,4904700000,2024,29,1
49,4904900000,2024,31,2
49,4904900000,2024,29,2
49,4904900000,2024,38,2
49,4905100000,2024,38,1
49,4905100000,2024,29,1
49,4905300000,2024,39,8
49,4905300000,2024,38,4
49,4905500000,2024,39,1
49,4905500000,2024,38,1
49,4905700000,2024,29,3
51,5100100000,2024,87,35
51,5100300000,2024,38,40
51,5100500000,2024,38,15
51,5100700000,2024,23,8
51,5100900000,2024,53,16
51,5101100000,2024,38,12
51,5101300000,2024,87,123
51,5101300000,2024,85,1
51,5101500000,2024,87,26
51,5101500000,2024,86,5
51,5101700000,2024,38,10
51,5101900000,2024,23,36
51,5102100000,2024,38,9
51,5102300000,2024,38,15
51,5102500000,2024,87,16
51,5102700000,2024,23,21
51,5102900000,2024,38,12
51,5103100000,2024,53,19
51,5103300000,2024,22,15
51,5103500000,2024,38,21
51,5103600000,2024,38,6
51,5103700000,2024,23,9
51,5104100000,2024,38,118
51,5104100000,2024,29,1
51,5104300000,2024,38,19
51,5104500000,2024,23,10
51,5104700000,2024,38,22
51,5104900000,2024,23,8
51,5105100000,2024,23,14
51,5105300000,2024,87,17
51,5105700000,2024,53,7
51,5105900000,2024,38,582
51,5105900000,2024,31,2
51,5106100000,2024,38,30
51,5106300000,2024,53,7
51,5106500000,2024,86,11
51,5106700000,2024,23,33
51,5106900000,2024,38,34
51,5107100000,2024,38,11
51,5107300000,2024,23,17
51,5107500000,2024,38,14
51,5107700000,2024,38,18
51,5107900000,2024,87,9
51,5107900000,2024,86,1
51,5108100000,2024,23,11
51,5108300000,2024,87,25
51,5108500000,2024,38,41
51,5108500000,2024,29,1
51,5108700000,2024,38,124
51,5108700000,2024,29,1
51,5108900000,2024,53,27
51,5109100000,2024,86,7
51,5109300000,2024,38,21
51,5109500000,2024,87,23
51,5109500000,2024,85,2
51,5109700000,2024,53,8
51,5109900000,2024,53,15
51,5110100000,2024,38,9
51,5110300000,2024,87,4
51,5110300000,2024,86,4
51,5110500000,2024,23,20
51,5110700000,2024,86,118
51,5110900000,2024,23,18
51,5111100000,2024,38,15
51,5111300000,2024,53,13
51,5111500000,2024,87,7
51,5111700000,2024,23,26
51,5111900000,2024,87,9
51,5112100000,2024,86,36
51,5112100000,2024,85,1
51,5112500000,2024,87,13
51,5112700000,2024,38,15
51,5113100000,2024,87,8
51,5113300000,2024,53,9
51,5113500000,2024,23,12
51,5113700000,2024,86,16
51,5113900000,2024,23,8
51,5114100000,2024,38,17
51,5114300000,2024,38,34
51,5114500000,2024,86,18
51,5114700000,2024,38,14
51,5114900000,2024,38,15
51,5115300000,2024,53,175
51,5115300000,2024,50,2
51,5115500000,2024,38,18
51,5115700000,2024,22,8
51,5115900000,2024,53,7
51,5116100000,2024,86,43
51,5116100000,2024,50,1
51,5116300000,2024,53,23
51,5116500000,2024,86,33
51,5116700000,2024,23,19
51,5116900000,2024,23,21
51,5117100000,2024,87,16
51,5117100000,2024,86,3
51,5117300000,2024,23,17
51,5117500000,2024,38,15
51,5117700000,2024,39,40
51,5117900000,2024,38,41
51,5118100000,2024,38,10
51,5118300000,2024,38,12
51,5118500000,2024,38,25
51,5118700000,2024,87,16
51,5119100000,2024,23,23
51,5119300000,2024,53,12
51,5119500000,2024,38,17
51,5119700000,2024,38,14
51,5119900000,2024,38,26
51,5151000000,2024,53,73
51,5151000000,2024,50,1
51,5152000000,2024,23,9
51,5153000000,2024,23,6
51,5154000000,2024,53,23
51,5155000000,2024,53,79
51,5157000000,2024,38,10
51,5158000000,2024,38,3
51,5159000000,2024,86,20
51,5159000000,2024,85,1
51,5159500000,2024,38,9
51,5160000000,2024,87,9
51,5160000000,2024,86,2
51,5161000000,2024,53,10
51,5162000000,2024,38,14
51,5163000000,2024,38,13
51,5164000000,2024,87,4
51,5165000000,2024,38,49
51,5166000000,2024,38,13
51,5167000000,2024,38,13
51,5167800000,2024,53,5
51,5168000000,2024,86,22
51,5168300000,2024,87,14
51,5168500000,2024,86,7
51,5169000000,2024,38,10
51,5170000000,2024,38,60
51,5171000000,2024,53,58
51,5171000000,2024,50,1
51,5172000000,2024,38,3
51,5173000000,2024,38,25
51,5173500000,2024,38,7
51,5174000000,2024,38,35
51,5174000000,2024,29,1
51,5175000000,2024,23,8
51,5176000000,2024,39,83
51,5176000000,2024,29,1
51,5177000000,2024,87,21
51,5177000000,2024,86,3
51,5177500000,2024,23,13
51,5179000000,2024,38,8
51,5180000000,2024,23,39
51,5181000000,2024,38,119
51,5182000000,2024,39,9
51,5183000000,2024,87,7
51,5184000000,2024,87,12
53,5300100000,2024,6,1
53,5300300000,2024,50,1
53,5300500000,2024,6,2
53,5300700000,2024,50,1
53,5300900000,2024,6,2
53,5301100000,2024,50,4
53,5301300000,2024,50,1
53,5301500000,2024,6,2
53,5301700000,2024,50,1
53,5301900000,2024,6,1
53,5302100000,2024,20,2
53,5302300000,2024,50,1
53,5302500000,2024,6,1
53,5302700000,2024,6,1
53,5302900000,2024,50,2
53,5303100000,2024,32,2
53,5303300000,2024,6,9
53,5303500000,2024,50,4
53,5303700000,2024,50,1
53,5303900000,2024,50,1
53,5304100000,2024,6,2
53,5304300000,2024,50,1
53,5304500000,2024,6,2
53,5304700000,2024,50,2
53,5304900000,2024,6,2
53,5305100000,2024,6,2
53,5305300000,2024,6,5
53,5305500000,2024,50,1
53,5305700000,2024,50,3
53,5305900000,2024,6,1
53,5306100000,2024,6,5
53,5306300000,2024,6,4
53,5306500000,2024,50,1
53,5306700000,2024,31,3
53,5306900000,2024,6,1
53,5307100000,2024,29,2
53,5307300000,2024,6,4
53,5307500000,2024,31,1
53,5307700000,2024,50,3
54,5400100000,2024,38,19
54,5400300000,2024,38,85
54,5400500000,2024,38,30
54,5400700000,2024,38,20
54,5400900000,2024,27,99
54,5401100000,2024,38,73
54,5401300000,2024,38,15
54,5401500000,2024,38,2
54,5401500000,2024,96,1
54,5401700000,2024,38,15
54,5401900000,2024,38,43
54,5402100000,2024,29,1
54,5402300000,2024,38,19
54,5402500000,2024,38,31
54,5402700000,2024,38,27
54,5402700000,2024,29,1
54,5402900000,2024,38,26
54,5403100000,2024,38,15
54,5403300000,2024,38,65
54,5403500000,2024,38,35
54,5403700000,2024,38,32
54,5403900000,2024,38,152
54,5404100000,2024,31,1
54,5404300000,2024,38,17
54,5404500000,2024,38,34
54,5404700000,2024,38,33
54,5404900000,2024,38,3
54,5405100000,2024,29,1
54,5405300000,2024,38,32
54,5405500000,2024,38,45
54,5405700000,2024,38,27
54,5405900000,2024,38,43
54,5406100000,2024,38,60
54,5406300000,2024,38,13
54,5406500000,2024,38,13
54,5406700000,2024,38,30
54,5406900000,2024,38,36
54,5407100000,2024,38,10
54,5407300000,2024,38,10
54,5407500000,2024,38,18
54,5407700000,2024,38,28
54,5407900000,2024,38,49
54,5408100000,2024,38,58
54,5408300000,2024,38,29
54,5408500000,2024,38,4
54,5408700000,2024,38,18
54,5408900000,2024,38,15
54,5409100000,2024,38,21
54,5409300000,2024,38,16
54,5409500000,2024,38,11
54,5409700000,2024,38,24
54,5409900000,2024,38,40
54,5410100000,2024,38,15
54,5410300000,2024,38,25
54,5410500000,2024,38,10
54,5410700000,2024,38,51
54,5410900000,2024,38,33
56,5600100000,2024,38,19
56,5600100000,2024,29,1
56,5600300000,2024,38,17
56,5600500000,2024,38,25
56,5600500000,2024,29,1
56,5600700000,2024,38,19
56,5600700000,2024,29,1
56,5600900000,2024,38,15
56,5601100000,2024,38,13
56,5601300000,2024,38,19
56,5601300000,2024,29,1
56,5601500000,2024,38,12
56,5601700000,2024,38,6
56,5601900000,2024,38,8
56,5602100000,2024,38,18
56,5602100000,2024,29,2
56,5602300000,2024,38,21
56,5602500000,2024,38,48
56,5602500000,2024,31,1
56,5602700000,2024,38,8
56,5602900000,2024,38,20
56,5602900000,2024,29,1
56,5603100000,2024,38,9
56,5603300000,2024,38,28
56,5603300000,2024,29,1
56,5603500000,2024,38,11
56,5603700000,2024,38,32
56,5603700000,2024,29,1
56,5603900000,2024,38,12
56,5603900000,2024,29,1
56,5604100000,2024,38,11
56,5604300000,2024,38,7
56,5604500000,2024,38,5
