county_fips,GEOID
48001,48001-1
48001,48001-2
48001,48001-3
48001,48001-4
48001,48001-5
48001,48001-6
48001,48001-7
48001,48001-8
48001,48001-9
48001,48001-10
48001,48001-11
48001,48001-13
48001,48001-15
48001,48001-16
48001,48001-17
48001,48001-18
48001,48001-19
48001,48001-20
48001,48001-21
48001,48001-22
48001,48001-23
48001,48001-24
48003,48003-1
48003,48003-2
48003,48003-3
48003,48003-4
48005,48005-1
48005,48005-2
48005,48005-3
48005,48005-4
48005,48005-5
48005,48005-6
48005,48005-7
48005,48005-8
48005,48005-9
48005,48005-10A
48005,48005-10B
48005,48005-11
48005,48005-12
48005,48005-13
48005,48005-14
48005,48005-15
48005,48005-16
48005,48005-17
48005,48005-18
48005,48005-19
48005,48005-20
48005,48005-21
48005,48005-22
48005,48005-23
48005,48005-24
48005,48005-25
48005,48005-26
48005,48005-27
48005,48005-28
48005,48005-29
48005,48005-30
48005,48005-31
48005,48005-32
48005,48005-33
48005,48005-34
48005,48005-35
48005,48005-37
48005,48005-38
48005,48005-39
48005,48005-40
48005,48005-11B
48005,48005-17B
48007,48007-1
48007,48007-2
48007,48007-3
48007,48007-4
48007,48007-1A
48007,48007-4A
48009,48009-1
48009,48009-2
48009,48009-3
48009,48009-4
48009,48009-5
48009,48009-6
48009,48009-7
48009,48009-8
48009,48009-9
48009,48009-10
48009,48009-11
48009,48009-12
48009,48009-13
48011,48011-101
48011,48011-201
48011,48011-202
48011,48011-301
48011,48011-303
48011,48011-401
48011,48011-402
48011,48011-404
48013,48013-1
48013,48013-3
48013,48013-4
48013,48013-5
48013,48013-6
48013,48013-7
48013,48013-8
48013,48013-9
48013,48013-10
48013,48013-11
48013,48013-12
48013,48013-13
48013,48013-14
48013,48013-15
48013,48013-17
48013,48013-18
48013,48013-19
48013,48013-20
48013,48013-21
48013,48013-22
48015,48015-101
48015,48015-102
48015,48015-103
48015,48015-104
48015,48015-205
48015,48015-206
48015,48015-207
48015,48015-208
48015,48015-309
48015,48015-310
48015,48015-311
48015,48015-412
48015,48015-413
48015,48015-414
48015,48015-415
48017,48017-1
48017,48017-2
48017,48017-3
48017,48017-4A
48017,48017-4B
48019,48019-101
48019,48019-102
48019,48019-203
48019,48019-204
48019,48019-305
48019,48019-306
48019,48019-407
48019,48019-408
48019,48019-409
48019,48019-410
48021,48021-1001
48021,48021-1002
48021,48021-1003
48021,48021-1004
48021,48021-1005
48021,48021-1006
48021,48021-1007
48021,48021-1008
48021,48021-1009
48021,48021-2010
48021,48021-2011
48021,48021-2012
48021,48021-2013
48021,48021-2014
48021,48021-2015
48021,48021-2016
48021,48021-3017
48021,48021-3018
48021,48021-3019
48021,48021-3020
48021,48021-4021
48021,48021-4022
48021,48021-4023
48021,48021-4024
48021,48021-4025
48021,48021-4026
48023,48023-1
48023,48023-2
48023,48023-3
48023,48023-4
48025,48025-1
48025,48025-2
48025,48025-3
48025,48025-4
48025,48025-5
48025,48025-6
48025,48025-9
48025,48025-10
48025,48025-13
48025,48025-16
48025,48025-17
48025,48025-18
48025,48025-19
48027,48027-101
48027,48027-102
48027,48027-103
48027,48027-104
48027,48027-105
48027,48027-106
48027,48027-107
48027,48027-108
48027,48027-109
48027,48027-110
48027,48027-111
48027,48027-113
48027,48027-114
48027,48027-115
48027,48027-116
48027,48027-118
48027,48027-119
48027,48027-201
48027,48027-202
48027,48027-203
48027,48027-204
48027,48027-205
48027,48027-206
48027,48027-207
48027,48027-208
48027,48027-209
48027,48027-210
48027,48027-211
48027,48027-212
48027,48027-213
48027,48027-214
48027,48027-215
48027,48027-216
48027,48027-301
48027,48027-302
48027,48027-303
48027,48027-304
48027,48027-305
48027,48027-306
48027,48027-307
48027,48027-308
48027,48027-309
48027,48027-310
48027,48027-311
48027,48027-312
48027,48027-313
48027,48027-314
48027,48027-315
48027,48027-317
48027,48027-318
48027,48027-319
48027,48027-401
48027,48027-402
48027,48027-404
48027,48027-405
48027,48027-406
48027,48027-408
48027,48027-409
48027,48027-410
48027,48027-412
48027,48027-413
48027,48027-414
48027,48027-415
48027,48027-419
48029,48029-1066
48029,48029-1067
48029,48029-1068
48029,48029-1063
48029,48029-1065
48029,48029-1095
48029,48029-1094
48029,48029-1062
48029,48029-1075
48029,48029-1061
48029,48029-1039
48029,48029-1058
48029,48029-1107
48029,48029-1105
48029,48029-1059
48029,48029-1042
48029,48029-1047
48029,48029-1048
48029,48029-1049
48029,48029-4216
48029,48029-1054
48029,48029-1052
48029,48029-1051
48029,48029-1050
48029,48029-1053
48029,48029-1091
48029,48029-4020
48029,48029-4019
48029,48029-1102
48029,48029-1057
48029,48029-4215
48029,48029-4200
48029,48029-4073
48029,48029-4204
48029,48029-4074
48029,48029-4086
48029,48029-4121
48029,48029-4072
48029,48029-1081
48029,48029-1034
48029,48029-1141
48029,48029-1151
48029,48029-1100
48029,48029-1083
48029,48029-1156
48029,48029-1069
48029,48029-1093
48029,48029-1109
48029,48029-2125
48029,48029-2147
48029,48029-3003
48029,48029-2160
48029,48029-1155
48029,48029-1112
48029,48029-1076
48029,48029-1071
48029,48029-1036
48029,48029-1012
48029,48029-1070
48029,48029-1085
48029,48029-1043
48029,48029-1086
48029,48029-1002
48029,48029-1079
48029,48029-1024
48029,48029-1113
48029,48029-1111
48029,48029-1080
48029,48029-1149
48029,48029-1087
48029,48029-1072
48029,48029-1104
48029,48029-1055
48029,48029-2068
48029,48029-2069
48029,48029-2077
48029,48029-1035
48029,48029-1038
48029,48029-1037
48029,48029-1084
48029,48029-1033
48029,48029-2044
48029,48029-1030
48029,48029-4045
48029,48029-4042
48029,48029-4080
48029,48029-4106
48029,48029-4063
48029,48029-4064
48029,48029-4085
48029,48029-4065
48029,48029-4160
48029,48029-4156
48029,48029-4143
48029,48029-4101
48029,48029-4109
48029,48029-4068
48029,48029-4046
48029,48029-3118
48029,48029-4047
48029,48029-4102
48029,48029-4181
48029,48029-3159
48029,48029-3122
48029,48029-3001
48029,48029-3154
48029,48029-3083
48029,48029-3085
48029,48029-3180
48029,48029-3120
48029,48029-3104
48029,48029-1145
48029,48029-3039
48029,48029-3153
48029,48029-3059
48029,48029-3090
48029,48029-4024
48029,48029-4033
48029,48029-4037
48029,48029-4039
48029,48029-4034
48029,48029-4036
48029,48029-4041
48029,48029-4062
48029,48029-4077
48029,48029-4070
48029,48029-4167
48029,48029-4040
48029,48029-4082
48029,48029-4125
48029,48029-4035
48029,48029-4044
48029,48029-4071
48029,48029-4043
48029,48029-4058
48029,48029-4081
48029,48029-4087
48029,48029-4126
48029,48029-3058
48029,48029-3056
48029,48029-3073
48029,48029-3074
48029,48029-3142
48029,48029-3126
48029,48029-3096
48029,48029-3174
48029,48029-3055
48029,48029-3017
48029,48029-3034
48029,48029-3094
48029,48029-3097
48029,48029-1040
48029,48029-1090
48029,48029-1096
48029,48029-1026
48029,48029-1013
48029,48029-1029
48029,48029-2017
48029,48029-1088
48029,48029-1078
48029,48029-2029
48029,48029-2030
48029,48029-2103
48029,48029-2071
48029,48029-2008
48029,48029-1022
48029,48029-1143
48029,48029-2075
48029,48029-1023
48029,48029-1014
48029,48029-1007
48029,48029-1015
48029,48029-1021
48029,48029-1016
48029,48029-1097
48029,48029-1006
48029,48029-1005
48029,48029-2032
48029,48029-1077
48029,48029-2018
48029,48029-2031
48029,48029-2079
48029,48029-2070
48029,48029-2002
48029,48029-1098
48029,48029-2001
48029,48029-1001
48029,48029-2016
48029,48029-2015
48029,48029-2074
48029,48029-2014
48029,48029-2011
48029,48029-2012
48029,48029-2013
48029,48029-2025
48029,48029-2081
48029,48029-2028
48029,48029-2111
48029,48029-2083
48029,48029-2046
48029,48029-2047
48029,48029-2060
48029,48029-2062
48029,48029-2007
48029,48029-2003
48029,48029-2005
48029,48029-2004
48029,48029-2104
48029,48029-2033
48029,48029-2034
48029,48029-4015
48029,48029-2045
48029,48029-2039
48029,48029-2048
48029,48029-2059
48029,48029-2085
48029,48029-2058
48029,48029-4157
48029,48029-2052
48029,48029-4155
48029,48029-2053
48029,48029-2057
48029,48029-2056
48029,48029-1115
48029,48029-1018
48029,48029-2141
48029,48029-1017
48029,48029-1028
48029,48029-1004
48029,48029-1019
48029,48029-4048
48029,48029-1003
48029,48029-4018
48029,48029-1010
48029,48029-4014
48029,48029-1008
48029,48029-4075
48029,48029-4004
48029,48029-4124
48029,48029-4026
48029,48029-4016
48029,48029-4027
48029,48029-4025
48029,48029-4032
48029,48029-4031
48029,48029-4013
48029,48029-4002
48029,48029-4028
48029,48029-4029
48029,48029-4003
48029,48029-4012
48029,48029-4011
48029,48029-4030
48029,48029-4001
48029,48029-4017
48029,48029-2143
48029,48029-2095
48029,48029-2164
48029,48029-2168
48029,48029-2096
48029,48029-2166
48029,48029-2163
48029,48029-3109
48029,48029-3172
48029,48029-2174
48029,48029-3035
48029,48029-2169
48029,48029-2173
48029,48029-2091
48029,48029-2172
48029,48029-2110
48029,48029-2149
48029,48029-2175
48029,48029-3146
48029,48029-3113
48029,48029-3149
48029,48029-3143
48029,48029-3036
48029,48029-3029
48029,48029-3095
48029,48029-4091
48029,48029-2124
48029,48029-3164
48029,48029-2134
48029,48029-2148
48029,48029-2009
48029,48029-3167
48029,48029-2064
48029,48029-3015
48029,48029-3182
48029,48029-3071
48029,48029-3013
48029,48029-3112
48029,48029-3115
48029,48029-3166
48029,48029-3006
48029,48029-3069
48029,48029-2073
48029,48029-2080
48029,48029-2114
48029,48029-2100
48029,48029-2082
48029,48029-3038
48029,48029-2137
48029,48029-3067
48029,48029-3161
48029,48029-3068
48029,48029-3066
48029,48029-2092
48029,48029-3014
48029,48029-3132
48029,48029-3075
48029,48029-3070
48029,48029-3086
48029,48029-3130
48029,48029-3145
48029,48029-3077
48029,48029-3044
48029,48029-3078
48029,48029-3119
48029,48029-3076
48029,48029-3030
48029,48029-3045
48029,48029-3102
48029,48029-3033
48029,48029-2038
48029,48029-2138
48029,48029-1031
48029,48029-2043
48029,48029-1032
48029,48029-2019
48029,48029-2049
48029,48029-2140
48029,48029-2090
48029,48029-2050
48029,48029-2061
48029,48029-3042
48029,48029-3193
48029,48029-3194
48029,48029-2020
48029,48029-2128
48029,48029-2042
48029,48029-2021
48029,48029-2022
48029,48029-2023
48029,48029-2041
48029,48029-2040
48029,48029-2151
48029,48029-2142
48029,48029-2024
48029,48029-2026
48029,48029-2027
48029,48029-2098
48029,48029-2078
48029,48029-2097
48029,48029-2088
48029,48029-2102
48029,48029-2127
48029,48029-2072
48029,48029-2087
48029,48029-2123
48029,48029-2076
48029,48029-2139
48029,48029-2066
48029,48029-2145
48029,48029-2130
48029,48029-2126
48029,48029-2086
48029,48029-2084
48029,48029-2099
48029,48029-2170
48029,48029-2161
48029,48029-2037
48029,48029-2165
48029,48029-3106
48029,48029-3101
48029,48029-3009
48029,48029-3134
48029,48029-3129
48029,48029-3098
48029,48029-2112
48029,48029-2171
48029,48029-3087
48029,48029-4076
48029,48029-4152
48029,48029-4061
48029,48029-4088
48029,48029-4060
48029,48029-4092
48029,48029-4053
48029,48029-4093
48029,48029-4115
48029,48029-4090
48029,48029-4163
48029,48029-4114
48029,48029-4067
48029,48029-4059
48029,48029-4162
48029,48029-4055
48029,48029-4130
48029,48029-4079
48029,48029-4089
48029,48029-4199
48029,48029-4100
48029,48029-4104
48029,48029-4116
48029,48029-4105
48029,48029-4097
48029,48029-4164
48029,48029-4057
48029,48029-3173
48029,48029-3163
48029,48029-3148
48029,48029-3155
48029,48029-3089
48029,48029-3139
48029,48029-3065
48029,48029-3125
48029,48029-3114
48029,48029-3165
48029,48029-3007
48029,48029-3123
48029,48029-3005
48029,48029-3088
48029,48029-3201
48029,48029-4078
48029,48029-4137
48029,48029-4096
48029,48029-4050
48029,48029-4049
48029,48029-4051
48029,48029-4021
48029,48029-4095
48029,48029-4052
48029,48029-3040
48029,48029-3157
48029,48029-4173
48029,48029-3084
48029,48029-3108
48029,48029-3110
48029,48029-4171
48029,48029-4094
48029,48029-4172
48029,48029-3028
48029,48029-4108
48029,48029-4179
48029,48029-3100
48029,48029-4005
48029,48029-2035
48029,48029-4006
48029,48029-4122
48029,48029-4119
48029,48029-2036
48029,48029-2055
48029,48029-2054
48029,48029-3018
48029,48029-2094
48029,48029-3141
48029,48029-3053
48029,48029-3020
48029,48029-3026
48029,48029-4010
48029,48029-4009
48029,48029-4110
48029,48029-4008
48029,48029-3025
48029,48029-3021
48029,48029-4112
48029,48029-4007
48029,48029-3022
48029,48029-2144
48029,48029-2121
48029,48029-2135
48029,48029-2010
48029,48029-2150
48029,48029-3063
48029,48029-3080
48029,48029-3046
48029,48029-3047
48029,48029-3027
48029,48029-3156
48029,48029-4038
48029,48029-3048
48029,48029-3049
48029,48029-3050
48029,48029-3061
48029,48029-3060
48029,48029-3079
48029,48029-3091
48029,48029-3117
48029,48029-3081
48029,48029-3092
48029,48029-1129
48029,48029-2065
48029,48029-3043
48029,48029-3124
48029,48029-3093
48029,48029-3105
48029,48029-2176
48029,48029-3010
48029,48029-3051
48029,48029-3128
48029,48029-2167
48029,48029-2162
48029,48029-2122
48029,48029-2113
48029,48029-3011
48029,48029-3135
48029,48029-3057
48029,48029-3062
48029,48029-3138
48029,48029-4147
48029,48029-4120
48029,48029-2108
48029,48029-4066
48029,48029-4161
48029,48029-4168
48029,48029-4150
48029,48029-4098
48029,48029-4141
48029,48029-4145
48029,48029-4191
48029,48029-4196
48029,48029-4197
48029,48029-3041
48029,48029-4158
48029,48029-4117
48029,48029-4142
48029,48029-4166
48029,48029-4183
48029,48029-4186
48029,48029-4184
48029,48029-4128
48029,48029-4123
48029,48029-4111
48029,48029-4131
48029,48029-4170
48029,48029-4169
48029,48029-3103
48029,48029-4148
48029,48029-3064
48029,48029-3031
48029,48029-2131
48029,48029-4084
48029,48029-1117
48029,48029-1120
48029,48029-2118
48029,48029-2117
48029,48029-1119
48029,48029-2089
48029,48029-1041
48029,48029-1045
48029,48029-1060
48029,48029-4113
48029,48029-2067
48029,48029-4203
48029,48029-4185
48029,48029-2101
48029,48029-4154
48029,48029-3002
48029,48029-2063
48029,48029-3151
48029,48029-3099
48029,48029-3144
48029,48029-3116
48029,48029-3072
48029,48029-4056
48029,48029-4146
48029,48029-4201
48029,48029-4099
48029,48029-1154
48029,48029-1009
48029,48029-1123
48029,48029-3152
48029,48029-2093
48029,48029-4144
48029,48029-1046
48029,48029-2146
48029,48029-4023
48029,48029-4194
48029,48029-4149
48029,48029-4022
48029,48029-4151
48029,48029-2051
48029,48029-4069
48029,48029-4159
48029,48029-4193
48029,48029-3012
48029,48029-4190
48029,48029-1056
48029,48029-4214
48029,48029-1064
48029,48029-1118
48029,48029-2119
48029,48029-3158
48029,48029-1044
48029,48029-4176
48029,48029-2133
48029,48029-4136
48029,48029-1144
48029,48029-2105
48029,48029-4198
48029,48029-4118
48029,48029-1074
48029,48029-3169
48029,48029-3160
48029,48029-3008
48029,48029-4165
48029,48029-4177
48029,48029-1092
48029,48029-1114
48029,48029-2152
48029,48029-2106
48029,48029-4107
48029,48029-4174
48029,48029-2157
48029,48029-2156
48029,48029-2153
48029,48029-3176
48029,48029-1127
48029,48029-1025
48029,48029-1133
48029,48029-1136
48029,48029-2115
48029,48029-2006
48029,48029-2159
48029,48029-3179
48029,48029-3181
48029,48029-3082
48029,48029-3175
48029,48029-3183
48029,48029-3147
48029,48029-4205
48029,48029-4206
48029,48029-4209
48029,48029-4210
48029,48029-4211
48029,48029-4133
48029,48029-4153
48029,48029-4180
48029,48029-4129
48029,48029-4127
48029,48029-3184
48029,48029-3186
48029,48029-3191
48029,48029-3189
48029,48029-3185
48029,48029-3190
48029,48029-1027
48029,48029-1103
48029,48029-1116
48029,48029-1125
48029,48029-1146
48029,48029-1128
48029,48029-1073
48029,48029-1138
48029,48029-1139
48029,48029-1140
48029,48029-1150
48029,48029-1142
48029,48029-3054
48029,48029-2107
48029,48029-2136
48029,48029-2120
48029,48029-3195
48029,48029-3196
48029,48029-3198
48029,48029-3199
48029,48029-3202
48029,48029-3203
48029,48029-4132
48029,48029-4083
48029,48029-4189
48029,48029-1147
48029,48029-1148
48029,48029-1099
48029,48029-1121
48029,48029-1110
48029,48029-2154
48029,48029-3162
48029,48029-3168
48029,48029-4213
48029,48029-1089
48029,48029-1011
48029,48029-1020
48029,48029-1124
48029,48029-1132
48029,48029-2178
48029,48029-2179
48029,48029-3019
48029,48029-3023
48029,48029-3037
48029,48029-3140
48029,48029-4217
48029,48029-4218
48029,48029-4219
48029,48029-4222
48029,48029-4223
48029,48029-3032
48029,48029-4220
48029,48029-4226
48029,48029-4225
48029,48029-4054
48029,48029-2182
48029,48029-2181
48029,48029-2180
48029,48029-1152
48029,48029-1153
48029,48029-1122
48029,48029-3052
48029,48029-3137
48029,48029-1082
48029,48029-1108
48029,48029-1157
48029,48029-3107
48029,48029-3127
48029,48029-3121
48029,48029-4228
48029,48029-4229
48029,48029-4230
48029,48029-3136
48029,48029-1158
48029,48029-1159
48029,48029-3150
48031,48031-102
48031,48031-201
48031,48031-302
48031,48031-303
48031,48031-401
48033,48033-2
48033,48033-3
48033,48033-4
48033,48033-1A
48033,48033-1B
48035,48035-1
48035,48035-2
48035,48035-3
48035,48035-4
48035,48035-5
48035,48035-6
48035,48035-7
48035,48035-8
48035,48035-9
48035,48035-10
48035,48035-11
48037,48037-7
48037,48037-9
48037,48037-10
48037,48037-11
48037,48037-12
48037,48037-13
48037,48037-14
48037,48037-15
48037,48037-16
48037,48037-17
48037,48037-18
48037,48037-19
48037,48037-20
48037,48037-21
48037,48037-22
48037,48037-24
48037,48037-25
48037,48037-27
48037,48037-28
48037,48037-29
48037,48037-30
48037,48037-1A
48037,48037-1B
48037,48037-2A
48037,48037-2B
48037,48037-2C
48037,48037-2D
48037,48037-3A
48037,48037-3B
48037,48037-4A
48037,48037-4B
48037,48037-4C
48037,48037-4D
48037,48037-5A
48037,48037-5B
48037,48037-5C
48037,48037-6A
48037,48037-6B
48037,48037-8A
48037,48037-8B
48037,48037-8C
48037,48037-9A
48037,48037-11A
48037,48037-12A
48037,48037-14A
48037,48037-16A
48037,48037-18A
48037,48037-20A
48037,48037-22A
48039,48039-1
48039,48039-2
48039,48039-3
48039,48039-4
48039,48039-5
48039,48039-6
48039,48039-7
48039,48039-8
48039,48039-9
48039,48039-10
48039,48039-11
48039,48039-12
48039,48039-13
48039,48039-14
48039,48039-15
48039,48039-16
48039,48039-17
48039,48039-18
48039,48039-19
48039,48039-20
48039,48039-21
48039,48039-22
48039,48039-23
48039,48039-24
48039,48039-25
48039,48039-26
48039,48039-27
48039,48039-28
48039,48039-29
48039,48039-30
48039,48039-31
48039,48039-32
48039,48039-33
48039,48039-34
48039,48039-35
48039,48039-36
48039,48039-37
48039,48039-38
48039,48039-39
48039,48039-40
48039,48039-41
48039,48039-42
48039,48039-43
48039,48039-44
48039,48039-45
48039,48039-46
48039,48039-47
48039,48039-48
48039,48039-49
48039,48039-50
48039,48039-51
48039,48039-52
48039,48039-53
48039,48039-54
48039,48039-55
48039,48039-56
48039,48039-57
48039,48039-58
48039,48039-59
48039,48039-60
48039,48039-61
48039,48039-62
48039,48039-63
48039,48039-64
48039,48039-65
48039,48039-66
48039,48039-67
48039,48039-68
48039,48039-69
48039,48039-70
48039,48039-71
48039,48039-72
48039,48039-73
48039,48039-74
48039,48039-75
48039,48039-76
48039,48039-77
48039,48039-78
48039,48039-79
48039,48039-80
48041,48041-1
48041,48041-2
48041,48041-3
48041,48041-4
48041,48041-5
48041,48041-6
48041,48041-7
48041,48041-8
48041,48041-9
48041,48041-10
48041,48041-11
48041,48041-12
48041,48041-13
48041,48041-14
48041,48041-15
48041,48041-16
48041,48041-17
48041,48041-18
48041,48041-19
48041,48041-20
48041,48041-21
48041,48041-22
48041,48041-23
48041,48041-24
48041,48041-25
48041,48041-26
48041,48041-27
48041,48041-28
48041,48041-29
48041,48041-30
48041,48041-31
48041,48041-32
48041,48041-33
48041,48041-34
48041,48041-35
48041,48041-36
48041,48041-37
48041,48041-38
48041,48041-39
48041,48041-40
48041,48041-41
48041,48041-43
48041,48041-44
48041,48041-45
48041,48041-46
48041,48041-47
48041,48041-48
48041,48041-49
48041,48041-50
48041,48041-52
48041,48041-53
48041,48041-54
48041,48041-55
48041,48041-56
48041,48041-57
48041,48041-58
48041,48041-59
48041,48041-60
48041,48041-61
48041,48041-62
48041,48041-63
48041,48041-64
48041,48041-65
48041,48041-66
48041,48041-67
48041,48041-69
48041,48041-70
48041,48041-71
48041,48041-72
48041,48041-73
48041,48041-74
48041,48041-75
48041,48041-76
48041,48041-77
48041,48041-78
48041,48041-79
48041,48041-80
48041,48041-81
48041,48041-82
48041,48041-83
48041,48041-84
48041,48041-85
48041,48041-88
48041,48041-89A
48041,48041-90
48041,48041-91A
48041,48041-91B
48041,48041-96
48041,48041-98
48041,48041-100
48041,48041-101
48041,48041-102
48041,48041-103
48041,48041-105
48041,48041-106
48041,48041-107
48043,48043-1
48043,48043-2
48043,48043-3
48043,48043-4
48043,48043-5
48043,48043-6
48043,48043-7
48043,48043-8
48045,48045-1
48045,48045-2
48045,48045-3
48045,48045-4
48045,48045-6
48047,48047-1
48047,48047-2
48047,48047-3
48047,48047-4
48047,48047-3S
48049,48049-101
48049,48049-105
48049,48049-109
48049,48049-113
48049,48049-202
48049,48049-204
48049,48049-212
48049,48049-214
48049,48049-215
48049,48049-303
48049,48049-306
48049,48049-307
48049,48049-308
48049,48049-316
48049,48049-318
48049,48049-410
48049,48049-411
48049,48049-417
48051,48051-113
48051,48051-114
48051,48051-203
48051,48051-204
48051,48051-207
48051,48051-211
48051,48051-215
48051,48051-301
48051,48051-305
48051,48051-308
48051,48051-309
48051,48051-406
48051,48051-410
48053,48053-1
48053,48053-2
48053,48053-3
48053,48053-4
48053,48053-5
48053,48053-6
48053,48053-7
48053,48053-8
48053,48053-9
48053,48053-10
48053,48053-11
48053,48053-12
48053,48053-13
48053,48053-14
48053,48053-15
48053,48053-16
48053,48053-17
48053,48053-18
48053,48053-19
48053,48053-20
48055,48055-100
48055,48055-101
48055,48055-102
48055,48055-103
48055,48055-104
48055,48055-108
48055,48055-111
48055,48055-201
48055,48055-202
48055,48055-203
48055,48055-204
48055,48055-205
48055,48055-206
48055,48055-300
48055,48055-301
48055,48055-302
48055,48055-303
48055,48055-305
48055,48055-306
48055,48055-400
48055,48055-401
48055,48055-402
48055,48055-404
48055,48055-405
48057,48057-1
48057,48057-2
48057,48057-3
48057,48057-4
48057,48057-5
48057,48057-6
48057,48057-7
48057,48057-8
48057,48057-9
48057,48057-10
48057,48057-11
48059,48059-1
48059,48059-2
48059,48059-3
48059,48059-4
48059,48059-5
48059,48059-6
48059,48059-7
48059,48059-8
48061,48061-1
48061,48061-2
48061,48061-3
48061,48061-4
48061,48061-5
48061,48061-6
48061,48061-7
48061,48061-8
48061,48061-9
48061,48061-10
48061,48061-11
48061,48061-12
48061,48061-13
48061,48061-14
48061,48061-15
48061,48061-16
48061,48061-17
48061,48061-18
48061,48061-19
48061,48061-20
48061,48061-21
48061,48061-22
48061,48061-23
48061,48061-24
48061,48061-25
48061,48061-26
48061,48061-27
48061,48061-28
48061,48061-29
48061,48061-30
48061,48061-31
48061,48061-32
48061,48061-33
48061,48061-34
48061,48061-35
48061,48061-36
48061,48061-37
48061,48061-38
48061,48061-39
48061,48061-40
48061,48061-41
48061,48061-42
48061,48061-43
48061,48061-44
48061,48061-45
48061,48061-46
48061,48061-47
48061,48061-48
48061,48061-49
48061,48061-50
48061,48061-51
48061,48061-52
48061,48061-53
48061,48061-54
48061,48061-55
48061,48061-56
48061,48061-57
48061,48061-58
48061,48061-59
48061,48061-60
48061,48061-61
48061,48061-62
48061,48061-63
48061,48061-64
48061,48061-65
48061,48061-66
48061,48061-67
48061,48061-68
48061,48061-69
48061,48061-70
48061,48061-71
48061,48061-72
48061,48061-73
48061,48061-74
48061,48061-75
48061,48061-76
48061,48061-77
48061,48061-78
48061,48061-79
48061,48061-80
48061,48061-81
48061,48061-82
48061,48061-83
48061,48061-84
48061,48061-85
48061,48061-86
48061,48061-87
48061,48061-88
48061,48061-89
48061,48061-90
48061,48061-91
48061,48061-92
48061,48061-93
48061,48061-94
48061,48061-95
48061,48061-96
48061,48061-97
48061,48061-98
48061,48061-99
48061,48061-100
48061,48061-101
48063,48063-1001
48063,48063-2002
48063,48063-3003
48063,48063-4004
48065,48065-101
48065,48065-102
48065,48065-103
48065,48065-201
48065,48065-301
48065,48065-302
48065,48065-401
48065,48065-402
48067,48067-1
48067,48067-2
48067,48067-4
48067,48067-5
48067,48067-6
48067,48067-7
48067,48067-9
48067,48067-11
48067,48067-12
48067,48067-14
48067,48067-15
48067,48067-16
48067,48067-17
48067,48067-18
48067,48067-19
48067,48067-21
48067,48067-13T
48067,48067-20E
48069,48069-101
48069,48069-105
48069,48069-201
48069,48069-206
48069,48069-301
48069,48069-307
48069,48069-401
48069,48069-408
48071,48071-1
48071,48071-2
48071,48071-3
48071,48071-4
48071,48071-5
48071,48071-6
48071,48071-7
48071,48071-8
48071,48071-9
48071,48071-10
48071,48071-11
48071,48071-12
48071,48071-14
48071,48071-15
48071,48071-16
48071,48071-17
48071,48071-18
48071,48071-19
48073,48073-12
48073,48073-13
48073,48073-14
48073,48073-15
48073,48073-22
48073,48073-23
48073,48073-24
48073,48073-25
48073,48073-26
48073,48073-27
48073,48073-28
48073,48073-32
48073,48073-33
48073,48073-34
48073,48073-35
48073,48073-36
48073,48073-37
48073,48073-38
48073,48073-42
48073,48073-43
48073,48073-44
48073,48073-45
48073,48073-46
48073,48073-47
48073,48073-48
48075,48075-101
48075,48075-201
48075,48075-301
48075,48075-401
48077,48077-1
48077,48077-6
48077,48077-8
48077,48077-9
48077,48077-10
48077,48077-11
48077,48077-12
48077,48077-13
48077,48077-14
48077,48077-15
48077,48077-17
48077,48077-20
48077,48077-24
48077,48077-26
48077,48077-27
48077,48077-32
48079,48079-101
48079,48079-202
48079,48079-303
48079,48079-306
48079,48079-404
48081,48081-1
48081,48081-2
48081,48081-3
48081,48081-4A
48081,48081-4B
48083,48083-1
48083,48083-2
48083,48083-3
48083,48083-4
48083,48083-2E
48085,48085-223
48085,48085-160
48085,48085-2
48085,48085-79
48085,48085-112
48085,48085-80
48085,48085-164
48085,48085-69
48085,48085-128
48085,48085-31
48085,48085-4
48085,48085-35
48085,48085-145
48085,48085-221
48085,48085-36
48085,48085-136
48085,48085-42
48085,48085-12
48085,48085-122
48085,48085-154
48085,48085-243
48085,48085-98
48085,48085-18
48085,48085-182
48085,48085-20
48085,48085-165
48085,48085-44
48085,48085-194
48085,48085-138
48085,48085-81
48085,48085-68
48085,48085-185
48085,48085-94
48085,48085-170
48085,48085-110
48085,48085-187
48085,48085-204
48085,48085-169
48085,48085-40
48085,48085-210
48085,48085-137
48085,48085-10
48085,48085-205
48085,48085-120
48085,48085-179
48085,48085-152
48085,48085-25
48085,48085-33
48085,48085-95
48085,48085-246
48085,48085-104
48085,48085-126
48085,48085-32
48085,48085-247
48085,48085-23
48085,48085-142
48085,48085-48
48085,48085-222
48085,48085-76
48085,48085-244
48085,48085-52
48085,48085-251
48085,48085-19
48085,48085-174
48085,48085-59
48085,48085-45
48085,48085-124
48085,48085-106
48085,48085-125
48085,48085-173
48085,48085-161
48085,48085-103
48085,48085-188
48085,48085-60
48085,48085-157
48085,48085-171
48085,48085-37
48085,48085-183
48085,48085-27
48085,48085-175
48085,48085-113
48085,48085-190
48085,48085-54
48085,48085-7
48085,48085-115
48085,48085-198
48085,48085-196
48085,48085-66
48085,48085-148
48085,48085-147
48085,48085-61
48085,48085-203
48085,48085-71
48085,48085-93
48085,48085-3
48085,48085-88
48085,48085-73
48085,48085-41
48085,48085-74
48085,48085-186
48085,48085-78
48085,48085-195
48085,48085-162
48085,48085-119
48085,48085-85
48085,48085-151
48085,48085-189
48085,48085-168
48085,48085-155
48085,48085-111
48085,48085-29
48085,48085-177
48085,48085-22
48085,48085-141
48085,48085-49
48085,48085-26
48085,48085-47
48085,48085-72
48085,48085-51
48085,48085-55
48085,48085-206
48085,48085-127
48085,48085-117
48085,48085-140
48085,48085-226
48085,48085-92
48085,48085-245
48085,48085-184
48085,48085-21
48085,48085-70
48085,48085-67
48085,48085-15
48085,48085-105
48085,48085-28
48085,48085-75
48085,48085-86
48085,48085-108
48085,48085-64
48085,48085-90
48085,48085-123
48085,48085-132
48085,48085-24
48085,48085-84
48085,48085-143
48085,48085-116
48085,48085-109
48085,48085-77
48085,48085-82
48085,48085-5
48085,48085-50
48085,48085-219
48085,48085-158
48085,48085-58
48085,48085-135
48085,48085-139
48085,48085-8
48085,48085-227
48085,48085-6
48085,48085-38
48085,48085-242
48085,48085-211
48085,48085-236
48085,48085-131
48085,48085-224
48085,48085-43
48085,48085-213
48085,48085-163
48085,48085-209
48085,48085-180
48085,48085-199
48085,48085-220
48085,48085-229
48085,48085-225
48085,48085-239
48085,48085-57
48085,48085-191
48085,48085-153
48085,48085-65
48085,48085-121
48085,48085-97
48085,48085-53
48085,48085-17
48085,48085-1
48085,48085-150
48085,48085-193
48085,48085-102
48085,48085-114
48085,48085-181
48085,48085-96
48085,48085-101
48085,48085-217
48085,48085-172
48085,48085-215
48085,48085-11
48085,48085-129
48085,48085-149
48085,48085-192
48085,48085-230
48085,48085-156
48085,48085-133
48085,48085-214
48085,48085-13
48085,48085-252
48085,48085-144
48085,48085-241
48085,48085-14
48085,48085-63
48085,48085-62
48085,48085-39
48085,48085-107
48085,48085-176
48085,48085-197
48085,48085-91
48085,48085-130
48085,48085-218
48085,48085-167
48085,48085-34
48085,48085-89
48085,48085-235
48085,48085-238
48085,48085-228
48085,48085-9
48085,48085-233
48085,48085-83
48085,48085-232
48085,48085-56
48085,48085-237
48085,48085-159
48085,48085-134
48085,48085-248
48085,48085-178
48085,48085-30
48085,48085-16
48085,48085-200
48085,48085-100
48085,48085-166
48085,48085-202
48085,48085-87
48085,48085-234
48085,48085-118
48085,48085-146
48085,48085-208
48085,48085-207
48085,48085-231
48085,48085-99
48085,48085-46
48085,48085-249
48085,48085-216
48085,48085-240
48085,48085-212
48085,48085-250
48087,48087-101
48087,48087-201
48087,48087-202
48087,48087-301
48087,48087-302
48087,48087-401
48087,48087-402
48089,48089-101
48089,48089-102
48089,48089-103
48089,48089-201
48089,48089-202
48089,48089-302
48089,48089-303
48089,48089-304
48089,48089-305
48089,48089-401
48089,48089-402
48091,48091-101
48091,48091-102
48091,48091-103
48091,48091-104
48091,48091-105
48091,48091-106
48091,48091-107
48091,48091-108
48091,48091-109A
48091,48091-109B
48091,48091-110
48091,48091-201
48091,48091-202A
48091,48091-203
48091,48091-204
48091,48091-205
48091,48091-206
48091,48091-207
48091,48091-208A
48091,48091-208B
48091,48091-208C
48091,48091-208D
48091,48091-301A
48091,48091-302
48091,48091-303
48091,48091-304
48091,48091-305
48091,48091-306
48091,48091-307
48091,48091-308
48091,48091-401
48091,48091-402
48091,48091-403
48091,48091-404
48091,48091-405A
48091,48091-405B
48091,48091-405C
48091,48091-406
48091,48091-407
48091,48091-408
48093,48093-1
48093,48093-2
48093,48093-4
48093,48093-5
48093,48093-6
48093,48093-7
48093,48093-9
48093,48093-10
48093,48093-11
48093,48093-12
48093,48093-13
48093,48093-14
48093,48093-15
48093,48093-16
48095,48095-101
48095,48095-102
48095,48095-203
48095,48095-204
48095,48095-205
48095,48095-306
48095,48095-407
48095,48095-408
48097,48097-1
48097,48097-2
48097,48097-3
48097,48097-4
48097,48097-6
48097,48097-7
48097,48097-8
48097,48097-10
48097,48097-11
48097,48097-12
48097,48097-17
48097,48097-18
48097,48097-1C
48097,48097-21
48097,48097-22
48097,48097-33
48097,48097-4C
48099,48099-101
48099,48099-102
48099,48099-103
48099,48099-104
48099,48099-205
48099,48099-206
48099,48099-207
48099,48099-308
48099,48099-309
48099,48099-310
48099,48099-311
48099,48099-412
48099,48099-413
48099,48099-414
48099,48099-415
48099,48099-416
48101,48101-101
48101,48101-201
48101,48101-301
48101,48101-401
48103,48103-1
48103,48103-2
48103,48103-3
48103,48103-4
48105,48105-1
48105,48105-2
48105,48105-3
48105,48105-4
48107,48107-11
48107,48107-27
48107,48107-39
48107,48107-44
48109,48109-1
48109,48109-2
48109,48109-4
48109,48109-3-3
48109,48109-3-5
48111,48111-1
48111,48111-2
48111,48111-3
48111,48111-4
48111,48111-5
48111,48111-6
48111,48111-7
48111,48111-8
48111,48111-9
48113,48113-1004-01
48113,48113-1004-02
48113,48113-1006-01
48113,48113-1007-01
48113,48113-1039-01
48113,48113-1040-01
48113,48113-1040-02
48113,48113-1041-01
48113,48113-1043-01
48113,48113-1043-02
48113,48113-1044-01
48113,48113-1045-01
48113,48113-1046-01
48113,48113-1047-01
48113,48113-1048-01
48113,48113-1049-01
48113,48113-1050-01
48113,48113-1050-02
48113,48113-1051-01
48113,48113-1052-01
48113,48113-1054-01
48113,48113-1055-01
48113,48113-1056-01
48113,48113-1057-01
48113,48113-1057-02
48113,48113-1058-01
48113,48113-1059-01
48113,48113-1060-01
48113,48113-1060-02
48113,48113-1061-01
48113,48113-1062-01
48113,48113-1063-01
48113,48113-1063-02
48113,48113-1064-01
48113,48113-1065-01
48113,48113-1065-02
48113,48113-1067-02
48113,48113-1068-01
48113,48113-1076-01
48113,48113-1078-01
48113,48113-1078-03
48113,48113-1079-01
48113,48113-1079-02
48113,48113-1080-01
48113,48113-1081-01
48113,48113-1082-01
48113,48113-1082-02
48113,48113-1083-01
48113,48113-1083-02
48113,48113-1083-03
48113,48113-1084-01
48113,48113-1084-02
48113,48113-1085-01
48113,48113-1085-02
48113,48113-1086-01
48113,48113-1087-01
48113,48113-1088-01
48113,48113-1089-01
48113,48113-1089-03
48113,48113-1090-01
48113,48113-1091-01
48113,48113-1091-02
48113,48113-1092-01
48113,48113-1092-02
48113,48113-1092-03
48113,48113-1092-04
48113,48113-1093-01
48113,48113-1093-02
48113,48113-1094-01
48113,48113-1095-01
48113,48113-1096-01
48113,48113-1097-01
48113,48113-1098-01
48113,48113-1099-01
48113,48113-1100-01
48113,48113-1100-02
48113,48113-1100-03
48113,48113-1101-01
48113,48113-1101-02
48113,48113-1101-03
48113,48113-1102-01
48113,48113-1103-01
48113,48113-1104-01
48113,48113-1105-01
48113,48113-1106-01
48113,48113-1107-01
48113,48113-1108-01
48113,48113-1108-02
48113,48113-1109-01
48113,48113-1109-02
48113,48113-1110-01
48113,48113-1111-01
48113,48113-1113-01
48113,48113-1114-01
48113,48113-1115-01
48113,48113-1116-01
48113,48113-1121-01
48113,48113-1121-02
48113,48113-1124-01
48113,48113-1125-01
48113,48113-1125-02
48113,48113-1128-01
48113,48113-1129-01
48113,48113-1133-01
48113,48113-1134-01
48113,48113-1135-01
48113,48113-1136-01
48113,48113-1137-01
48113,48113-1139-01
48113,48113-1141-01
48113,48113-1142-01
48113,48113-1143-01
48113,48113-1144-01
48113,48113-1144-02
48113,48113-1146-01
48113,48113-1147-01
48113,48113-1151-01
48113,48113-1153-01
48113,48113-1163-01
48113,48113-1164-01
48113,48113-1165-01
48113,48113-1168-01
48113,48113-1169-01
48113,48113-1170-01
48113,48113-1171-01
48113,48113-1172-01
48113,48113-1172-02
48113,48113-1173-01
48113,48113-1174-01
48113,48113-1300-01
48113,48113-1300-02
48113,48113-1301-01
48113,48113-1301-02
48113,48113-1302-01
48113,48113-1303-01
48113,48113-1304-01
48113,48113-1305-01
48113,48113-1307-01
48113,48113-1308-01
48113,48113-1308-03
48113,48113-1309-01
48113,48113-1310-01
48113,48113-1311-01
48113,48113-1312-01
48113,48113-1313-01
48113,48113-1314-01
48113,48113-1314-02
48113,48113-1314-03
48113,48113-1315-01
48113,48113-1315-02
48113,48113-1316-01
48113,48113-1324-01
48113,48113-1325-01
48113,48113-1326-01
48113,48113-1327-01
48113,48113-1327-02
48113,48113-1328-01
48113,48113-1329-01
48113,48113-1401-01
48113,48113-1402-01
48113,48113-1402-02
48113,48113-1402-03
48113,48113-1403-01
48113,48113-1404-01
48113,48113-1405-01
48113,48113-1405-02
48113,48113-1405-03
48113,48113-1406-01
48113,48113-1406-02
48113,48113-1407-01
48113,48113-1407-02
48113,48113-1408-01
48113,48113-1409-01
48113,48113-1409-02
48113,48113-1410-01
48113,48113-1410-02
48113,48113-1410-03
48113,48113-1410-04
48113,48113-1411-01
48113,48113-1411-02
48113,48113-1411-03
48113,48113-1412-01
48113,48113-1412-03
48113,48113-1700-01
48113,48113-1701-01
48113,48113-1702-01
48113,48113-1703-01
48113,48113-1704-01
48113,48113-1705-01
48113,48113-1706-01
48113,48113-1707-01
48113,48113-1707-02
48113,48113-1707-03
48113,48113-1708-01
48113,48113-1708-02
48113,48113-1709-01
48113,48113-1710-01
48113,48113-1711-01
48113,48113-1712-01
48113,48113-1712-02
48113,48113-1713-01
48113,48113-1714-01
48113,48113-1715-01
48113,48113-1716-01
48113,48113-1717-01
48113,48113-1718-01
48113,48113-1719-01
48113,48113-1719-02
48113,48113-1720-01
48113,48113-1721-01
48113,48113-1721-02
48113,48113-1721-03
48113,48113-1721-09
48113,48113-1722-01
48113,48113-1723-01
48113,48113-1724-02
48113,48113-1725-01
48113,48113-1726-01
48113,48113-1727-01
48113,48113-1728-01
48113,48113-1729-01
48113,48113-1732-01
48113,48113-1733-01
48113,48113-1733-02
48113,48113-1734-01
48113,48113-1734-02
48113,48113-1735-01
48113,48113-1735-02
48113,48113-1736-01
48113,48113-1737-01
48113,48113-1737-03
48113,48113-1738-01
48113,48113-1739-01
48113,48113-1740-01
48113,48113-1741-01
48113,48113-1741-03
48113,48113-1742-01
48113,48113-1742-03
48113,48113-1743-01
48113,48113-1744-01
48113,48113-1744-02
48113,48113-1745-01
48113,48113-1746-01
48113,48113-1747-01
48113,48113-1748-01
48113,48113-1749-01
48113,48113-1750-01
48113,48113-1751-01
48113,48113-1751-02
48113,48113-1751-03
48113,48113-1751-04
48113,48113-1751-05
48113,48113-1752-01
48113,48113-1752-02
48113,48113-2000-01
48113,48113-2001-01
48113,48113-2002-01
48113,48113-2003-01
48113,48113-2004-01
48113,48113-2005-01
48113,48113-2006-01
48113,48113-2007-01
48113,48113-2008-01
48113,48113-2008-02
48113,48113-2009-01
48113,48113-2010-01
48113,48113-2011-01
48113,48113-2015-01
48113,48113-2016-01
48113,48113-2016-02
48113,48113-2017-01
48113,48113-2018-01
48113,48113-2019-01
48113,48113-2020-01
48113,48113-2020-03
48113,48113-2021-01
48113,48113-2022-01
48113,48113-2023-01
48113,48113-2024-01
48113,48113-2025-01
48113,48113-2026-01
48113,48113-2027-01
48113,48113-2028-01
48113,48113-2030-01
48113,48113-2030-02
48113,48113-2030-03
48113,48113-2030-04
48113,48113-2030-05
48113,48113-2031-01
48113,48113-2032-01
48113,48113-2033-01
48113,48113-2035-01
48113,48113-2035-02
48113,48113-2037-01
48113,48113-2038-01
48113,48113-2038-02
48113,48113-2039-01
48113,48113-2039-02
48113,48113-2040-01
48113,48113-2041-01
48113,48113-2041-02
48113,48113-2041-03
48113,48113-2042-01
48113,48113-2043-01
48113,48113-2043-02
48113,48113-2044-01
48113,48113-2045-01
48113,48113-2045-02
48113,48113-2046-01
48113,48113-2046-02
48113,48113-2047-01
48113,48113-2048-01
48113,48113-2049-01
48113,48113-2049-02
48113,48113-2050-01
48113,48113-2050-02
48113,48113-2051-01
48113,48113-2052-01
48113,48113-2052-02
48113,48113-2053-01
48113,48113-2054-01
48113,48113-2055-01
48113,48113-2055-02
48113,48113-2056-01
48113,48113-2056-02
48113,48113-2057-01
48113,48113-2057-02
48113,48113-2058-01
48113,48113-2058-02
48113,48113-2074-01
48113,48113-2074-03
48113,48113-2074-04
48113,48113-2076-01
48113,48113-2077-01
48113,48113-2079-01
48113,48113-2080-01
48113,48113-2081-01
48113,48113-2081-03
48113,48113-2081-04
48113,48113-2082-01
48113,48113-2082-02
48113,48113-2083-01
48113,48113-2084-01
48113,48113-2085-01
48113,48113-2086-01
48113,48113-2087-01
48113,48113-2090-01
48113,48113-2091-01
48113,48113-2091-02
48113,48113-2091-03
48113,48113-2094-01
48113,48113-2094-02
48113,48113-2098-01
48113,48113-2099-01
48113,48113-2099-02
48113,48113-2100-01
48113,48113-2100-02
48113,48113-2101-01
48113,48113-2102-01
48113,48113-2102-02
48113,48113-2103-01
48113,48113-2103-02
48113,48113-2103-04
48113,48113-2104-01
48113,48113-2104-02
48113,48113-2105-01
48113,48113-2106-01
48113,48113-2107-01
48113,48113-2107-02
48113,48113-2108-01
48113,48113-2108-02
48113,48113-2110-01
48113,48113-2110-02
48113,48113-2111-01
48113,48113-2112-01
48113,48113-2114-01
48113,48113-2114-02
48113,48113-2114-03
48113,48113-2115-02
48113,48113-2116-01
48113,48113-2116-02
48113,48113-2117-01
48113,48113-2118-01
48113,48113-2118-02
48113,48113-2118-03
48113,48113-2119-01
48113,48113-2119-02
48113,48113-2120-01
48113,48113-2121-01
48113,48113-2122-01
48113,48113-2123-01
48113,48113-2123-02
48113,48113-2124-01
48113,48113-2124-02
48113,48113-2124-03
48113,48113-2125-01
48113,48113-2125-02
48113,48113-2126-01
48113,48113-2127-01
48113,48113-2127-02
48113,48113-2127-03
48113,48113-2128-01
48113,48113-2128-02
48113,48113-2129-01
48113,48113-2130-01
48113,48113-2131-01
48113,48113-2132-01
48113,48113-2133-01
48113,48113-2134-01
48113,48113-2137-01
48113,48113-2138-01
48113,48113-2139-01
48113,48113-2139-02
48113,48113-2140-01
48113,48113-2141-01
48113,48113-2142-01
48113,48113-2143-01
48113,48113-2143-02
48113,48113-2144-01
48113,48113-2145-01
48113,48113-2145-02
48113,48113-2145-03
48113,48113-2146-01
48113,48113-2147-01
48113,48113-2148-01
48113,48113-2148-02
48113,48113-2149-01
48113,48113-2149-02
48113,48113-2150-01
48113,48113-2151-01
48113,48113-2152-01
48113,48113-2152-02
48113,48113-2153-01
48113,48113-2153-02
48113,48113-2154-01
48113,48113-2155-01
48113,48113-2155-02
48113,48113-2200-01
48113,48113-2200-02
48113,48113-2201-01
48113,48113-2201-05
48113,48113-2202-01
48113,48113-2203-01
48113,48113-2220-01
48113,48113-2221-01
48113,48113-2222-01
48113,48113-2223-01
48113,48113-2224-01
48113,48113-2225-01
48113,48113-2226-01
48113,48113-2300-01
48113,48113-2300-02
48113,48113-2300-04
48113,48113-2301-01
48113,48113-2302-01
48113,48113-2302-02
48113,48113-2302-03
48113,48113-2303-01
48113,48113-2303-03
48113,48113-2305-01
48113,48113-2305-02
48113,48113-2305-03
48113,48113-2306-01
48113,48113-2307-01
48113,48113-2308-01
48113,48113-2308-04
48113,48113-2308-07
48113,48113-2309-01
48113,48113-2310-01
48113,48113-2310-02
48113,48113-2310-03
48113,48113-2310-08
48113,48113-2310-09
48113,48113-2310-10
48113,48113-2311-01
48113,48113-2312-01
48113,48113-2313-01
48113,48113-2315-01
48113,48113-2316-01
48113,48113-2316-02
48113,48113-2316-03
48113,48113-2316-05
48113,48113-2400-01
48113,48113-2401-01
48113,48113-2401-02
48113,48113-2402-01
48113,48113-2403-01
48113,48113-2404-01
48113,48113-2405-01
48113,48113-2406-01
48113,48113-2406-03
48113,48113-2407-01
48113,48113-2408-01
48113,48113-2409-01
48113,48113-2410-01
48113,48113-2410-02
48113,48113-2411-01
48113,48113-2417-01
48113,48113-2417-02
48113,48113-2500-01
48113,48113-2501-01
48113,48113-2502-01
48113,48113-2503-01
48113,48113-2504-01
48113,48113-2505-01
48113,48113-2506-01
48113,48113-2507-01
48113,48113-2508-01
48113,48113-2508-03
48113,48113-2508-04
48113,48113-2508-05
48113,48113-2509-01
48113,48113-2510-01
48113,48113-2511-01
48113,48113-2512-01
48113,48113-2513-01
48113,48113-2514-01
48113,48113-2515-01
48113,48113-2517-01
48113,48113-2518-01
48113,48113-2519-01
48113,48113-2520-01
48113,48113-2520-02
48113,48113-2521-01
48113,48113-2521-02
48113,48113-2523-01
48113,48113-2523-02
48113,48113-2601-01
48113,48113-2601-02
48113,48113-2602-01
48113,48113-2603-01
48113,48113-2603-02
48113,48113-2603-03
48113,48113-2604-01
48113,48113-2605-01
48113,48113-2605-03
48113,48113-2606-01
48113,48113-2606-02
48113,48113-2607-01
48113,48113-2608-01
48113,48113-2608-02
48113,48113-2609-01
48113,48113-2611-01
48113,48113-2611-02
48113,48113-2611-03
48113,48113-2612-01
48113,48113-2613-01
48113,48113-2613-02
48113,48113-2614-01
48113,48113-2801-01
48113,48113-2802-01
48113,48113-2803-01
48113,48113-2804-01
48113,48113-2804-04
48113,48113-2805-01
48113,48113-2805-02
48113,48113-2806-01
48113,48113-2807-01
48113,48113-2807-02
48113,48113-2807-04
48113,48113-2808-01
48113,48113-2810-01
48113,48113-2900-01
48113,48113-2901-01
48113,48113-2902-01
48113,48113-2902-02
48113,48113-2903-01
48113,48113-2904-01
48113,48113-2905-01
48113,48113-2910-01
48113,48113-2911-01
48113,48113-2913-01
48113,48113-3000-01
48113,48113-3001-01
48113,48113-3001-02
48113,48113-3001-03
48113,48113-3002-01
48113,48113-3003-01
48113,48113-3004-01
48113,48113-3005-01
48113,48113-3006-01
48113,48113-3006-02
48113,48113-3007-01
48113,48113-3007-02
48113,48113-3007-03
48113,48113-3008-01
48113,48113-3008-02
48113,48113-3008-03
48113,48113-3010-01
48113,48113-3011-01
48113,48113-3012-01
48113,48113-3012-02
48113,48113-3012-03
48113,48113-3013-01
48113,48113-3013-02
48113,48113-3014-01
48113,48113-3014-02
48113,48113-3015-01
48113,48113-3015-02
48113,48113-3016-01
48113,48113-3016-02
48113,48113-3016-03
48113,48113-3017-01
48113,48113-3018-01
48113,48113-3019-01
48113,48113-3020-01
48113,48113-3021-01
48113,48113-3022-01
48113,48113-3023-01
48113,48113-3024-01
48113,48113-3025-01
48113,48113-3026-01
48113,48113-3027-01
48113,48113-3028-01
48113,48113-3029-01
48113,48113-3030-01
48113,48113-3031-01
48113,48113-3032-01
48113,48113-3033-01
48113,48113-3034-01
48113,48113-3035-01
48113,48113-3036-01
48113,48113-3037-01
48113,48113-3038-01
48113,48113-3039-01
48113,48113-3040-01
48113,48113-3041-01
48113,48113-3042-01
48113,48113-3043-01
48113,48113-3044-01
48113,48113-3045-01
48113,48113-3046-01
48113,48113-3047-01
48113,48113-3048-01
48113,48113-3049-01
48113,48113-3050-01
48113,48113-3051-01
48113,48113-3052-01
48113,48113-3053-01
48113,48113-3053-02
48113,48113-3053-03
48113,48113-3054-01
48113,48113-3055-01
48113,48113-3056-01
48113,48113-3057-01
48113,48113-3057-02
48113,48113-3058-01
48113,48113-3059-01
48113,48113-3060-01
48113,48113-3061-01
48113,48113-3062-01
48113,48113-3063-01
48113,48113-3063-03
48113,48113-3064-01
48113,48113-3065-01
48113,48113-3066-01
48113,48113-3067-01
48113,48113-3067-02
48113,48113-3067-03
48113,48113-3067-04
48113,48113-3068-01
48113,48113-3068-02
48113,48113-3068-06
48113,48113-3069-01
48113,48113-3070-01
48113,48113-3071-01
48113,48113-3072-01
48113,48113-3072-04
48113,48113-3073-01
48113,48113-3074-01
48113,48113-3075-01
48113,48113-3075-02
48113,48113-3075-04
48113,48113-3077-01
48113,48113-3078-01
48113,48113-3078-02
48113,48113-3079-01
48113,48113-3079-02
48113,48113-3079-04
48113,48113-3080-01
48113,48113-3081-01
48113,48113-3082-01
48113,48113-3082-02
48113,48113-3082-03
48113,48113-3082-05
48113,48113-3083-01
48113,48113-3083-02
48113,48113-3084-01
48113,48113-3085-01
48113,48113-3085-02
48113,48113-3086-01
48113,48113-3086-02
48113,48113-3088-01
48113,48113-3089-01
48113,48113-3090-01
48113,48113-3092-01
48113,48113-3092-02
48113,48113-3093-01
48113,48113-3095-01
48113,48113-3095-02
48113,48113-3095-03
48113,48113-3096-01
48113,48113-3096-02
48113,48113-3096-03
48113,48113-3096-04
48113,48113-3096-05
48113,48113-3097-01
48113,48113-3098-01
48113,48113-3099-01
48113,48113-30T4-01
48113,48113-3100-01
48113,48113-3100-02
48113,48113-3100-03
48113,48113-3101-01
48113,48113-3101-02
48113,48113-3101-03
48113,48113-3101-05
48113,48113-3101-07
48113,48113-3102-01
48113,48113-3103-01
48113,48113-3103-02
48113,48113-3104-01
48113,48113-3105-01
48113,48113-3105-02
48113,48113-3106-01
48113,48113-3107-01
48113,48113-3108-01
48113,48113-3109-01
48113,48113-3110-01
48113,48113-3111-01
48113,48113-3112-01
48113,48113-3113-01
48113,48113-3115-01
48113,48113-3115-02
48113,48113-3116-01
48113,48113-3117-02
48113,48113-3200-01
48113,48113-3200-02
48113,48113-3201-01
48113,48113-3201-02
48113,48113-3202-01
48113,48113-3202-02
48113,48113-3203-01
48113,48113-3203-02
48113,48113-3204-01
48113,48113-3204-02
48113,48113-3205-01
48113,48113-3206-01
48113,48113-3207-01
48113,48113-3207-02
48113,48113-3208-01
48113,48113-3208-02
48113,48113-3209-01
48113,48113-3210-01
48113,48113-3211-01
48113,48113-3304-01
48113,48113-3304-03
48113,48113-3305-01
48113,48113-3306-01
48113,48113-3306-02
48113,48113-3307-01
48113,48113-3308-01
48113,48113-3309-01
48113,48113-3310-01
48113,48113-3310-02
48113,48113-3311-01
48113,48113-3312-01
48113,48113-3313-01
48113,48113-3314-01
48113,48113-3314-02
48113,48113-3315-01
48113,48113-3315-02
48113,48113-3316-01
48113,48113-3316-02
48113,48113-3317-01
48113,48113-3317-02
48113,48113-3318-01
48113,48113-3319-01
48113,48113-3325-01
48113,48113-3325-02
48113,48113-3327-01
48113,48113-3328-01
48113,48113-3500-02
48113,48113-3500-03
48113,48113-3501-03
48113,48113-3503-01
48113,48113-3504-01
48113,48113-3600-01
48113,48113-3600-02
48113,48113-3600-03
48113,48113-3600-04
48113,48113-3600-05
48113,48113-3601-01
48113,48113-3601-02
48113,48113-3602-01
48113,48113-3603-01
48113,48113-3603-02
48113,48113-3604-01
48113,48113-3605-01
48113,48113-3606-01
48113,48113-3606-02
48113,48113-3607-01
48113,48113-3608-01
48113,48113-3609-01
48113,48113-3609-02
48113,48113-3610-01
48113,48113-3610-02
48113,48113-3611-01
48113,48113-3612-01
48113,48113-3612-02
48113,48113-3613-01
48113,48113-3614-01
48113,48113-3614-02
48113,48113-3615-01
48113,48113-3616-01
48113,48113-3617-01
48113,48113-3618-01
48113,48113-3618-02
48113,48113-3619-01
48113,48113-3620-01
48113,48113-3621-01
48113,48113-3701-03
48113,48113-3701-04
48113,48113-3702-01
48113,48113-3702-03
48113,48113-3702-04
48113,48113-3800-01
48113,48113-3800-02
48113,48113-3800-03
48113,48113-3800-04
48113,48113-3800-05
48113,48113-3801-01
48113,48113-3801-02
48113,48113-3802-01
48113,48113-3802-02
48113,48113-3802-03
48113,48113-3803-01
48113,48113-3803-02
48113,48113-3803-03
48113,48113-3803-04
48113,48113-3805-01
48113,48113-3805-02
48113,48113-3805-03
48113,48113-3805-04
48113,48113-3806-01
48113,48113-3806-02
48113,48113-3807-01
48113,48113-3807-02
48113,48113-3807-03
48113,48113-3807-04
48113,48113-3807-05
48113,48113-3807-06
48113,48113-3807-07
48113,48113-3808-01
48113,48113-3808-02
48113,48113-3808-03
48113,48113-3808-05
48113,48113-3808-06
48113,48113-3808-07
48113,48113-3808-08
48113,48113-3809-01
48113,48113-3809-02
48113,48113-3809-03
48113,48113-3900-01
48113,48113-3920-01
48113,48113-3920-02
48113,48113-3920-03
48113,48113-3920-05
48113,48113-3920-06
48113,48113-3920-07
48113,48113-3921-01
48113,48113-3921-02
48113,48113-3922-01
48113,48113-3940-01
48113,48113-3940-03
48113,48113-3940-10
48113,48113-3940-11
48113,48113-3940-36
48113,48113-3950-01
48113,48113-3950-02
48113,48113-3951-01
48113,48113-3952-01
48113,48113-3960-01
48113,48113-3960-02
48113,48113-3960-05
48113,48113-3961-01
48113,48113-3962-01
48113,48113-3963-01
48113,48113-3963-03
48113,48113-3963-05
48113,48113-3963-07
48113,48113-3963-08
48113,48113-3964-01
48113,48113-3965-01
48113,48113-3966-01
48113,48113-3967-01
48113,48113-3968-01
48113,48113-3969-01
48113,48113-3970-02
48113,48113-3971-01
48113,48113-3980-01
48113,48113-3981-01
48113,48113-3982-01
48113,48113-3982-02
48113,48113-3982-03
48113,48113-3982-07
48113,48113-3982-08
48113,48113-3982-09
48113,48113-3983-01
48113,48113-3983-02
48113,48113-3984-01
48113,48113-4000-01
48113,48113-4000-02
48113,48113-4001-01
48113,48113-4001-03
48113,48113-4002-01
48113,48113-4003-01
48113,48113-4003-03
48113,48113-4004-01
48113,48113-4004-03
48113,48113-4005-01
48113,48113-4006-01
48113,48113-4007-01
48113,48113-4008-01
48113,48113-4009-01
48113,48113-4010-01
48113,48113-4011-01
48113,48113-4012-01
48113,48113-4013-01
48113,48113-4014-01
48113,48113-4015-01
48113,48113-4016-01
48113,48113-4017-01
48113,48113-4018-01
48113,48113-4019-01
48113,48113-4019-02
48113,48113-4020-01
48113,48113-4020-02
48113,48113-4021-01
48113,48113-4021-02
48113,48113-4021-03
48113,48113-4022-01
48113,48113-4024-01
48113,48113-4025-01
48113,48113-4026-01
48113,48113-4026-02
48113,48113-4027-01
48113,48113-4028-01
48113,48113-4028-02
48113,48113-4029-01
48113,48113-4030-01
48113,48113-4031-01
48113,48113-4031-02
48113,48113-4031-03
48113,48113-4031-04
48113,48113-4033-01
48113,48113-4035-01
48113,48113-4035-02
48113,48113-4035-03
48113,48113-4035-04
48113,48113-4036-01
48113,48113-4036-02
48113,48113-4037-01
48113,48113-4038-01
48113,48113-4039-01
48113,48113-4040-01
48113,48113-4041-01
48113,48113-4043-01
48113,48113-4044-01
48113,48113-4046-01
48113,48113-4047-01
48113,48113-4048-01
48113,48113-4050-01
48113,48113-4052-01
48113,48113-4053-01
48113,48113-4053-03
48113,48113-4054-01
48113,48113-4055-01
48113,48113-4055-02
48113,48113-4055-03
48113,48113-4056-01
48113,48113-4056-02
48113,48113-4057-01
48113,48113-4058-01
48113,48113-4059-01
48113,48113-4060-01
48113,48113-4060-08
48113,48113-4060-09
48113,48113-4061-01
48113,48113-4062-01
48113,48113-4063-01
48113,48113-4063-02
48113,48113-4065-01
48113,48113-4066-01
48113,48113-4067-01
48113,48113-4068-01
48113,48113-4069-01
48113,48113-4070-01
48113,48113-4071-01
48113,48113-4072-01
48113,48113-4073-01
48113,48113-4074-01
48113,48113-4075-01
48113,48113-4076-01
48113,48113-4076-02
48113,48113-4077-01
48113,48113-4078-01
48113,48113-4079-01
48113,48113-4080-01
48113,48113-4081-01
48113,48113-4081-02
48113,48113-4081-03
48113,48113-4082-01
48113,48113-4083-01
48113,48113-4084-01
48113,48113-4085-01
48113,48113-4086-01
48113,48113-4086-03
48113,48113-4086-05
48113,48113-4087-01
48113,48113-4088-01
48113,48113-4090-01
48113,48113-4092-01
48113,48113-4093-01
48113,48113-4093-02
48113,48113-4094-01
48113,48113-4094-02
48113,48113-4095-01
48113,48113-4096-01
48113,48113-4097-01
48113,48113-4098-01
48113,48113-4099-01
48113,48113-4100-01
48113,48113-4101-01
48113,48113-4107-01
48113,48113-4108-01
48113,48113-4109-01
48113,48113-4110-01
48113,48113-4111-01
48113,48113-4112-01
48113,48113-4113-01
48113,48113-4114-01
48113,48113-4115-01
48113,48113-4116-02
48113,48113-4117-01
48113,48113-4120-01
48113,48113-4126-01
48113,48113-4126-02
48113,48113-4126-03
48113,48113-4127-01
48113,48113-4128-01
48113,48113-4129-01
48113,48113-4129-02
48113,48113-4130-01
48113,48113-4131-01
48113,48113-4131-02
48113,48113-4135-01
48113,48113-4141-01
48113,48113-4143-01
48113,48113-4147-01
48113,48113-4149-01
48113,48113-4152-01
48113,48113-4153-01
48113,48113-4157-01
48113,48113-4157-02
48113,48113-4161-01
48113,48113-4300-01
48113,48113-4500-01
48113,48113-4500-02
48113,48113-4501-01
48113,48113-4501-02
48113,48113-4502-01
48113,48113-4503-02
48113,48113-4504-01
48113,48113-4505-01
48113,48113-4505-02
48113,48113-4505-04
48113,48113-4505-05
48113,48113-4506-01
48113,48113-4506-02
48113,48113-4507-01
48113,48113-4507-03
48113,48113-4508-01
48113,48113-4508-02
48113,48113-4509-01
48113,48113-4509-02
48113,48113-4510-01
48113,48113-4511-01
48113,48113-4511-02
48113,48113-4511-03
48113,48113-4512-01
48113,48113-4513-01
48113,48113-4513-02
48113,48113-4513-03
48113,48113-4513-04
48113,48113-4514-01
48113,48113-4514-02
48113,48113-4515-01
48113,48113-4516-01
48113,48113-4517-01
48113,48113-4518-01
48113,48113-4518-02
48113,48113-4519-01
48113,48113-4520-01
48113,48113-4521-01
48113,48113-4521-02
48113,48113-4521-03
48113,48113-4521-04
48113,48113-4522-01
48113,48113-4522-02
48113,48113-4522-03
48113,48113-4523-01
48113,48113-4525-01
48113,48113-4527-02
48113,48113-4527-03
48113,48113-4527-04
48113,48113-4529-01
48113,48113-4530-01
48113,48113-4531-01
48113,48113-4531-02
48113,48113-4531-03
48113,48113-4532-01
48113,48113-4532-02
48113,48113-4533-01
48113,48113-4534-01
48113,48113-4535-01
48113,48113-4536-01
48113,48113-4537-01
48113,48113-4538-01
48113,48113-4554-01
48113,48113-4555-01
48113,48113-4600-01
48113,48113-4600-02
48113,48113-4600-03
48113,48113-4601-01
48113,48113-4602-01
48113,48113-4603-01
48113,48113-4604-01
48113,48113-4605-01
48113,48113-4606-01
48113,48113-4606-02
48113,48113-4607-01
48113,48113-4608-01
48113,48113-4608-02
48113,48113-4609-01
48113,48113-4609-02
48113,48113-4610-01
48113,48113-4610-02
48113,48113-4610-03
48113,48113-4611-01
48113,48113-4611-02
48113,48113-4611-03
48113,48113-4612-01
48113,48113-4613-01
48113,48113-4613-02
48113,48113-4614-01
48113,48113-4615-01
48113,48113-4615-02
48113,48113-4616-01
48113,48113-4617-01
48113,48113-4618-01
48113,48113-4619-01
48113,48113-4620-01
48113,48113-4620-02
48113,48113-4621-01
48113,48113-4621-02
48113,48113-4622-01
48113,48113-4622-02
48113,48113-4623-01
48113,48113-4624-01
48113,48113-4625-01
48113,48113-4625-02
48113,48113-4626-01
48113,48113-4626-02
48113,48113-4627-01
48113,48113-4627-02
48113,48113-4628-01
48113,48113-4628-02
48113,48113-4629-01
48113,48113-4629-02
48113,48113-4630-01
48113,48113-4630-02
48113,48113-4631-01
48113,48113-4631-02
48113,48113-4632-01
48113,48113-4632-02
48113,48113-4632-03
48113,48113-4632-05
48113,48113-4633-01
48113,48113-4634-01
48113,48113-4634-02
48113,48113-4639-01
48113,48113-4640-01
48113,48113-4640-02
48113,48113-4641-01
48113,48113-4642-01
48113,48113-4644-02
48113,48113-4646-01
48113,48113-4646-02
48113,48113-4648-01
48113,48113-4649-01
48113,48113-4651-01
48113,48113-4652-01
48113,48113-4652-02
48113,48113-4653-01
48113,48113-4654-01
48113,48113-4654-02
48113,48113-4654-03
48113,48113-4655-01
48113,48113-4656-01
48113,48113-4657-01
48113,48113-4658-01
48113,48113-4659-01
48113,48113-4660-01
48113,48113-4661-01
48113,48113-4661-02
48113,48113-4662-01
48113,48113-4662-02
48113,48113-4664-01
48113,48113-4664-03
48113,48113-4675-01
48113,48113-4677-01
48113,48113-4678-01
48113,48113-3940-08
48113,48113-3068-07
48113,48113-1105-03
48113,48113-2809-01
48113,48113-2804-03
48113,48113-4503-01
48113,48113-3940-02
48115,48115-1
48115,48115-2
48115,48115-3
48115,48115-4
48115,48115-5
48115,48115-11
48115,48115-12
48115,48115-13
48115,48115-17
48117,48117-1
48117,48117-2
48117,48117-3
48117,48117-4
48119,48119-1
48119,48119-3
48119,48119-4
48119,48119-5
48119,48119-7
48119,48119-9
48119,48119-10
48121,48121-1000
48121,48121-1001
48121,48121-1003
48121,48121-1008
48121,48121-1010
48121,48121-4191
48121,48121-4192
48121,48121-1057
48121,48121-1061
48121,48121-1062
48121,48121-4168
48121,48121-4171
48121,48121-2069
48121,48121-4177
48121,48121-3143
48121,48121-2085
48121,48121-3153
48121,48121-3152
48121,48121-2090
48121,48121-3133
48121,48121-3132
48121,48121-3148
48121,48121-3140
48121,48121-2106
48121,48121-4174
48121,48121-4175
48121,48121-2099
48121,48121-3144
48121,48121-3136
48121,48121-2105
48121,48121-2107
48121,48121-3137
48121,48121-3129
48121,48121-3146
48121,48121-2092
48121,48121-3139
48121,48121-2110
48121,48121-2100
48121,48121-3151
48121,48121-3127
48121,48121-1014
48121,48121-1007
48121,48121-1054
48121,48121-1056
48121,48121-1064
48121,48121-4167
48121,48121-4164
48121,48121-4179
48121,48121-2071
48121,48121-2084
48121,48121-2088
48121,48121-3120
48121,48121-2086
48121,48121-2091
48121,48121-3131
48121,48121-4204
48121,48121-2101
48121,48121-2089
48121,48121-3145
48121,48121-1059
48121,48121-4169
48121,48121-4043
48121,48121-3147
48121,48121-3138
48121,48121-3134
48121,48121-3130
48121,48121-3149
48121,48121-4176
48121,48121-2104
48121,48121-2108
48121,48121-3158
48121,48121-2073
48121,48121-1032
48121,48121-2074
48121,48121-3159
48121,48121-1021
48121,48121-2111
48121,48121-2113
48121,48121-2103
48121,48121-2109
48121,48121-1022
48121,48121-4187
48121,48121-4219
48121,48121-4185
48121,48121-3155
48121,48121-1018
48121,48121-4161
48121,48121-1055
48121,48121-1035
48121,48121-4221
48121,48121-2098
48121,48121-2097
48121,48121-4212
48121,48121-3124
48121,48121-1048
48121,48121-2087
48121,48121-3142
48121,48121-1023
48121,48121-1031
48121,48121-4214
48121,48121-2082
48121,48121-1041
48121,48121-1040
48121,48121-3157
48121,48121-4205
48121,48121-2102
48121,48121-3154
48121,48121-3156
48121,48121-4211
48121,48121-4210
48121,48121-4183
48121,48121-4181
48121,48121-2114
48121,48121-3115
48121,48121-3117
48121,48121-2096
48121,48121-3121
48121,48121-2072
48121,48121-3160
48121,48121-2067
48121,48121-4166
48121,48121-1026
48121,48121-4201
48121,48121-4198
48121,48121-3141
48121,48121-4206
48121,48121-4207
48121,48121-2076
48121,48121-2079
48121,48121-3126
48121,48121-3122
48121,48121-3125
48121,48121-4178
48121,48121-4189
48121,48121-2070
48121,48121-1060
48121,48121-4163
48121,48121-3123
48121,48121-3116
48121,48121-1033
48121,48121-4203
48121,48121-3135
48121,48121-3128
48121,48121-4218
48121,48121-4193
48121,48121-1009
48121,48121-1015
48121,48121-1017
48121,48121-1049
48121,48121-1011
48121,48121-4180
48121,48121-2075
48121,48121-1046
48121,48121-1045
48121,48121-1036
48121,48121-1019
48121,48121-1020
48121,48121-1024
48121,48121-2094
48121,48121-2078
48121,48121-3150
48121,48121-4184
48121,48121-4170
48121,48121-4202
48121,48121-4213
48121,48121-4223
48121,48121-4220
48121,48121-1004
48121,48121-1047
48121,48121-1037
48121,48121-2083
48121,48121-1028
48121,48121-2095
48121,48121-1002
48121,48121-1006
48121,48121-4190
48121,48121-4188
48121,48121-4222
48121,48121-2081
48121,48121-2080
48121,48121-2112
48121,48121-1051
48121,48121-1052
48121,48121-1050
48121,48121-1016
48121,48121-2093
48121,48121-3118
48121,48121-3119
48121,48121-4197
48121,48121-4196
48121,48121-4195
48121,48121-4217
48121,48121-4216
48121,48121-4215
48121,48121-4209
48121,48121-4194
48121,48121-4186
48121,48121-1044
48121,48121-1034
48121,48121-1030
48121,48121-1039
48121,48121-1029
48121,48121-2077
48121,48121-1053
48121,48121-1013
48121,48121-1042
48121,48121-2068
48121,48121-1058
48121,48121-1027
48121,48121-1012
48121,48121-1066
48121,48121-1063
48121,48121-4173
48121,48121-4199
48121,48121-4200
48121,48121-4182
48121,48121-1065
48121,48121-4208
48121,48121-1038
48121,48121-4162
48121,48121-1025
48121,48121-1225
48121,48121-1224
48121,48121-1172
48121,48121-4226
48121,48121-4165
48123,48123-101
48123,48123-102
48123,48123-201
48123,48123-202
48123,48123-203
48123,48123-301
48123,48123-302
48123,48123-303
48123,48123-401
48123,48123-402
48125,48125-1
48125,48125-2
48125,48125-3
48125,48125-4
48125,48125-5
48125,48125-6
48127,48127-1
48127,48127-2
48127,48127-3
48127,48127-4
48127,48127-5
48127,48127-6
48127,48127-7
48129,48129-101
48129,48129-201
48129,48129-301
48129,48129-303
48129,48129-401
48131,48131-1
48131,48131-2
48131,48131-3
48131,48131-4
48131,48131-5
48131,48131-6
48131,48131-7
48131,48131-8
48131,48131-9
48133,48133-1
48133,48133-2
48133,48133-3
48133,48133-4
48133,48133-5
48133,48133-6
48133,48133-7
48133,48133-8
48133,48133-9
48135,48135-101
48135,48135-102
48135,48135-103
48135,48135-104
48135,48135-108
48135,48135-109
48135,48135-110
48135,48135-111
48135,48135-201
48135,48135-202
48135,48135-203
48135,48135-204
48135,48135-205
48135,48135-206
48135,48135-207
48135,48135-208
48135,48135-209
48135,48135-301
48135,48135-302
48135,48135-303
48135,48135-304
48135,48135-305
48135,48135-306
48135,48135-307
48135,48135-308
48135,48135-309
48135,48135-310
48135,48135-311
48135,48135-312
48135,48135-313
48135,48135-314
48135,48135-401
48135,48135-402
48135,48135-403
48135,48135-404
48135,48135-405
48135,48135-406
48135,48135-407
48135,48135-408
48135,48135-409
48135,48135-412
48137,48137-1
48137,48137-2
48137,48137-3
48137,48137-4
48139,48139-1001
48139,48139-1002
48139,48139-1003
48139,48139-1004
48139,48139-1005
48139,48139-1006
48139,48139-1007
48139,48139-1008
48139,48139-1009
48139,48139-1010
48139,48139-1011
48139,48139-1012
48139,48139-1013
48139,48139-1014
48139,48139-1015
48139,48139-1016
48139,48139-1017
48139,48139-1018
48139,48139-1019
48139,48139-1020
48139,48139-1021
48139,48139-1022
48139,48139-1024
48139,48139-1025
48139,48139-1026
48139,48139-1027
48139,48139-1028
48139,48139-1029
48139,48139-1030
48139,48139-1031
48139,48139-1032
48139,48139-1033
48139,48139-1034
48139,48139-1035
48139,48139-1036
48139,48139-1037
48139,48139-1038
48139,48139-1039
48139,48139-1040
48139,48139-1041
48139,48139-1042
48139,48139-1043
48139,48139-1044
48139,48139-1045
48139,48139-1046
48139,48139-1047
48139,48139-1048
48139,48139-1049
48139,48139-1050
48139,48139-1051
48139,48139-1052
48139,48139-1053
48139,48139-1054
48139,48139-1055
48139,48139-1056
48139,48139-1057
48139,48139-1058
48139,48139-1059
48141,48141-086
48141,48141-073
48141,48141-072
48141,48141-071
48141,48141-076
48141,48141-074
48141,48141-013
48141,48141-014
48141,48141-012
48141,48141-015
48141,48141-177
48141,48141-018
48141,48141-021
48141,48141-023
48141,48141-176
48141,48141-020
48141,48141-017
48141,48141-016
48141,48141-010
48141,48141-022
48141,48141-007
48141,48141-006
48141,48141-027
48141,48141-026
48141,48141-019
48141,48141-029
48141,48141-032
48141,48141-033
48141,48141-069
48141,48141-188
48141,48141-067
48141,48141-066
48141,48141-186
48141,48141-061
48141,48141-185
48141,48141-063
48141,48141-062
48141,48141-059
48141,48141-064
48141,48141-193
48141,48141-005
48141,48141-024
48141,48141-025
48141,48141-040
48141,48141-070
48141,48141-038
48141,48141-041
48141,48141-042
48141,48141-039
48141,48141-036
48141,48141-037
48141,48141-030
48141,48141-034
48141,48141-009
48141,48141-068
48141,48141-060
48141,48141-055
48141,48141-056
48141,48141-057
48141,48141-058
48141,48141-178
48141,48141-051
48141,48141-047
48141,48141-052
48141,48141-048
48141,48141-046
48141,48141-049
48141,48141-045
48141,48141-053
48141,48141-054
48141,48141-078
48141,48141-075
48141,48141-077
48141,48141-081
48141,48141-079
48141,48141-083
48141,48141-082
48141,48141-091
48141,48141-090
48141,48141-089
48141,48141-092
48141,48141-175
48141,48141-093
48141,48141-094
48141,48141-095
48141,48141-096
48141,48141-099
48141,48141-101
48141,48141-100
48141,48141-105
48141,48141-106
48141,48141-107
48141,48141-102
48141,48141-111
48141,48141-113
48141,48141-118
48141,48141-117
48141,48141-133
48141,48141-097
48141,48141-098
48141,48141-109
48141,48141-108
48141,48141-103
48141,48141-104
48141,48141-110
48141,48141-139
48141,48141-144
48141,48141-137
48141,48141-138
48141,48141-140
48141,48141-141
48141,48141-146
48141,48141-134
48141,48141-132
48141,48141-112
48141,48141-114
48141,48141-120
48141,48141-122
48141,48141-121
48141,48141-119
48141,48141-116
48141,48141-088
48141,48141-065
48141,48141-087
48141,48141-035
48141,48141-008
48141,48141-124
48141,48141-123
48141,48141-125
48141,48141-131
48141,48141-126
48141,48141-145
48141,48141-152
48141,48141-154
48141,48141-153
48141,48141-149
48141,48141-150
48141,48141-147
48141,48141-155
48141,48141-160
48141,48141-162
48141,48141-159
48141,48141-161
48141,48141-163
48141,48141-180
48141,48141-203
48141,48141-181
48141,48141-115
48141,48141-164
48141,48141-219
48141,48141-173
48141,48141-170
48141,48141-172
48141,48141-208
48141,48141-130
48141,48141-129
48141,48141-169
48141,48141-168
48141,48141-167
48141,48141-166
48141,48141-127
48141,48141-182
48141,48141-043
48141,48141-080
48141,48141-084
48141,48141-085
48141,48141-135
48141,48141-136
48141,48141-142
48141,48141-143
48141,48141-148
48141,48141-151
48141,48141-179
48141,48141-128
48141,48141-157
48141,48141-165
48141,48141-001
48141,48141-004
48141,48141-003
48141,48141-028
48141,48141-031
48141,48141-192
48141,48141-011
48141,48141-194
48141,48141-195
48141,48141-196
48141,48141-197
48141,48141-198
48141,48141-200
48141,48141-199
48141,48141-201
48141,48141-202
48141,48141-204
48141,48141-205
48141,48141-206
48141,48141-207
48141,48141-171
48141,48141-044
48141,48141-158
48141,48141-050
48141,48141-209
48141,48141-214
48141,48141-215
48141,48141-216
48141,48141-156
48141,48141-220
48141,48141-217
48141,48141-174
48141,48141-191
48141,48141-190
48141,48141-221
48141,48141-002
48141,48141-212
48141,48141-213
48141,48141-189
48141,48141-218
48143,48143-10
48143,48143-11
48143,48143-12
48143,48143-18
48143,48143-19
48143,48143-20
48143,48143-21
48143,48143-23
48143,48143-24
48143,48143-25
48143,48143-30
48143,48143-31
48143,48143-32
48143,48143-33
48143,48143-34
48143,48143-35
48143,48143-41
48143,48143-44
48143,48143-45
48143,48143-46
48143,48143-47
48145,48145-101
48145,48145-102
48145,48145-103
48145,48145-201
48145,48145-202
48145,48145-203
48145,48145-301
48145,48145-302
48145,48145-303
48145,48145-401
48145,48145-402
48145,48145-403
48147,48147-1
48147,48147-2
48147,48147-3
48147,48147-4
48147,48147-5
48147,48147-6
48147,48147-7
48147,48147-9
48147,48147-10
48147,48147-11
48147,48147-12
48147,48147-13
48147,48147-15
48147,48147-16
48147,48147-17
48147,48147-18
48147,48147-19
48149,48149-110
48149,48149-112
48149,48149-204
48149,48149-207
48149,48149-315
48149,48149-316
48149,48149-422
48149,48149-423
48149,48149-425
48149,48149-101N
48149,48149-201E
48149,48149-301W
48151,48151-1
48151,48151-4
48151,48151-10A
48151,48151-12
48153,48153-1
48153,48153-2
48153,48153-3
48153,48153-4
48155,48155-101
48155,48155-201
48155,48155-301
48155,48155-401
48157,48157-1142
48157,48157-3086
48157,48157-1014
48157,48157-4032
48157,48157-2091
48157,48157-4012
48157,48157-2028
48157,48157-2050
48157,48157-1144
48157,48157-3035
48157,48157-3111
48157,48157-4113
48157,48157-1006
48157,48157-3065
48157,48157-2052
48157,48157-4099
48157,48157-2089
48157,48157-3127
48157,48157-2023
48157,48157-2061
48157,48157-2085
48157,48157-4100
48157,48157-2081
48157,48157-1133
48157,48157-4026
48157,48157-3078
48157,48157-2136
48157,48157-2094
48157,48157-3060
48157,48157-4101
48157,48157-1130
48157,48157-3016
48157,48157-4069
48157,48157-1019
48157,48157-2070
48157,48157-1063
48157,48157-2034
48157,48157-4072
48157,48157-2030
48157,48157-3110
48157,48157-4037
48157,48157-4066
48157,48157-2017
48157,48157-2152
48157,48157-2059
48157,48157-2090
48157,48157-3053
48157,48157-2120
48157,48157-4095
48157,48157-4073
48157,48157-3102
48157,48157-3107
48157,48157-2116
48157,48157-3137
48157,48157-3011
48157,48157-3080
48157,48157-3020
48157,48157-3044
48157,48157-2031
48157,48157-3022
48157,48157-3029
48157,48157-3121
48157,48157-4150
48157,48157-3049
48157,48157-4067
48157,48157-3042
48157,48157-4048
48157,48157-2108
48157,48157-1132
48157,48157-3062
48157,48157-1160
48157,48157-4082
48157,48157-3064
48157,48157-3131
48157,48157-3096
48157,48157-2115
48157,48157-3098
48157,48157-2068
48157,48157-3125
48157,48157-4106
48157,48157-3138
48157,48157-1038
48157,48157-3079
48157,48157-1122
48157,48157-2161
48157,48157-1013
48157,48157-2056
48157,48157-4039
48157,48157-2077
48157,48157-1104
48157,48157-3084
48157,48157-2018
48157,48157-2128
48157,48157-2087
48157,48157-1143
48157,48157-2021
48157,48157-3093
48157,48157-2109
48157,48157-2009
48157,48157-3119
48157,48157-2134
48157,48157-2058
48157,48157-1103
48157,48157-2055
48157,48157-2123
48157,48157-3092
48157,48157-1008
48157,48157-3112
48157,48157-2075
48157,48157-3043
48157,48157-4040
48157,48157-2097
48157,48157-3140
48157,48157-4074
48157,48157-2036
48157,48157-2003
48157,48157-1041
48157,48157-3129
48157,48157-3071
48157,48157-2051
48157,48157-2118
48157,48157-2033
48157,48157-3045
48157,48157-1005
48157,48157-4076
48157,48157-4001
48157,48157-3046
48157,48157-2114
48157,48157-3047
48157,48157-3175
48157,48157-2007
48157,48157-4141
48157,48157-2151
48157,48157-1148
48157,48157-1149
48157,48157-1145
48157,48157-4083
48157,48157-1146
48157,48157-4173
48157,48157-2153
48157,48157-4154
48157,48157-3155
48157,48157-1156
48157,48157-2171
48157,48157-3158
48157,48157-1159
48157,48157-1004
48157,48157-1057
48157,48157-4024
48157,48157-4002
48157,48157-4025
48157,48157-2010
48157,48157-4162
48157,48157-4015
48157,48157-4164
48157,48157-4163
48157,48157-1165
48157,48157-3105
48157,48157-4117
48157,48157-3147
48157,48157-3139
48157,48157-4124
48157,48157-3135
48157,48157-4167
48157,48157-1054
48157,48157-3168
48157,48157-4170
48157,48157-3169
48157,48157-3157
48157,48157-2088
48157,48157-3172
48157,48157-3126
48157,48157-3174
48159,48159-101
48159,48159-102
48159,48159-201
48159,48159-202
48159,48159-301
48159,48159-302
48159,48159-401
48159,48159-402
48161,48161-1
48161,48161-2
48161,48161-3
48161,48161-4A
48161,48161-4B
48161,48161-5A
48161,48161-5B
48161,48161-6A
48161,48161-6B
48161,48161-7A
48161,48161-7B
48161,48161-8
48161,48161-9A
48161,48161-9B
48161,48161-9C
48161,48161-10
48161,48161-11A
48161,48161-11B
48161,48161-13
48161,48161-15
48163,48163-1
48163,48163-2
48163,48163-3
48163,48163-4
48163,48163-5
48163,48163-6
48163,48163-8
48163,48163-9
48163,48163-10
48165,48165-2
48165,48165-3
48165,48165-4
48165,48165-5
48165,48165-6
48165,48165-8
48165,48165-9
48167,48167-137
48167,48167-142
48167,48167-143
48167,48167-144
48167,48167-146
48167,48167-148
48167,48167-150
48167,48167-151
48167,48167-152
48167,48167-159
48167,48167-165
48167,48167-166
48167,48167-167
48167,48167-168
48167,48167-172
48167,48167-173
48167,48167-185
48167,48167-191
48167,48167-193
48167,48167-196
48167,48167-197
48167,48167-202
48167,48167-203
48167,48167-204
48167,48167-206
48167,48167-211
48167,48167-214
48167,48167-215
48167,48167-216
48167,48167-218
48167,48167-221
48167,48167-223
48167,48167-224
48167,48167-225
48167,48167-226
48167,48167-227
48167,48167-230
48167,48167-245
48167,48167-274
48167,48167-275
48167,48167-276
48167,48167-277
48167,48167-278
48167,48167-333
48167,48167-340
48167,48167-341
48167,48167-353
48167,48167-354
48167,48167-355
48167,48167-356
48167,48167-357
48167,48167-363
48167,48167-364
48167,48167-370
48167,48167-371
48167,48167-384
48167,48167-386
48167,48167-387
48167,48167-388
48167,48167-389
48167,48167-390
48167,48167-392
48167,48167-398
48167,48167-399
48167,48167-401
48167,48167-419
48167,48167-420
48167,48167-422
48167,48167-428
48167,48167-429
48167,48167-431
48167,48167-432
48167,48167-434
48167,48167-435
48167,48167-436
48167,48167-438
48167,48167-439
48167,48167-458
48167,48167-460
48167,48167-461
48167,48167-462
48167,48167-479
48167,48167-480
48167,48167-481
48167,48167-482
48167,48167-483
48167,48167-492
48167,48167-495
48167,48167-2323
48167,48167-4391
48169,48169-1
48169,48169-2
48169,48169-3
48169,48169-4
48169,48169-5
48169,48169-6
48171,48171-1
48171,48171-2
48171,48171-3
48171,48171-4
48171,48171-5
48171,48171-6
48171,48171-7
48171,48171-8
48171,48171-9
48171,48171-10
48171,48171-12
48171,48171-13
48171,48171-15
48173,48173-1
48173,48173-2
48173,48173-3
48173,48173-4
48175,48175-11
48175,48175-12
48175,48175-21
48175,48175-22
48175,48175-31
48175,48175-32
48175,48175-41
48175,48175-42
48175,48175-43
48177,48177-1
48177,48177-2
48177,48177-3
48177,48177-5
48177,48177-7
48177,48177-8
48177,48177-9
48177,48177-10
48177,48177-11
48177,48177-12
48177,48177-13
48177,48177-14
48177,48177-15
48177,48177-4/6
48179,48179-1
48179,48179-2
48179,48179-3
48179,48179-4
48179,48179-5
48179,48179-6
48179,48179-7
48181,48181-101
48181,48181-102
48181,48181-103
48181,48181-104
48181,48181-105
48181,48181-106
48181,48181-107
48181,48181-108
48181,48181-109
48181,48181-201
48181,48181-202
48181,48181-203
48181,48181-204
48181,48181-205
48181,48181-206
48181,48181-207
48181,48181-208
48181,48181-209
48181,48181-210
48181,48181-301
48181,48181-302
48181,48181-303
48181,48181-304
48181,48181-305
48181,48181-306
48181,48181-307
48181,48181-308
48181,48181-309
48181,48181-310
48181,48181-401
48181,48181-402
48181,48181-403
48181,48181-404
48181,48181-405
48181,48181-406
48181,48181-407
48181,48181-408
48181,48181-409
48181,48181-410
48181,48181-411
48181,48181-412
48183,48183-1
48183,48183-2
48183,48183-3
48183,48183-4
48183,48183-5
48183,48183-6
48183,48183-7
48183,48183-8
48183,48183-9
48183,48183-10
48183,48183-11
48183,48183-12
48183,48183-13
48183,48183-14
48183,48183-15
48183,48183-16
48183,48183-17
48183,48183-18
48183,48183-19
48183,48183-20
48183,48183-21
48185,48185-1
48185,48185-2
48185,48185-3
48185,48185-4
48185,48185-5
48185,48185-6
48185,48185-7
48185,48185-8
48185,48185-9
48185,48185-10
48185,48185-12
48185,48185-14
48185,48185-15
48187,48187-102
48187,48187-103
48187,48187-104
48187,48187-105
48187,48187-106
48187,48187-107
48187,48187-109
48187,48187-110
48187,48187-112
48187,48187-113
48187,48187-114
48187,48187-115
48187,48187-116
48187,48187-117
48187,48187-119
48187,48187-120
48187,48187-123
48187,48187-124
48187,48187-125
48187,48187-126
48187,48187-127
48187,48187-128
48187,48187-129
48187,48187-201
48187,48187-202
48187,48187-203
48187,48187-204
48187,48187-205
48187,48187-206
48187,48187-207
48187,48187-208
48187,48187-209
48187,48187-210
48187,48187-211
48187,48187-212
48187,48187-213
48187,48187-214
48187,48187-215
48187,48187-216
48187,48187-217
48187,48187-218
48187,48187-219
48187,48187-220
48187,48187-221
48187,48187-222
48187,48187-223
48187,48187-224
48187,48187-225
48187,48187-226
48187,48187-227
48187,48187-228
48187,48187-229
48187,48187-230
48187,48187-231
48187,48187-232
48187,48187-303
48187,48187-304
48187,48187-305
48187,48187-306
48187,48187-307
48187,48187-308
48187,48187-309
48187,48187-310
48187,48187-311
48187,48187-401
48187,48187-404
48187,48187-405
48187,48187-406
48187,48187-407
48187,48187-408
48187,48187-409
48187,48187-410
48187,48187-412
48187,48187-413
48187,48187-414
48187,48187-415
48189,48189-101
48189,48189-102
48189,48189-103
48189,48189-104
48189,48189-105
48189,48189-108
48189,48189-110
48189,48189-111
48189,48189-112
48189,48189-202
48189,48189-203
48189,48189-204
48189,48189-205
48189,48189-206
48189,48189-213
48189,48189-214
48189,48189-215
48189,48189-304
48189,48189-305
48189,48189-306
48189,48189-307
48189,48189-316
48189,48189-317
48189,48189-318
48189,48189-406
48189,48189-407
48189,48189-408
48189,48189-409
48189,48189-419
48189,48189-420
48191,48191-101
48191,48191-201
48191,48191-202
48191,48191-301
48191,48191-302
48191,48191-401
48191,48191-402
48193,48193-1
48193,48193-4
48193,48193-5
48193,48193-7
48193,48193-9
48193,48193-12
48193,48193-14
48193,48193-15
48193,48193-17
48193,48193-22
48193,48193-23
48195,48195-1
48195,48195-2
48195,48195-3
48195,48195-4
48195,48195-5
48195,48195-6
48195,48195-7
48195,48195-9
48197,48197-1
48197,48197-2
48197,48197-3
48197,48197-4
48199,48199-1
48199,48199-2
48199,48199-3
48199,48199-4
48199,48199-5
48199,48199-6
48199,48199-7
48199,48199-8
48199,48199-9
48199,48199-10
48199,48199-11
48199,48199-12
48199,48199-13
48199,48199-14
48199,48199-15
48199,48199-16
48199,48199-17
48199,48199-18
48199,48199-19
48201,48201-0001
48201,48201-0010
48201,48201-0100
48201,48201-1000
48201,48201-1001
48201,48201-1002
48201,48201-1003
48201,48201-1004
48201,48201-1006
48201,48201-1007
48201,48201-1008
48201,48201-1009
48201,48201-0101
48201,48201-1010
48201,48201-1011
48201,48201-1012
48201,48201-1016
48201,48201-1017
48201,48201-1019
48201,48201-0102
48201,48201-1020
48201,48201-1021
48201,48201-1022
48201,48201-1023
48201,48201-1024
48201,48201-1025
48201,48201-1026
48201,48201-1027
48201,48201-1028
48201,48201-1029
48201,48201-0103
48201,48201-1030
48201,48201-1031
48201,48201-1032
48201,48201-1033
48201,48201-1034
48201,48201-1036
48201,48201-1037
48201,48201-1038
48201,48201-0104
48201,48201-1040
48201,48201-1041
48201,48201-1042
48201,48201-1043
48201,48201-1044
48201,48201-1045
48201,48201-1046
48201,48201-1047
48201,48201-1048
48201,48201-1049
48201,48201-0105
48201,48201-1050
48201,48201-1053
48201,48201-1054
48201,48201-1055
48201,48201-1056
48201,48201-1057
48201,48201-1058
48201,48201-1059
48201,48201-0106
48201,48201-1060
48201,48201-1061
48201,48201-1062
48201,48201-1063
48201,48201-1064
48201,48201-1065
48201,48201-1067
48201,48201-1068
48201,48201-0107
48201,48201-1070
48201,48201-1071
48201,48201-1072
48201,48201-1074
48201,48201-1076
48201,48201-1077
48201,48201-1078
48201,48201-1079
48201,48201-0108
48201,48201-1080
48201,48201-1081
48201,48201-1084
48201,48201-1085
48201,48201-1086
48201,48201-1087
48201,48201-1088
48201,48201-1089
48201,48201-0109
48201,48201-1090
48201,48201-1091
48201,48201-1092
48201,48201-1093
48201,48201-1095
48201,48201-1096
48201,48201-1097
48201,48201-1098
48201,48201-1099
48201,48201-0011
48201,48201-0110
48201,48201-1100
48201,48201-1101
48201,48201-1102
48201,48201-1103
48201,48201-1104
48201,48201-1105
48201,48201-1106
48201,48201-1107
48201,48201-1108
48201,48201-1109
48201,48201-0111
48201,48201-1110
48201,48201-1111
48201,48201-1112
48201,48201-1113
48201,48201-1114
48201,48201-1115
48201,48201-1116
48201,48201-1117
48201,48201-1118
48201,48201-1119
48201,48201-0112
48201,48201-1120
48201,48201-1121
48201,48201-1122
48201,48201-1123
48201,48201-1126
48201,48201-1127
48201,48201-1128
48201,48201-0113
48201,48201-1130
48201,48201-1131
48201,48201-1133
48201,48201-1134
48201,48201-1135
48201,48201-1136
48201,48201-1137
48201,48201-1138
48201,48201-1139
48201,48201-0114
48201,48201-1140
48201,48201-1142
48201,48201-1144
48201,48201-1145
48201,48201-1146
48201,48201-1147
48201,48201-1148
48201,48201-1149
48201,48201-0115
48201,48201-1151
48201,48201-1152
48201,48201-1156
48201,48201-0116
48201,48201-1166
48201,48201-1167
48201,48201-1168
48201,48201-1169
48201,48201-0117
48201,48201-1170
48201,48201-1171
48201,48201-1172
48201,48201-0118
48201,48201-0119
48201,48201-0012
48201,48201-0120
48201,48201-0121
48201,48201-0122
48201,48201-0123
48201,48201-0124
48201,48201-0125
48201,48201-0126
48201,48201-0127
48201,48201-0128
48201,48201-0129
48201,48201-0013
48201,48201-0130
48201,48201-0131
48201,48201-0132
48201,48201-0133
48201,48201-0134
48201,48201-0135
48201,48201-0136
48201,48201-0137
48201,48201-0138
48201,48201-0139
48201,48201-0014
48201,48201-0140
48201,48201-0141
48201,48201-0142
48201,48201-0143
48201,48201-0144
48201,48201-0145
48201,48201-0146
48201,48201-0147
48201,48201-0148
48201,48201-0149
48201,48201-0015
48201,48201-0150
48201,48201-0151
48201,48201-0152
48201,48201-0153
48201,48201-0154
48201,48201-0155
48201,48201-0156
48201,48201-0157
48201,48201-0158
48201,48201-0159
48201,48201-0016
48201,48201-0160
48201,48201-0161
48201,48201-0162
48201,48201-0163
48201,48201-0164
48201,48201-0165
48201,48201-0166
48201,48201-0167
48201,48201-0168
48201,48201-0169
48201,48201-0017
48201,48201-0170
48201,48201-0171
48201,48201-0172
48201,48201-0173
48201,48201-0174
48201,48201-0175
48201,48201-0176
48201,48201-0177
48201,48201-0178
48201,48201-0179
48201,48201-0018
48201,48201-0180
48201,48201-0181
48201,48201-0182
48201,48201-0183
48201,48201-0184
48201,48201-0185
48201,48201-0186
48201,48201-0187
48201,48201-0188
48201,48201-0189
48201,48201-0019
48201,48201-0190
48201,48201-0191
48201,48201-0192
48201,48201-0193
48201,48201-0194
48201,48201-0195
48201,48201-0196
48201,48201-0197
48201,48201-0198
48201,48201-0199
48201,48201-0002
48201,48201-0020
48201,48201-0200
48201,48201-0201
48201,48201-0202
48201,48201-0203
48201,48201-0204
48201,48201-0205
48201,48201-0206
48201,48201-0207
48201,48201-0208
48201,48201-0209
48201,48201-0021
48201,48201-0210
48201,48201-0211
48201,48201-0212
48201,48201-0213
48201,48201-0214
48201,48201-0215
48201,48201-0216
48201,48201-0217
48201,48201-0218
48201,48201-0219
48201,48201-0022
48201,48201-0220
48201,48201-0221
48201,48201-0222
48201,48201-0223
48201,48201-0224
48201,48201-0225
48201,48201-0226
48201,48201-0227
48201,48201-0228
48201,48201-0229
48201,48201-0023
48201,48201-0230
48201,48201-0231
48201,48201-0232
48201,48201-0233
48201,48201-0234
48201,48201-0235
48201,48201-0236
48201,48201-0237
48201,48201-0238
48201,48201-0239
48201,48201-0024
48201,48201-0240
48201,48201-0241
48201,48201-0242
48201,48201-0243
48201,48201-0244
48201,48201-0245
48201,48201-0246
48201,48201-0247
48201,48201-0248
48201,48201-0249
48201,48201-0025
48201,48201-0250
48201,48201-0251
48201,48201-0252
48201,48201-0253
48201,48201-0254
48201,48201-0255
48201,48201-0256
48201,48201-0257
48201,48201-0258
48201,48201-0259
48201,48201-0026
48201,48201-0260
48201,48201-0261
48201,48201-0262
48201,48201-0263
48201,48201-0264
48201,48201-0265
48201,48201-0266
48201,48201-0267
48201,48201-0268
48201,48201-0269
48201,48201-0027
48201,48201-0270
48201,48201-0271
48201,48201-0272
48201,48201-0273
48201,48201-0274
48201,48201-0275
48201,48201-0276
48201,48201-0277
48201,48201-0278
48201,48201-0279
48201,48201-0028
48201,48201-0280
48201,48201-0281
48201,48201-0282
48201,48201-0283
48201,48201-0284
48201,48201-0285
48201,48201-0286
48201,48201-0287
48201,48201-0288
48201,48201-0289
48201,48201-0029
48201,48201-0290
48201,48201-0291
48201,48201-0292
48201,48201-0293
48201,48201-0294
48201,48201-0295
48201,48201-0296
48201,48201-0297
48201,48201-0298
48201,48201-0299
48201,48201-0003
48201,48201-0030
48201,48201-0300
48201,48201-0301
48201,48201-0302
48201,48201-0303
48201,48201-0304
48201,48201-0305
48201,48201-0306
48201,48201-0307
48201,48201-0308
48201,48201-0309
48201,48201-0031
48201,48201-0310
48201,48201-0311
48201,48201-0312
48201,48201-0313
48201,48201-0314
48201,48201-0315
48201,48201-0316
48201,48201-0317
48201,48201-0318
48201,48201-0319
48201,48201-0032
48201,48201-0320
48201,48201-0321
48201,48201-0322
48201,48201-0323
48201,48201-0324
48201,48201-0325
48201,48201-0326
48201,48201-0327
48201,48201-0328
48201,48201-0329
48201,48201-0033
48201,48201-0330
48201,48201-0331
48201,48201-0332
48201,48201-0333
48201,48201-0334
48201,48201-0335
48201,48201-0336
48201,48201-0337
48201,48201-0338
48201,48201-0339
48201,48201-0034
48201,48201-0340
48201,48201-0341
48201,48201-0342
48201,48201-0343
48201,48201-0344
48201,48201-0345
48201,48201-0347
48201,48201-0348
48201,48201-0349
48201,48201-0035
48201,48201-0350
48201,48201-0351
48201,48201-0352
48201,48201-0353
48201,48201-0354
48201,48201-0355
48201,48201-0356
48201,48201-0357
48201,48201-0358
48201,48201-0359
48201,48201-0036
48201,48201-0360
48201,48201-0361
48201,48201-0362
48201,48201-0363
48201,48201-0364
48201,48201-0365
48201,48201-0366
48201,48201-0367
48201,48201-0368
48201,48201-0369
48201,48201-0037
48201,48201-0370
48201,48201-0371
48201,48201-0372
48201,48201-0373
48201,48201-0374
48201,48201-0375
48201,48201-0376
48201,48201-0377
48201,48201-0378
48201,48201-0379
48201,48201-0038
48201,48201-0380
48201,48201-0381
48201,48201-0382
48201,48201-0383
48201,48201-0384
48201,48201-0385
48201,48201-0386
48201,48201-0387
48201,48201-0388
48201,48201-0389
48201,48201-0039
48201,48201-0390
48201,48201-0391
48201,48201-0392
48201,48201-0393
48201,48201-0394
48201,48201-0395
48201,48201-0396
48201,48201-0397
48201,48201-0398
48201,48201-0399
48201,48201-0004
48201,48201-0040
48201,48201-0401
48201,48201-0402
48201,48201-0403
48201,48201-0404
48201,48201-0405
48201,48201-0406
48201,48201-0407
48201,48201-0408
48201,48201-0409
48201,48201-0041
48201,48201-0410
48201,48201-0411
48201,48201-0412
48201,48201-0413
48201,48201-0414
48201,48201-0415
48201,48201-0416
48201,48201-0417
48201,48201-0418
48201,48201-0419
48201,48201-0042
48201,48201-0420
48201,48201-0421
48201,48201-0422
48201,48201-0423
48201,48201-0424
48201,48201-0425
48201,48201-0426
48201,48201-0427
48201,48201-0428
48201,48201-0429
48201,48201-0043
48201,48201-0430
48201,48201-0431
48201,48201-0432
48201,48201-0433
48201,48201-0434
48201,48201-0435
48201,48201-0436
48201,48201-0437
48201,48201-0438
48201,48201-0439
48201,48201-0044
48201,48201-0440
48201,48201-0441
48201,48201-0442
48201,48201-0443
48201,48201-0444
48201,48201-0445
48201,48201-0446
48201,48201-0447
48201,48201-0448
48201,48201-0045
48201,48201-0450
48201,48201-0451
48201,48201-0452
48201,48201-0453
48201,48201-0454
48201,48201-0455
48201,48201-0456
48201,48201-0458
48201,48201-0459
48201,48201-0046
48201,48201-0460
48201,48201-0461
48201,48201-0462
48201,48201-0463
48201,48201-0464
48201,48201-0465
48201,48201-0466
48201,48201-0467
48201,48201-0468
48201,48201-0469
48201,48201-0047
48201,48201-0470
48201,48201-0471
48201,48201-0472
48201,48201-0473
48201,48201-0474
48201,48201-0475
48201,48201-0476
48201,48201-0477
48201,48201-0478
48201,48201-0479
48201,48201-0048
48201,48201-0480
48201,48201-0481
48201,48201-0482
48201,48201-0483
48201,48201-0484
48201,48201-0485
48201,48201-0486
48201,48201-0487
48201,48201-0488
48201,48201-0489
48201,48201-0049
48201,48201-0490
48201,48201-0491
48201,48201-0492
48201,48201-0493
48201,48201-0494
48201,48201-0495
48201,48201-0496
48201,48201-0497
48201,48201-0498
48201,48201-0499
48201,48201-0005
48201,48201-0050
48201,48201-0500
48201,48201-0501
48201,48201-0502
48201,48201-0503
48201,48201-0504
48201,48201-0505
48201,48201-0506
48201,48201-0507
48201,48201-0508
48201,48201-0509
48201,48201-0051
48201,48201-0510
48201,48201-0511
48201,48201-0512
48201,48201-0513
48201,48201-0514
48201,48201-0515
48201,48201-0516
48201,48201-0517
48201,48201-0518
48201,48201-0519
48201,48201-0052
48201,48201-0520
48201,48201-0521
48201,48201-0522
48201,48201-0523
48201,48201-0524
48201,48201-0525
48201,48201-0526
48201,48201-0527
48201,48201-0528
48201,48201-0529
48201,48201-0053
48201,48201-0530
48201,48201-0531
48201,48201-0532
48201,48201-0533
48201,48201-0534
48201,48201-0535
48201,48201-0536
48201,48201-0537
48201,48201-0538
48201,48201-0539
48201,48201-0054
48201,48201-0540
48201,48201-0541
48201,48201-0542
48201,48201-0543
48201,48201-0544
48201,48201-0545
48201,48201-0546
48201,48201-0547
48201,48201-0548
48201,48201-0549
48201,48201-0055
48201,48201-0550
48201,48201-0551
48201,48201-0552
48201,48201-0553
48201,48201-0554
48201,48201-0555
48201,48201-0556
48201,48201-0557
48201,48201-0558
48201,48201-0559
48201,48201-0056
48201,48201-0560
48201,48201-0561
48201,48201-0562
48201,48201-0563
48201,48201-0564
48201,48201-0565
48201,48201-0566
48201,48201-0567
48201,48201-0568
48201,48201-0569
48201,48201-0057
48201,48201-0570
48201,48201-0571
48201,48201-0572
48201,48201-0573
48201,48201-0574
48201,48201-0575
48201,48201-0576
48201,48201-0577
48201,48201-0578
48201,48201-0579
48201,48201-0058
48201,48201-0580
48201,48201-0581
48201,48201-0582
48201,48201-0583
48201,48201-0584
48201,48201-0585
48201,48201-0586
48201,48201-0587
48201,48201-0588
48201,48201-0589
48201,48201-0059
48201,48201-0590
48201,48201-0591
48201,48201-0592
48201,48201-0593
48201,48201-0594
48201,48201-0595
48201,48201-0596
48201,48201-0597
48201,48201-0598
48201,48201-0599
48201,48201-0006
48201,48201-0060
48201,48201-0600
48201,48201-0601
48201,48201-0602
48201,48201-0603
48201,48201-0604
48201,48201-0605
48201,48201-0606
48201,48201-0607
48201,48201-0608
48201,48201-0609
48201,48201-0061
48201,48201-0610
48201,48201-0611
48201,48201-0612
48201,48201-0613
48201,48201-0614
48201,48201-0615
48201,48201-0616
48201,48201-0617
48201,48201-0618
48201,48201-0619
48201,48201-0062
48201,48201-0620
48201,48201-0621
48201,48201-0622
48201,48201-0623
48201,48201-0624
48201,48201-0625
48201,48201-0626
48201,48201-0627
48201,48201-0628
48201,48201-0629
48201,48201-0063
48201,48201-0630
48201,48201-0631
48201,48201-0632
48201,48201-0633
48201,48201-0634
48201,48201-0635
48201,48201-0636
48201,48201-0637
48201,48201-0638
48201,48201-0639
48201,48201-0064
48201,48201-0640
48201,48201-0641
48201,48201-0642
48201,48201-0643
48201,48201-0644
48201,48201-0645
48201,48201-0646
48201,48201-0647
48201,48201-0648
48201,48201-0649
48201,48201-0065
48201,48201-0650
48201,48201-0651
48201,48201-0652
48201,48201-0653
48201,48201-0654
48201,48201-0655
48201,48201-0656
48201,48201-0657
48201,48201-0658
48201,48201-0659
48201,48201-0066
48201,48201-0660
48201,48201-0661
48201,48201-0662
48201,48201-0663
48201,48201-0664
48201,48201-0665
48201,48201-0667
48201,48201-0668
48201,48201-0669
48201,48201-0067
48201,48201-0670
48201,48201-0671
48201,48201-0672
48201,48201-0673
48201,48201-0674
48201,48201-0675
48201,48201-0676
48201,48201-0677
48201,48201-0678
48201,48201-0679
48201,48201-0068
48201,48201-0680
48201,48201-0681
48201,48201-0682
48201,48201-0683
48201,48201-0684
48201,48201-0685
48201,48201-0686
48201,48201-0687
48201,48201-0688
48201,48201-0689
48201,48201-0069
48201,48201-0690
48201,48201-0691
48201,48201-0692
48201,48201-0693
48201,48201-0694
48201,48201-0695
48201,48201-0696
48201,48201-0697
48201,48201-0698
48201,48201-0699
48201,48201-0007
48201,48201-0070
48201,48201-0700
48201,48201-0701
48201,48201-0702
48201,48201-0703
48201,48201-0704
48201,48201-0705
48201,48201-0706
48201,48201-0707
48201,48201-0708
48201,48201-0709
48201,48201-0071
48201,48201-0710
48201,48201-0711
48201,48201-0712
48201,48201-0713
48201,48201-0714
48201,48201-0715
48201,48201-0716
48201,48201-0717
48201,48201-0718
48201,48201-0719
48201,48201-0072
48201,48201-0720
48201,48201-0721
48201,48201-0722
48201,48201-0723
48201,48201-0724
48201,48201-0725
48201,48201-0726
48201,48201-0727
48201,48201-0728
48201,48201-0729
48201,48201-0073
48201,48201-0730
48201,48201-0731
48201,48201-0732
48201,48201-0733
48201,48201-0734
48201,48201-0735
48201,48201-0736
48201,48201-0737
48201,48201-0738
48201,48201-0739
48201,48201-0074
48201,48201-0740
48201,48201-0741
48201,48201-0742
48201,48201-0743
48201,48201-0744
48201,48201-0745
48201,48201-0746
48201,48201-0747
48201,48201-0748
48201,48201-0749
48201,48201-0075
48201,48201-0750
48201,48201-0751
48201,48201-0752
48201,48201-0753
48201,48201-0754
48201,48201-0755
48201,48201-0756
48201,48201-0757
48201,48201-0758
48201,48201-0759
48201,48201-0076
48201,48201-0760
48201,48201-0761
48201,48201-0762
48201,48201-0763
48201,48201-0764
48201,48201-0765
48201,48201-0766
48201,48201-0767
48201,48201-0768
48201,48201-0769
48201,48201-0770
48201,48201-0771
48201,48201-0772
48201,48201-0773
48201,48201-0774
48201,48201-0775
48201,48201-0776
48201,48201-0777
48201,48201-0778
48201,48201-0779
48201,48201-0078
48201,48201-0780
48201,48201-0781
48201,48201-0782
48201,48201-0783
48201,48201-0784
48201,48201-0785
48201,48201-0786
48201,48201-0787
48201,48201-0788
48201,48201-0789
48201,48201-0079
48201,48201-0790
48201,48201-0792
48201,48201-0793
48201,48201-0794
48201,48201-0795
48201,48201-0796
48201,48201-0798
48201,48201-0799
48201,48201-0008
48201,48201-0080
48201,48201-0800
48201,48201-0801
48201,48201-0803
48201,48201-0804
48201,48201-0805
48201,48201-0806
48201,48201-0807
48201,48201-0808
48201,48201-0809
48201,48201-0081
48201,48201-0810
48201,48201-0811
48201,48201-0813
48201,48201-0814
48201,48201-0816
48201,48201-0817
48201,48201-0818
48201,48201-0819
48201,48201-0082
48201,48201-0820
48201,48201-0821
48201,48201-0822
48201,48201-0823
48201,48201-0824
48201,48201-0825
48201,48201-0826
48201,48201-0827
48201,48201-0828
48201,48201-0829
48201,48201-0083
48201,48201-0830
48201,48201-0831
48201,48201-0832
48201,48201-0834
48201,48201-0835
48201,48201-0836
48201,48201-0837
48201,48201-0839
48201,48201-0084
48201,48201-0840
48201,48201-0841
48201,48201-0842
48201,48201-0843
48201,48201-0844
48201,48201-0845
48201,48201-0846
48201,48201-0847
48201,48201-0848
48201,48201-0849
48201,48201-0085
48201,48201-0850
48201,48201-0851
48201,48201-0852
48201,48201-0853
48201,48201-0854
48201,48201-0855
48201,48201-0858
48201,48201-0859
48201,48201-0086
48201,48201-0860
48201,48201-0861
48201,48201-0862
48201,48201-0863
48201,48201-0864
48201,48201-0865
48201,48201-0867
48201,48201-0868
48201,48201-0869
48201,48201-0087
48201,48201-0871
48201,48201-0872
48201,48201-0873
48201,48201-0874
48201,48201-0875
48201,48201-0876
48201,48201-0877
48201,48201-0878
48201,48201-0879
48201,48201-0088
48201,48201-0880
48201,48201-0881
48201,48201-0882
48201,48201-0883
48201,48201-0884
48201,48201-0885
48201,48201-0886
48201,48201-0887
48201,48201-0888
48201,48201-0889
48201,48201-0089
48201,48201-0890
48201,48201-0891
48201,48201-0892
48201,48201-0893
48201,48201-0894
48201,48201-0895
48201,48201-0896
48201,48201-0897
48201,48201-0898
48201,48201-0899
48201,48201-0009
48201,48201-0090
48201,48201-0900
48201,48201-0901
48201,48201-0902
48201,48201-0903
48201,48201-0905
48201,48201-0906
48201,48201-0907
48201,48201-0908
48201,48201-0909
48201,48201-0091
48201,48201-0910
48201,48201-0911
48201,48201-0912
48201,48201-0913
48201,48201-0914
48201,48201-0915
48201,48201-0916
48201,48201-0918
48201,48201-0919
48201,48201-0092
48201,48201-0920
48201,48201-0921
48201,48201-0923
48201,48201-0926
48201,48201-0927
48201,48201-0928
48201,48201-0093
48201,48201-0930
48201,48201-0931
48201,48201-0933
48201,48201-0934
48201,48201-0935
48201,48201-0936
48201,48201-0937
48201,48201-0938
48201,48201-0094
48201,48201-0940
48201,48201-0941
48201,48201-0942
48201,48201-0943
48201,48201-0944
48201,48201-0945
48201,48201-0946
48201,48201-0947
48201,48201-0948
48201,48201-0949
48201,48201-0095
48201,48201-0951
48201,48201-0952
48201,48201-0953
48201,48201-0954
48201,48201-0955
48201,48201-0956
48201,48201-0957
48201,48201-0958
48201,48201-0096
48201,48201-0960
48201,48201-0961
48201,48201-0962
48201,48201-0963
48201,48201-0964
48201,48201-0965
48201,48201-0966
48201,48201-0967
48201,48201-0968
48201,48201-0969
48201,48201-0097
48201,48201-0970
48201,48201-0971
48201,48201-0972
48201,48201-0973
48201,48201-0974
48201,48201-0975
48201,48201-0976
48201,48201-0977
48201,48201-0978
48201,48201-0098
48201,48201-0980
48201,48201-0981
48201,48201-0982
48201,48201-0983
48201,48201-0984
48201,48201-0985
48201,48201-0986
48201,48201-0987
48201,48201-0988
48201,48201-0989
48201,48201-0099
48201,48201-0990
48201,48201-0991
48201,48201-0992
48201,48201-0994
48201,48201-0995
48201,48201-0996
48201,48201-0997
48203,48203-1
48203,48203-2
48203,48203-3
48203,48203-4
48203,48203-5
48203,48203-6
48203,48203-7
48203,48203-8
48203,48203-9
48203,48203-10
48203,48203-11
48203,48203-12
48203,48203-13
48203,48203-14
48203,48203-15
48203,48203-16
48203,48203-17
48203,48203-18
48203,48203-19
48203,48203-20
48203,48203-21
48203,48203-22
48203,48203-23
48203,48203-24
48203,48203-25
48203,48203-26
48205,48205-101
48205,48205-102
48205,48205-201
48205,48205-202
48205,48205-301
48205,48205-401
48207,48207-1
48207,48207-2
48207,48207-3
48207,48207-4
48207,48207-5
48207,48207-6
48207,48207-7
48207,48207-8
48207,48207-9
48207,48207-10
48209,48209-110
48209,48209-112
48209,48209-113
48209,48209-114
48209,48209-115
48209,48209-120
48209,48209-121
48209,48209-125
48209,48209-128
48209,48209-132
48209,48209-134
48209,48209-136
48209,48209-140
48209,48209-141
48209,48209-142
48209,48209-146
48209,48209-203
48209,48209-204
48209,48209-205
48209,48209-206
48209,48209-216
48209,48209-219
48209,48209-220
48209,48209-221
48209,48209-223
48209,48209-225
48209,48209-227
48209,48209-228
48209,48209-231
48209,48209-252
48209,48209-253
48209,48209-254
48209,48209-314
48209,48209-315
48209,48209-316
48209,48209-319
48209,48209-320
48209,48209-325
48209,48209-332
48209,48209-333
48209,48209-335
48209,48209-336
48209,48209-337
48209,48209-338
48209,48209-339
48209,48209-340
48209,48209-342
48209,48209-344
48209,48209-347
48209,48209-351
48209,48209-371
48209,48209-372
48209,48209-373
48209,48209-374
48209,48209-375
48209,48209-376
48209,48209-422
48209,48209-423
48209,48209-424
48209,48209-425
48209,48209-426
48209,48209-430
48209,48209-432
48209,48209-435
48209,48209-436
48209,48209-438
48209,48209-440
48209,48209-441
48209,48209-442
48209,48209-443
48209,48209-444
48209,48209-445
48209,48209-446
48209,48209-448
48209,48209-449
48209,48209-450
48209,48209-451
48209,48209-452
48211,48211-101
48211,48211-201
48211,48211-202
48211,48211-301
48211,48211-302
48211,48211-303
48211,48211-401
48211,48211-402
48213,48213-1
48213,48213-2
48213,48213-3
48213,48213-4
48213,48213-1A
48213,48213-1M
48213,48213-1T
48213,48213-2E
48213,48213-2M
48213,48213-3B
48213,48213-3C
48213,48213-3M
48213,48213-3N
48213,48213-4A
48213,48213-4B
48213,48213-4W
48213,48213-1CR
48213,48213-1MN
48213,48213-1TC
48213,48213-3CS
48213,48213-3NW
48213,48213-3WS
48213,48213-4LP
48213,48213-4MS
48213,48213-4SE
48213,48213-2GBN
48213,48213-2GBS
48213,48213-2PSN
48213,48213-2PSS
48213,48213-4NLP
48215,48215-001
48215,48215-002
48215,48215-003
48215,48215-004
48215,48215-005
48215,48215-006
48215,48215-007
48215,48215-008
48215,48215-009
48215,48215-010
48215,48215-011
48215,48215-012
48215,48215-013
48215,48215-014
48215,48215-015
48215,48215-016
48215,48215-017
48215,48215-018
48215,48215-019
48215,48215-020
48215,48215-021
48215,48215-022
48215,48215-023
48215,48215-024
48215,48215-025
48215,48215-026
48215,48215-027
48215,48215-028
48215,48215-029
48215,48215-030
48215,48215-031
48215,48215-032
48215,48215-033
48215,48215-034
48215,48215-035
48215,48215-036
48215,48215-037
48215,48215-038
48215,48215-039
48215,48215-040
48215,48215-041
48215,48215-042
48215,48215-043
48215,48215-044
48215,48215-045
48215,48215-046
48215,48215-047
48215,48215-048
48215,48215-049
48215,48215-050
48215,48215-051
48215,48215-052
48215,48215-053
48215,48215-054
48215,48215-055
48215,48215-056
48215,48215-057
48215,48215-058
48215,48215-059
48215,48215-060
48215,48215-061
48215,48215-062
48215,48215-063
48215,48215-064
48215,48215-065
48215,48215-066
48215,48215-067
48215,48215-068
48215,48215-069
48215,48215-070
48215,48215-071
48215,48215-072
48215,48215-073
48215,48215-074
48215,48215-075
48215,48215-076
48215,48215-077
48215,48215-078
48215,48215-079
48215,48215-080
48215,48215-081
48215,48215-082
48215,48215-083
48215,48215-084
48215,48215-085
48215,48215-086
48215,48215-087
48215,48215-088
48215,48215-089
48215,48215-090
48215,48215-091
48215,48215-092
48215,48215-093
48215,48215-094
48215,48215-095
48215,48215-096
48215,48215-097
48215,48215-098
48215,48215-099
48215,48215-100
48215,48215-101
48215,48215-102
48215,48215-103
48215,48215-104
48215,48215-105
48215,48215-106
48215,48215-107
48215,48215-108
48215,48215-109
48215,48215-110
48215,48215-111
48215,48215-112
48215,48215-113
48215,48215-114
48215,48215-115
48215,48215-116
48215,48215-117
48215,48215-118
48215,48215-119
48215,48215-120
48215,48215-121
48215,48215-122
48215,48215-123
48215,48215-124
48215,48215-125
48215,48215-126
48215,48215-127
48215,48215-128
48215,48215-129
48215,48215-130
48215,48215-131
48215,48215-132
48215,48215-133
48215,48215-134
48215,48215-135
48215,48215-136
48215,48215-137
48215,48215-138
48215,48215-139
48215,48215-140
48215,48215-141
48215,48215-142
48215,48215-143
48215,48215-144
48215,48215-145
48215,48215-146
48215,48215-147
48215,48215-148
48215,48215-149
48215,48215-150
48215,48215-151
48215,48215-152
48215,48215-153
48215,48215-154
48215,48215-155
48215,48215-156
48215,48215-157
48215,48215-158
48215,48215-159
48215,48215-160
48215,48215-161
48215,48215-162
48215,48215-163
48215,48215-164
48215,48215-165
48215,48215-166
48215,48215-167
48215,48215-168
48215,48215-169
48215,48215-170
48215,48215-171
48215,48215-172
48215,48215-173
48215,48215-174
48215,48215-175
48215,48215-176
48215,48215-177
48215,48215-178
48215,48215-179
48215,48215-180
48215,48215-181
48215,48215-182
48215,48215-183
48215,48215-184
48215,48215-186
48215,48215-187
48215,48215-188
48215,48215-189
48215,48215-190
48215,48215-191
48215,48215-192
48215,48215-193
48215,48215-194
48215,48215-195
48215,48215-196
48215,48215-197
48215,48215-198
48215,48215-199
48215,48215-200
48215,48215-201
48215,48215-202
48215,48215-203
48215,48215-204
48215,48215-205
48215,48215-206
48215,48215-207
48215,48215-208
48215,48215-209
48215,48215-210
48215,48215-211
48215,48215-212
48215,48215-213
48215,48215-214
48215,48215-215
48215,48215-216
48215,48215-217
48215,48215-218
48215,48215-219
48215,48215-220
48215,48215-221
48215,48215-222
48215,48215-223
48215,48215-224
48215,48215-225
48215,48215-226
48215,48215-227
48215,48215-228
48215,48215-229
48215,48215-230
48215,48215-231
48215,48215-232
48215,48215-234
48215,48215-235
48215,48215-236
48215,48215-237
48215,48215-238
48215,48215-239
48215,48215-240
48215,48215-241
48215,48215-242
48215,48215-243
48215,48215-244
48215,48215-245
48215,48215-247
48215,48215-248
48215,48215-249
48215,48215-250
48215,48215-251
48215,48215-252
48215,48215-253
48215,48215-254
48215,48215-255
48215,48215-256
48215,48215-257
48215,48215-258
48215,48215-259
48217,48217-1
48217,48217-2
48217,48217-3
48217,48217-4
48217,48217-5
48217,48217-6
48217,48217-7
48217,48217-8
48217,48217-9
48217,48217-10
48217,48217-11
48217,48217-12
48217,48217-13
48219,48219-11
48219,48219-14
48219,48219-15
48219,48219-16
48219,48219-21
48219,48219-24
48219,48219-32
48219,48219-33
48219,48219-35
48219,48219-36
48219,48219-43
48219,48219-44
48219,48219-45
48219,48219-46
48221,48221-101
48221,48221-103
48221,48221-105
48221,48221-107
48221,48221-112
48221,48221-202
48221,48221-211
48221,48221-216
48221,48221-218
48221,48221-310
48221,48221-313
48221,48221-314
48221,48221-317
48221,48221-404
48221,48221-408
48221,48221-409
48221,48221-415
48223,48223-1
48223,48223-2
48223,48223-3
48223,48223-4
48223,48223-5
48223,48223-8
48223,48223-11
48223,48223-12
48223,48223-13
48223,48223-14
48223,48223-16
48223,48223-17
48223,48223-1A
48223,48223-20
48223,48223-23
48223,48223-24
48223,48223-25
48223,48223-2A
48223,48223-36
48223,48223-3A
48223,48223-4A
48225,48225-1
48225,48225-2
48225,48225-3
48225,48225-4
48225,48225-5
48225,48225-6
48225,48225-7
48225,48225-8
48225,48225-9
48225,48225-10
48225,48225-11
48225,48225-12
48225,48225-14
48225,48225-15
48225,48225-16
48225,48225-17
48225,48225-18
48225,48225-19
48225,48225-20
48225,48225-21
48225,48225-22
48227,48227-11
48227,48227-12
48227,48227-13
48227,48227-14
48227,48227-16
48227,48227-24
48227,48227-25
48227,48227-26
48227,48227-31
48227,48227-32
48227,48227-33
48227,48227-34
48227,48227-35
48227,48227-41
48227,48227-42
48227,48227-45
48227,48227-46
48227,48227-103
48227,48227-104
48227,48227-12A
48227,48227-205
48227,48227-207
48227,48227-208
48227,48227-304
48227,48227-34A
48227,48227-404
48227,48227-405
48227,48227-408
48227,48227-409
48227,48227-207C
48227,48227-208C
48229,48229-1
48229,48229-2
48229,48229-4
48229,48229-1W
48229,48229-3N
48229,48229-3S
48229,48229-4S
48229,48229-4NW
48231,48231-101
48231,48231-102
48231,48231-103
48231,48231-104
48231,48231-105
48231,48231-106
48231,48231-107
48231,48231-108
48231,48231-109
48231,48231-110
48231,48231-111
48231,48231-212
48231,48231-213
48231,48231-216
48231,48231-217
48231,48231-318
48231,48231-319
48231,48231-320
48231,48231-321
48231,48231-322
48231,48231-323
48231,48231-324
48231,48231-325
48231,48231-426
48231,48231-427
48231,48231-428
48231,48231-429
48231,48231-430
48231,48231-431
48231,48231-432
48231,48231-433
48231,48231-434
48231,48231-214A
48231,48231-214B
48231,48231-215A
48231,48231-215B
48233,48233-11
48233,48233-14
48233,48233-21
48233,48233-23
48233,48233-31
48233,48233-33
48233,48233-41
48233,48233-42
48235,48235-100
48235,48235-200
48235,48235-300
48235,48235-400
48237,48237-1
48237,48237-2
48237,48237-3
48237,48237-4
48237,48237-5
48237,48237-6
48239,48239-1
48239,48239-2
48239,48239-3
48239,48239-4
48239,48239-5
48239,48239-6
48239,48239-7
48239,48239-8
48239,48239-9
48241,48241-1
48241,48241-2
48241,48241-3
48241,48241-4
48241,48241-5
48241,48241-6
48241,48241-7
48241,48241-8
48241,48241-9
48241,48241-10
48241,48241-11
48241,48241-12
48241,48241-13
48241,48241-14
48241,48241-15
48241,48241-16
48241,48241-17
48241,48241-19
48241,48241-20
48241,48241-21
48243,48243-1
48243,48243-2
48243,48243-3
48243,48243-4
48243,48243-5
48245,48245-1
48245,48245-2
48245,48245-3
48245,48245-4
48245,48245-5
48245,48245-6
48245,48245-7
48245,48245-8
48245,48245-9
48245,48245-10
48245,48245-11
48245,48245-12
48245,48245-13
48245,48245-14
48245,48245-15
48245,48245-16
48245,48245-17
48245,48245-18
48245,48245-19
48245,48245-20
48245,48245-21
48245,48245-22
48245,48245-23
48245,48245-24
48245,48245-25
48245,48245-26
48245,48245-27
48245,48245-28
48245,48245-29
48245,48245-30
48245,48245-31
48245,48245-32
48245,48245-33
48245,48245-34
48245,48245-35
48245,48245-36
48245,48245-37
48245,48245-38
48245,48245-39
48245,48245-40
48245,48245-41
48245,48245-42
48245,48245-43
48245,48245-44
48245,48245-45
48245,48245-46
48245,48245-47
48245,48245-48
48245,48245-49
48245,48245-50
48245,48245-51
48245,48245-52
48245,48245-53
48245,48245-54
48245,48245-55
48245,48245-56
48245,48245-57
48245,48245-58
48245,48245-59
48245,48245-60
48245,48245-61
48245,48245-62
48245,48245-63
48245,48245-64
48245,48245-65
48245,48245-66
48245,48245-67
48245,48245-68
48245,48245-69
48245,48245-70
48245,48245-71
48245,48245-72
48245,48245-73
48245,48245-74
48245,48245-75
48245,48245-76
48245,48245-77
48245,48245-78
48245,48245-79
48245,48245-80
48245,48245-81
48245,48245-82
48245,48245-83
48245,48245-84
48245,48245-85
48245,48245-86
48245,48245-87
48245,48245-88
48245,48245-89
48245,48245-90
48245,48245-91
48245,48245-92
48245,48245-93
48245,48245-94
48245,48245-95
48245,48245-96
48245,48245-97
48245,48245-98
48245,48245-99
48245,48245-100
48245,48245-101
48245,48245-102
48245,48245-103
48245,48245-104
48247,48247-1
48247,48247-2
48247,48247-3
48247,48247-4
48247,48247-5
48249,48249-1
48249,48249-2
48249,48249-3
48249,48249-4
48249,48249-5
48249,48249-6
48249,48249-7
48249,48249-8
48249,48249-9
48249,48249-10
48249,48249-11
48249,48249-12
48249,48249-13
48249,48249-14
48249,48249-15
48249,48249-16
48249,48249-17
48249,48249-18
48249,48249-19
48249,48249-20
48249,48249-22
48251,48251-1
48251,48251-2
48251,48251-3
48251,48251-4
48251,48251-5
48251,48251-6
48251,48251-7
48251,48251-8
48251,48251-9
48251,48251-10
48251,48251-11
48251,48251-12A
48251,48251-12B
48251,48251-13
48251,48251-14
48251,48251-15
48251,48251-16
48251,48251-17
48251,48251-18
48251,48251-19
48251,48251-20
48251,48251-21
48251,48251-22
48251,48251-23
48251,48251-24
48251,48251-25
48251,48251-26
48251,48251-27
48251,48251-28
48251,48251-29
48251,48251-30
48251,48251-31
48251,48251-32
48251,48251-33
48251,48251-34
48251,48251-35
48251,48251-36
48251,48251-37
48251,48251-38
48251,48251-39
48251,48251-40
48251,48251-41
48251,48251-42
48251,48251-43
48253,48253-1
48253,48253-2
48253,48253-3
48253,48253-4
48255,48255-1
48255,48255-2
48255,48255-3
48255,48255-4
48255,48255-5
48255,48255-6
48255,48255-7
48255,48255-8
48255,48255-9
48255,48255-10
48255,48255-11
48255,48255-12
48255,48255-13
48255,48255-14
48255,48255-15
48257,48257-1
48257,48257-2
48257,48257-3
48257,48257-4
48257,48257-5
48257,48257-6
48257,48257-7
48257,48257-8
48257,48257-9
48257,48257-10
48257,48257-11
48257,48257-12
48257,48257-13
48257,48257-14
48257,48257-15
48257,48257-16
48257,48257-17
48257,48257-18
48257,48257-19
48257,48257-20
48257,48257-21
48257,48257-22
48257,48257-23
48257,48257-24
48257,48257-25
48257,48257-26
48257,48257-27
48257,48257-28
48257,48257-29
48257,48257-30
48257,48257-31
48257,48257-32
48257,48257-33
48257,48257-34
48257,48257-35
48257,48257-36
48257,48257-37
48259,48259-1010
48259,48259-1030
48259,48259-1050
48259,48259-1110
48259,48259-2020
48259,48259-2060
48259,48259-2080
48259,48259-2120
48259,48259-3010
48259,48259-3030
48259,48259-3040
48259,48259-3050
48259,48259-3060
48259,48259-4050
48259,48259-4070
48259,48259-4090
48259,48259-4100
48261,48261-1
48261,48261-2
48261,48261-3
48261,48261-4
48261,48261-5
48261,48261-6
48263,48263-101
48263,48263-201
48263,48263-202
48263,48263-301
48263,48263-302
48263,48263-401
48265,48265-101
48265,48265-107
48265,48265-109
48265,48265-113
48265,48265-118
48265,48265-119
48265,48265-202
48265,48265-211
48265,48265-215
48265,48265-220
48265,48265-303
48265,48265-308
48265,48265-312
48265,48265-314
48265,48265-404
48265,48265-405
48265,48265-406
48265,48265-410
48265,48265-416
48265,48265-417
48267,48267-1
48267,48267-2
48267,48267-3
48267,48267-4
48267,48267-6
48267,48267-7
48267,48267-9
48269,48269-1
48269,48269-2
48269,48269-3
48269,48269-4
48271,48271-1
48271,48271-2
48271,48271-3
48271,48271-4
48273,48273-11
48273,48273-12
48273,48273-13
48273,48273-14
48273,48273-21
48273,48273-22
48273,48273-23
48273,48273-24
48273,48273-31
48273,48273-32
48273,48273-33
48273,48273-34
48273,48273-35
48273,48273-41
48273,48273-42
48273,48273-43
48273,48273-44
48275,48275-101
48275,48275-201
48275,48275-202
48275,48275-301
48275,48275-302
48275,48275-401
48277,48277-1C
48277,48277-1E
48277,48277-1F
48277,48277-1H
48277,48277-1I
48277,48277-2D
48277,48277-2E
48277,48277-2F
48277,48277-2G
48277,48277-3D
48277,48277-3E
48277,48277-3F
48277,48277-3G
48277,48277-3I
48277,48277-4B
48277,48277-4D
48277,48277-4E
48277,48277-4F
48277,48277-4G
48277,48277-1A3B
48277,48277-1A5A
48277,48277-2A1A
48277,48277-2C3A
48277,48277-3C7G
48277,48277-3H3C
48277,48277-4A6E
48279,48279-1
48279,48279-2
48279,48279-3
48279,48279-4
48279,48279-5
48279,48279-6
48279,48279-8
48279,48279-9
48279,48279-10
48279,48279-11
48279,48279-12
48281,48281-1
48281,48281-2
48281,48281-3
48281,48281-4
48281,48281-5
48281,48281-6
48281,48281-7
48281,48281-8
48281,48281-9
48281,48281-10
48283,48283-1
48283,48283-2
48283,48283-3
48283,48283-4
48283,48283-5
48283,48283-6
48285,48285-101
48285,48285-102
48285,48285-119
48285,48285-208
48285,48285-223
48285,48285-231
48285,48285-309
48285,48285-311
48285,48285-329
48285,48285-416
48285,48285-430
48287,48287-101
48287,48287-102
48287,48287-103
48287,48287-201
48287,48287-202
48287,48287-203
48287,48287-301
48287,48287-302
48287,48287-303
48287,48287-304
48287,48287-401
48287,48287-402
48287,48287-403
48287,48287-404
48287,48287-405
48289,48289-1
48289,48289-2
48289,48289-3
48289,48289-4
48289,48289-5
48289,48289-6
48289,48289-7
48289,48289-8
48289,48289-9
48289,48289-10
48289,48289-11
48289,48289-12
48289,48289-13
48289,48289-14
48291,48291-2
48291,48291-3
48291,48291-4
48291,48291-6
48291,48291-7
48291,48291-9
48291,48291-11
48291,48291-13
48291,48291-18
48291,48291-1
48291,48291-20
48291,48291-21
48291,48291-22
48291,48291-23
48291,48291-24
48291,48291-25
48291,48291-26
48291,48291-30
48291,48291-31
48291,48291-8
48291,48291-10
48291,48291-19
48293,48293-101
48293,48293-102
48293,48293-103
48293,48293-104
48293,48293-201
48293,48293-202
48293,48293-203
48293,48293-204
48293,48293-205
48293,48293-206
48293,48293-301
48293,48293-302
48293,48293-303
48293,48293-304
48293,48293-305
48293,48293-401
48293,48293-402
48293,48293-403
48293,48293-404
48293,48293-405
48293,48293-406
48295,48295-106
48295,48295-202
48295,48295-207
48295,48295-303
48295,48295-308
48295,48295-404
48295,48295-409
48297,48297-1
48297,48297-2
48297,48297-3
48297,48297-4
48297,48297-5
48297,48297-6
48297,48297-7
48297,48297-8
48297,48297-9
48297,48297-10
48297,48297-11
48297,48297-12
48297,48297-13
48297,48297-14
48299,48299-101
48299,48299-102
48299,48299-108
48299,48299-109
48299,48299-203
48299,48299-204
48299,48299-205
48299,48299-307
48299,48299-410
48301,48301-1
48301,48301-2
48301,48301-3
48301,48301-4
48303,48303-1
48303,48303-2
48303,48303-3
48303,48303-4
48303,48303-5
48303,48303-6
48303,48303-7
48303,48303-8
48303,48303-9
48303,48303-10
48303,48303-11
48303,48303-12
48303,48303-13
48303,48303-14
48303,48303-15
48303,48303-17
48303,48303-19
48303,48303-20
48303,48303-21
48303,48303-22
48303,48303-23
48303,48303-24
48303,48303-25
48303,48303-26
48303,48303-27
48303,48303-28
48303,48303-29
48303,48303-30
48303,48303-31
48303,48303-32
48303,48303-33
48303,48303-34
48303,48303-35
48303,48303-36
48303,48303-37
48303,48303-38
48303,48303-39
48303,48303-40
48303,48303-41
48303,48303-43
48303,48303-44
48303,48303-45
48303,48303-46
48303,48303-47
48303,48303-49
48303,48303-50
48303,48303-51
48303,48303-52
48303,48303-53
48303,48303-54
48303,48303-56
48303,48303-57
48303,48303-58
48303,48303-59
48303,48303-60
48303,48303-62
48303,48303-63
48303,48303-65
48303,48303-66
48303,48303-67
48303,48303-72
48303,48303-75
48303,48303-76
48303,48303-78
48303,48303-92
48303,48303-102
48303,48303-103
48303,48303-104
48303,48303-108
48303,48303-109
48303,48303-110
48303,48303-111
48303,48303-112
48303,48303-113
48303,48303-114
48303,48303-118
48303,48303-119
48303,48303-120
48303,48303-121
48303,48303-122
48303,48303-123
48303,48303-124
48303,48303-125
48303,48303-126
48303,48303-127
48303,48303-128
48303,48303-129
48303,48303-135
48303,48303-138
48303,48303-139
48303,48303-140
48303,48303-141
48303,48303-142
48303,48303-151
48303,48303-152
48303,48303-153
48303,48303-154
48303,48303-155
48303,48303-178
48305,48305-1
48305,48305-2
48305,48305-3
48305,48305-4
48305,48305-5
48305,48305-6
48305,48305-9
48305,48305-12
48307,48307-101
48307,48307-102
48307,48307-201
48307,48307-202
48307,48307-301
48307,48307-302
48307,48307-401
48307,48307-402
48307,48307-403
48309,48309-1
48309,48309-2
48309,48309-3
48309,48309-4
48309,48309-5
48309,48309-6
48309,48309-7
48309,48309-8
48309,48309-9
48309,48309-10
48309,48309-11
48309,48309-12
48309,48309-13
48309,48309-14
48309,48309-15
48309,48309-16
48309,48309-17
48309,48309-18
48309,48309-19
48309,48309-20
48309,48309-21
48309,48309-22
48309,48309-23
48309,48309-24
48309,48309-25
48309,48309-26
48309,48309-27
48309,48309-28
48309,48309-29
48309,48309-30
48309,48309-31
48309,48309-32
48309,48309-33
48309,48309-34
48309,48309-35
48309,48309-36
48309,48309-37
48309,48309-38
48309,48309-39
48309,48309-40
48309,48309-41
48309,48309-42
48309,48309-43
48309,48309-44
48309,48309-45
48309,48309-46
48309,48309-47
48309,48309-48
48309,48309-49
48309,48309-50
48309,48309-51
48309,48309-52
48309,48309-53A
48309,48309-54
48309,48309-55
48309,48309-56
48309,48309-57
48309,48309-58
48309,48309-59
48309,48309-60
48309,48309-61
48309,48309-62
48309,48309-63
48309,48309-64
48309,48309-65
48309,48309-66
48309,48309-67
48309,48309-68
48309,48309-69
48309,48309-70
48309,48309-71
48309,48309-72
48309,48309-73
48309,48309-74
48309,48309-75
48309,48309-76
48309,48309-77
48309,48309-78
48309,48309-79
48309,48309-80A
48309,48309-81
48309,48309-82
48309,48309-83
48309,48309-84
48309,48309-85
48309,48309-86
48309,48309-87
48309,48309-88
48309,48309-89
48309,48309-90
48309,48309-91
48311,48311-1
48311,48311-2
48311,48311-3
48311,48311-4
48313,48313-101
48313,48313-202
48313,48313-303
48313,48313-404
48315,48315-1
48315,48315-2
48315,48315-3
48315,48315-4
48315,48315-5
48315,48315-6
48315,48315-7
48315,48315-8
48315,48315-9
48315,48315-10
48317,48317-1
48317,48317-2
48317,48317-3
48317,48317-4
48317,48317-3A
48317,48317-4A
48319,48319-101
48319,48319-210
48319,48319-302
48319,48319-405
48321,48321-2
48321,48321-4
48321,48321-5
48321,48321-6
48321,48321-7
48321,48321-8
48321,48321-9
48321,48321-10
48321,48321-12
48321,48321-13
48321,48321-1A
48321,48321-1B
48321,48321-1C
48321,48321-1D
48321,48321-1E
48321,48321-1F
48321,48321-3A
48321,48321-3B
48323,48323-1A
48323,48323-1B
48323,48323-1C
48323,48323-1D
48323,48323-2A
48323,48323-2B
48323,48323-2C
48323,48323-2D
48323,48323-2E
48323,48323-3A
48323,48323-3B
48323,48323-3C
48323,48323-4A
48323,48323-4B
48323,48323-4C
48323,48323-4D
48325,48325-1A
48325,48325-1B
48325,48325-1C
48325,48325-1D
48325,48325-2A
48325,48325-2B
48325,48325-2C
48325,48325-3A
48325,48325-3B
48325,48325-3C
48325,48325-3D
48325,48325-3E
48325,48325-4A
48325,48325-4B
48325,48325-4C
48327,48327-1
48327,48327-2
48327,48327-3
48327,48327-4A
48327,48327-4B
48327,48327-5
48327,48327-6
48329,48329-101
48329,48329-102
48329,48329-103
48329,48329-104
48329,48329-105
48329,48329-106
48329,48329-107
48329,48329-108
48329,48329-109
48329,48329-110
48329,48329-201
48329,48329-202
48329,48329-203
48329,48329-204
48329,48329-205
48329,48329-206
48329,48329-207
48329,48329-208
48329,48329-210
48329,48329-211
48329,48329-302
48329,48329-303
48329,48329-304
48329,48329-305
48329,48329-306
48329,48329-307
48329,48329-308
48329,48329-309
48329,48329-310
48329,48329-401
48329,48329-402
48329,48329-403
48329,48329-404
48329,48329-405
48329,48329-406
48329,48329-407
48329,48329-408
48329,48329-409
48329,48329-410
48329,48329-411
48329,48329-101A
48329,48329-108A
48329,48329-202A
48329,48329-307A
48329,48329-309A
48331,48331-101
48331,48331-105
48331,48331-203
48331,48331-207
48331,48331-210
48331,48331-212
48331,48331-316
48331,48331-317
48331,48331-318
48331,48331-419
48331,48331-420
48333,48333-1
48333,48333-2
48333,48333-4
48333,48333-6
48333,48333-8
48333,48333-9
48333,48333-11
48335,48335-1
48335,48335-2
48335,48335-3
48335,48335-4
48337,48337-2
48337,48337-3
48337,48337-4
48337,48337-5
48337,48337-6
48337,48337-7
48337,48337-8
48337,48337-9
48337,48337-10
48337,48337-11
48337,48337-12
48337,48337-13
48337,48337-14
48337,48337-15
48337,48337-16
48339,48339-1
48339,48339-2
48339,48339-3
48339,48339-4
48339,48339-5
48339,48339-6
48339,48339-7
48339,48339-8
48339,48339-9
48339,48339-10
48339,48339-11
48339,48339-12
48339,48339-13
48339,48339-14
48339,48339-15
48339,48339-16
48339,48339-17
48339,48339-18
48339,48339-19
48339,48339-20
48339,48339-21
48339,48339-22
48339,48339-23
48339,48339-24
48339,48339-25
48339,48339-26
48339,48339-27
48339,48339-28A
48339,48339-28B
48339,48339-28C
48339,48339-29
48339,48339-30
48339,48339-31
48339,48339-32
48339,48339-33
48339,48339-34
48339,48339-35
48339,48339-36
48339,48339-37
48339,48339-38
48339,48339-39
48339,48339-40
48339,48339-41
48339,48339-42
48339,48339-43A
48339,48339-43B
48339,48339-43C
48339,48339-43D
48339,48339-43E
48339,48339-44
48339,48339-45
48339,48339-46
48339,48339-47
48339,48339-48
48339,48339-49
48339,48339-50
48339,48339-51
48339,48339-52
48339,48339-53A
48339,48339-53B
48339,48339-54
48339,48339-55
48339,48339-56
48339,48339-57
48339,48339-58
48339,48339-59
48339,48339-60
48339,48339-61
48339,48339-62
48339,48339-63A
48339,48339-63B
48339,48339-64
48339,48339-65
48339,48339-66
48339,48339-67
48339,48339-68
48339,48339-69
48339,48339-70
48339,48339-71
48339,48339-72
48339,48339-73
48339,48339-74
48339,48339-75
48339,48339-76
48339,48339-77
48339,48339-78
48339,48339-79
48339,48339-80A
48339,48339-80B
48339,48339-81
48339,48339-82
48339,48339-83
48339,48339-84
48339,48339-85
48339,48339-86
48339,48339-87
48339,48339-88A
48339,48339-88B
48339,48339-89
48339,48339-90
48339,48339-91A
48339,48339-91B
48339,48339-92
48339,48339-93
48339,48339-94
48339,48339-95
48339,48339-96
48339,48339-97
48339,48339-98
48339,48339-99
48339,48339-100
48339,48339-101
48339,48339-102
48339,48339-103
48339,48339-104
48339,48339-105
48339,48339-106A
48339,48339-106B
48339,48339-107
48339,48339-108
48339,48339-109
48339,48339-110
48339,48339-111
48339,48339-112
48339,48339-113
48341,48341-101
48341,48341-201
48341,48341-202
48341,48341-203
48341,48341-301
48341,48341-401
48341,48341-402
48343,48343-101
48343,48343-102
48343,48343-103
48343,48343-202
48343,48343-203
48343,48343-302
48343,48343-303
48343,48343-401
48345,48345-1
48345,48345-2
48345,48345-3
48345,48345-4
48345,48345-5
48345,48345-6
48347,48347-12
48347,48347-13
48347,48347-14
48347,48347-15
48347,48347-16
48347,48347-21
48347,48347-24
48347,48347-26
48347,48347-27
48347,48347-32
48347,48347-33
48347,48347-34
48347,48347-41
48347,48347-42
48347,48347-43
48347,48347-44
48347,48347-45
48347,48347-46
48347,48347-47
48349,48349-101
48349,48349-103
48349,48349-104
48349,48349-105
48349,48349-106
48349,48349-107
48349,48349-108
48349,48349-109
48349,48349-200
48349,48349-201
48349,48349-202
48349,48349-203
48349,48349-204
48349,48349-205
48349,48349-206
48349,48349-300
48349,48349-301
48349,48349-303
48349,48349-304
48349,48349-305
48349,48349-306
48349,48349-307
48349,48349-308
48349,48349-400
48349,48349-401
48349,48349-402
48349,48349-403
48349,48349-404
48349,48349-405
48349,48349-406
48351,48351-1
48351,48351-2
48351,48351-3
48351,48351-4
48351,48351-5
48351,48351-6
48351,48351-7
48351,48351-8A
48351,48351-8B
48351,48351-9
48351,48351-10
48351,48351-11
48351,48351-12
48351,48351-13
48351,48351-14
48351,48351-15
48351,48351-16
48351,48351-17
48351,48351-18
48351,48351-19
48351,48351-20
48351,48351-21
48351,48351-22
48351,48351-23
48353,48353-1
48353,48353-2
48353,48353-3
48353,48353-4
48353,48353-5
48353,48353-6
48353,48353-7
48353,48353-8
48353,48353-9
48355,48355-1
48355,48355-2
48355,48355-3
48355,48355-4
48355,48355-5
48355,48355-6
48355,48355-7
48355,48355-8A
48355,48355-8B
48355,48355-9
48355,48355-10
48355,48355-11
48355,48355-12
48355,48355-13
48355,48355-14
48355,48355-15
48355,48355-16
48355,48355-17
48355,48355-18
48355,48355-19
48355,48355-20
48355,48355-21
48355,48355-22
48355,48355-23
48355,48355-24
48355,48355-25
48355,48355-26
48355,48355-27
48355,48355-28
48355,48355-29
48355,48355-30
48355,48355-31
48355,48355-32
48355,48355-33
48355,48355-34
48355,48355-35
48355,48355-36
48355,48355-37
48355,48355-38
48355,48355-39
48355,48355-40
48355,48355-41
48355,48355-42
48355,48355-43
48355,48355-44
48355,48355-45
48355,48355-46
48355,48355-47
48355,48355-48
48355,48355-49
48355,48355-50
48355,48355-51
48355,48355-52
48355,48355-53
48355,48355-54
48355,48355-55
48355,48355-56
48355,48355-57
48355,48355-58
48355,48355-59
48355,48355-60
48355,48355-61
48355,48355-62
48355,48355-63
48355,48355-64
48355,48355-65
48355,48355-66
48355,48355-67
48355,48355-68
48355,48355-69
48355,48355-70
48355,48355-71
48355,48355-72
48355,48355-73
48355,48355-74
48355,48355-75
48355,48355-76
48355,48355-77
48355,48355-78
48355,48355-79
48355,48355-80
48355,48355-81
48355,48355-82
48355,48355-83
48355,48355-84
48355,48355-85
48355,48355-86
48355,48355-87
48355,48355-88
48355,48355-89
48355,48355-90
48355,48355-91
48355,48355-92A
48355,48355-92B
48355,48355-93
48355,48355-94
48355,48355-95
48355,48355-96
48355,48355-97
48355,48355-98
48355,48355-99
48355,48355-100
48355,48355-101
48355,48355-102
48355,48355-103
48355,48355-104
48355,48355-105
48355,48355-106
48355,48355-107
48355,48355-108
48355,48355-109
48355,48355-110
48355,48355-111
48355,48355-112
48355,48355-113
48355,48355-114
48355,48355-115
48355,48355-116
48355,48355-117
48355,48355-118
48355,48355-119
48355,48355-120
48355,48355-121
48355,48355-122
48355,48355-123
48355,48355-124
48355,48355-125
48355,48355-126
48355,48355-127
48355,48355-128
48355,48355-129
48357,48357-1
48357,48357-2
48357,48357-3
48357,48357-4
48359,48359-101
48359,48359-103
48359,48359-202
48359,48359-203
48359,48359-303
48359,48359-403
48359,48359-404
48361,48361-1
48361,48361-2
48361,48361-3
48361,48361-4
48361,48361-5
48361,48361-6
48361,48361-7
48361,48361-8
48361,48361-9
48361,48361-10
48361,48361-11
48361,48361-12
48361,48361-13
48361,48361-14
48361,48361-15
48361,48361-16
48361,48361-17
48361,48361-18
48361,48361-19
48361,48361-20
48361,48361-21
48361,48361-22
48361,48361-23
48361,48361-24
48361,48361-25
48361,48361-26
48361,48361-27
48361,48361-28
48361,48361-29
48361,48361-30
48361,48361-31
48361,48361-32
48361,48361-33
48361,48361-34
48363,48363-1
48363,48363-2
48363,48363-3
48363,48363-4
48363,48363-5
48363,48363-6
48363,48363-7
48363,48363-8
48363,48363-9
48363,48363-11
48363,48363-12
48363,48363-13
48363,48363-14
48363,48363-15
48363,48363-16
48363,48363-17
48363,48363-18
48363,48363-20
48363,48363-21
48363,48363-22
48363,48363-23
48363,48363-24
48363,48363-25
48363,48363-26
48363,48363-27
48363,48363-28
48363,48363-29
48363,48363-30
48365,48365-1
48365,48365-2
48365,48365-3
48365,48365-5
48365,48365-7
48365,48365-8
48365,48365-9
48365,48365-10
48365,48365-12
48365,48365-13
48365,48365-14
48365,48365-18
48365,48365-19
48365,48365-20
48365,48365-22
48365,48365-26
48365,48365-27
48365,48365-28
48365,48365-29
48367,48367-100
48367,48367-105
48367,48367-110
48367,48367-111
48367,48367-115
48367,48367-120
48367,48367-125
48367,48367-130
48367,48367-135
48367,48367-140
48367,48367-200
48367,48367-205
48367,48367-210
48367,48367-215
48367,48367-220
48367,48367-225
48367,48367-230
48367,48367-235
48367,48367-240
48367,48367-245
48367,48367-250
48367,48367-255
48367,48367-260
48367,48367-265
48367,48367-300
48367,48367-305
48367,48367-310
48367,48367-315
48367,48367-320
48367,48367-325
48367,48367-330
48367,48367-335
48367,48367-340
48367,48367-345
48367,48367-350
48367,48367-400
48367,48367-410
48367,48367-415
48367,48367-420
48367,48367-430
48367,48367-435
48367,48367-440
48367,48367-445
48367,48367-450
48367,48367-455
48369,48369-101
48369,48369-201
48369,48369-202
48369,48369-301
48369,48369-303
48369,48369-401
48369,48369-402
48371,48371-1
48371,48371-2
48371,48371-3
48371,48371-4
48371,48371-5
48371,48371-6
48371,48371-7
48371,48371-9
48371,48371-10
48373,48373-1
48373,48373-2
48373,48373-3
48373,48373-4
48373,48373-5
48373,48373-6
48373,48373-7
48373,48373-8
48373,48373-9
48373,48373-10
48373,48373-11
48373,48373-12
48373,48373-13
48373,48373-14
48373,48373-15
48373,48373-16
48373,48373-17
48373,48373-18
48373,48373-19
48373,48373-20
48373,48373-21
48373,48373-22
48375,48375-121
48375,48375-122
48375,48375-123
48375,48375-124
48375,48375-125
48375,48375-126
48375,48375-221
48375,48375-222
48375,48375-223
48375,48375-224
48375,48375-225
48375,48375-321
48375,48375-322
48375,48375-323
48375,48375-324
48375,48375-325
48375,48375-326
48375,48375-327
48375,48375-421
48375,48375-422
48375,48375-424
48375,48375-425
48375,48375-426
48375,48375-427
48377,48377-1
48377,48377-2
48377,48377-3
48377,48377-4
48377,48377-5
48377,48377-6
48377,48377-7
48379,48379-101
48379,48379-102
48379,48379-203
48379,48379-204
48379,48379-305
48379,48379-306
48379,48379-407
48379,48379-408
48381,48381-103
48381,48381-110
48381,48381-111
48381,48381-112
48381,48381-114
48381,48381-123
48381,48381-131
48381,48381-204
48381,48381-208
48381,48381-216
48381,48381-222
48381,48381-227
48381,48381-228
48381,48381-230
48381,48381-301
48381,48381-302
48381,48381-305
48381,48381-306
48381,48381-307
48381,48381-309
48381,48381-315
48381,48381-317
48381,48381-324
48381,48381-325
48381,48381-332
48381,48381-415
48381,48381-418
48381,48381-420
48381,48381-421
48381,48381-426
48381,48381-429
48383,48383-1
48383,48383-2
48383,48383-3A
48383,48383-3B
48383,48383-4
48385,48385-1
48385,48385-2
48385,48385-3
48385,48385-4
48385,48385-5
48387,48387-1
48387,48387-4
48387,48387-5
48387,48387-7A
48387,48387-9
48387,48387-10
48387,48387-11
48387,48387-17
48387,48387-18
48387,48387-24
48387,48387-27
48387,48387-28
48387,48387-29
48387,48387-30
48387,48387-31
48387,48387-2-1A
48387,48387-2-1B
48387,48387-2-4
48387,48387-3-1
48387,48387-3-4
48387,48387-13-1
48387,48387-13-4
48387,48387-14-1
48387,48387-14-4
48387,48387-19-1
48387,48387-19-4
48387,48387-20-1
48387,48387-20-4
48387,48387-21-1
48387,48387-21-4
48389,48389-2
48389,48389-3
48389,48389-4
48389,48389-5
48389,48389-6
48389,48389-7
48389,48389-8
48389,48389-10
48389,48389-11
48391,48391-1
48391,48391-2
48391,48391-3
48391,48391-4
48391,48391-1A
48391,48391-2A
48391,48391-2B
48391,48391-3A
48391,48391-4A
48391,48391-4B
48393,48393-1
48393,48393-2
48393,48393-3
48393,48393-4-1
48393,48393-4-2
48395,48395-1
48395,48395-2
48395,48395-3
48395,48395-4
48395,48395-5
48395,48395-6
48395,48395-8
48395,48395-11
48395,48395-13
48395,48395-16
48395,48395-19
48395,48395-22
48395,48395-23
48397,48397-1
48397,48397-2
48397,48397-3
48397,48397-4
48397,48397-1A
48397,48397-1B
48397,48397-1C
48397,48397-1D
48397,48397-1E
48397,48397-2A
48397,48397-2B
48397,48397-2C
48397,48397-2D
48397,48397-2E
48397,48397-2F
48397,48397-3A
48397,48397-3B
48397,48397-3C
48397,48397-3D
48397,48397-3E
48397,48397-4A
48397,48397-4B
48397,48397-4C
48397,48397-4D
48397,48397-4E
48397,48397-4F
48399,48399-1
48399,48399-3
48399,48399-4
48399,48399-5
48399,48399-6
48399,48399-7
48399,48399-8
48399,48399-9
48399,48399-10
48401,48401-111
48401,48401-112
48401,48401-113
48401,48401-114
48401,48401-201
48401,48401-212
48401,48401-213
48401,48401-214
48401,48401-215
48401,48401-302
48401,48401-303
48401,48401-314
48401,48401-315
48401,48401-316
48401,48401-317
48401,48401-318
48401,48401-319
48401,48401-404
48401,48401-405
48401,48401-416
48401,48401-417
48401,48401-418
48403,48403-1
48403,48403-2
48403,48403-3
48403,48403-4
48403,48403-5
48403,48403-6
48403,48403-7
48403,48403-8
48405,48405-1
48405,48405-2
48405,48405-3
48405,48405-4
48405,48405-5
48405,48405-6
48405,48405-7
48405,48405-8
48405,48405-9
48405,48405-10
48405,48405-11
48407,48407-1
48407,48407-2
48407,48407-3
48407,48407-4
48407,48407-5
48407,48407-6
48407,48407-7
48407,48407-8
48407,48407-9
48407,48407-10
48407,48407-11
48409,48409-101
48409,48409-102
48409,48409-103
48409,48409-104
48409,48409-105
48409,48409-106
48409,48409-107
48409,48409-108
48409,48409-109
48409,48409-110
48409,48409-111
48409,48409-112
48409,48409-113
48409,48409-114
48409,48409-115
48409,48409-116
48409,48409-117
48409,48409-118
48409,48409-119
48409,48409-120
48409,48409-121
48409,48409-122
48409,48409-123
48409,48409-124
48409,48409-125
48411,48411-1
48411,48411-2A
48411,48411-2B
48411,48411-3A
48411,48411-3B
48411,48411-4A
48411,48411-4B
48413,48413-1
48413,48413-2
48413,48413-3
48413,48413-4
48415,48415-5
48415,48415-6
48415,48415-7
48415,48415-8
48415,48415-9
48415,48415-10
48415,48415-11
48415,48415-12
48415,48415-13
48415,48415-14
48415,48415-15
48417,48417-101A
48417,48417-101B
48417,48417-202
48417,48417-303
48417,48417-307
48417,48417-404
48417,48417-405
48417,48417-406A
48419,48419-2
48419,48419-3
48419,48419-4
48419,48419-5
48419,48419-6
48419,48419-7
48419,48419-8
48419,48419-1N
48419,48419-1S
48419,48419-1W
48419,48419-9N
48419,48419-9S
48419,48419-1SE
48419,48419-1SW
48421,48421-101
48421,48421-102
48421,48421-201
48421,48421-202
48421,48421-301
48421,48421-302
48421,48421-401
48423,48423-1
48423,48423-2
48423,48423-3
48423,48423-4
48423,48423-5
48423,48423-6
48423,48423-7
48423,48423-8
48423,48423-9
48423,48423-10
48423,48423-11
48423,48423-12
48423,48423-13
48423,48423-14
48423,48423-15
48423,48423-16
48423,48423-17
48423,48423-18
48423,48423-19
48423,48423-20
48423,48423-21
48423,48423-22
48423,48423-23
48423,48423-24
48423,48423-25
48423,48423-26
48423,48423-27
48423,48423-28
48423,48423-29
48423,48423-30
48423,48423-31
48423,48423-32
48423,48423-33
48423,48423-34
48423,48423-35
48423,48423-36
48423,48423-37
48423,48423-38
48423,48423-39
48423,48423-40
48423,48423-41
48423,48423-42
48423,48423-43
48423,48423-44
48423,48423-45
48423,48423-46
48423,48423-47
48423,48423-48
48423,48423-49
48423,48423-50
48423,48423-51
48423,48423-52
48423,48423-53
48423,48423-54
48423,48423-55
48423,48423-56
48423,48423-57
48423,48423-58
48423,48423-59
48423,48423-60
48423,48423-61
48423,48423-62
48423,48423-63
48423,48423-64
48423,48423-66
48423,48423-71
48423,48423-73
48423,48423-74
48423,48423-75
48423,48423-76
48423,48423-77
48423,48423-79
48423,48423-81
48423,48423-82
48423,48423-85
48425,48425-1
48425,48425-2
48425,48425-3
48425,48425-4
48427,48427-1
48427,48427-2
48427,48427-3
48427,48427-4
48427,48427-5
48427,48427-6
48427,48427-7
48427,48427-8
48427,48427-9
48427,48427-10
48427,48427-11
48427,48427-12
48427,48427-13
48427,48427-14
48429,48429-1
48429,48429-2
48429,48429-3
48429,48429-4
48429,48429-5
48431,48431-1A
48431,48431-1B
48431,48431-2A
48431,48431-2C
48431,48431-2D
48431,48431-2E
48431,48431-3
48431,48431-4
48433,48433-1
48433,48433-2
48433,48433-3
48433,48433-4
48435,48435-101
48435,48435-201
48435,48435-301
48435,48435-401
48437,48437-1
48437,48437-2
48437,48437-3
48437,48437-4
48437,48437-6
48437,48437-7
48437,48437-9
48437,48437-11
48439,48439-1004
48439,48439-1005
48439,48439-1008
48439,48439-1009
48439,48439-1010
48439,48439-1011
48439,48439-1012
48439,48439-1013
48439,48439-1014
48439,48439-1015
48439,48439-1021
48439,48439-1022
48439,48439-1025
48439,48439-1034
48439,48439-1059
48439,48439-1061
48439,48439-1062
48439,48439-1066
48439,48439-1071
48439,48439-1074
48439,48439-1075
48439,48439-1076
48439,48439-1078
48439,48439-1079
48439,48439-1080
48439,48439-1081
48439,48439-1082
48439,48439-1083
48439,48439-1085
48439,48439-1088
48439,48439-1089
48439,48439-1090
48439,48439-1094
48439,48439-1095
48439,48439-1098
48439,48439-1099
48439,48439-1103
48439,48439-1104
48439,48439-1105
48439,48439-1106
48439,48439-1108
48439,48439-1109
48439,48439-1834
48439,48439-1117
48439,48439-1119
48439,48439-1120
48439,48439-1126
48439,48439-1127
48439,48439-1132
48439,48439-1133
48439,48439-1142
48439,48439-1146
48439,48439-1149
48439,48439-1151
48439,48439-1153
48439,48439-1165
48439,48439-1167
48439,48439-1170
48439,48439-1186
48439,48439-1845
48439,48439-1199
48439,48439-1206
48439,48439-1207
48439,48439-1208
48439,48439-1714
48439,48439-1237
48439,48439-1238
48439,48439-1241
48439,48439-1244
48439,48439-1251
48439,48439-1257
48439,48439-1264
48439,48439-1265
48439,48439-1270
48439,48439-1271
48439,48439-1273
48439,48439-1277
48439,48439-1278
48439,48439-1279
48439,48439-1291
48439,48439-1292
48439,48439-1295
48439,48439-1296
48439,48439-1297
48439,48439-1298
48439,48439-1301
48439,48439-1337
48439,48439-1339
48439,48439-1346
48439,48439-1347
48439,48439-1348
48439,48439-1352
48439,48439-1377
48439,48439-1378
48439,48439-1380
48439,48439-1382
48439,48439-1388
48439,48439-1404
48439,48439-1407
48439,48439-1408
48439,48439-1414
48439,48439-1415
48439,48439-1416
48439,48439-1423
48439,48439-1424
48439,48439-1427
48439,48439-1430
48439,48439-1431
48439,48439-1436
48439,48439-1437
48439,48439-1439
48439,48439-1440
48439,48439-1441
48439,48439-1445
48439,48439-1457
48439,48439-1459
48439,48439-1460
48439,48439-1463
48439,48439-1472
48439,48439-1473
48439,48439-1476
48439,48439-1477
48439,48439-1479
48439,48439-1481
48439,48439-1482
48439,48439-1491
48439,48439-1501
48439,48439-1504
48439,48439-1518
48439,48439-1544
48439,48439-1550
48439,48439-1555
48439,48439-1559
48439,48439-1576
48439,48439-1577
48439,48439-1578
48439,48439-1586
48439,48439-1589
48439,48439-1597
48439,48439-1608
48439,48439-1611
48439,48439-1617
48439,48439-1619
48439,48439-1627
48439,48439-1631
48439,48439-1633
48439,48439-1676
48439,48439-1677
48439,48439-1678
48439,48439-1684
48439,48439-2003
48439,48439-2007
48439,48439-2026
48439,48439-2027
48439,48439-2028
48439,48439-2721
48439,48439-2030
48439,48439-2031
48439,48439-2033
48439,48439-2052
48439,48439-2055
48439,48439-2100
48439,48439-2112
48439,48439-2134
48439,48439-2746
48439,48439-2145
48439,48439-2147
48439,48439-2148
48439,48439-2158
48439,48439-2161
48439,48439-2169
48439,48439-2171
48439,48439-2174
48439,48439-2180
48439,48439-2181
48439,48439-2190
48439,48439-2205
48439,48439-2210
48439,48439-2217
48439,48439-2219
48439,48439-2221
48439,48439-2223
48439,48439-2224
48439,48439-2225
48439,48439-2226
48439,48439-2229
48439,48439-2235
48439,48439-2246
48439,48439-2258
48439,48439-2262
48439,48439-2263
48439,48439-2266
48439,48439-2267
48439,48439-2268
48439,48439-2269
48439,48439-2275
48439,48439-2280
48439,48439-2281
48439,48439-2299
48439,48439-2302
48439,48439-2304
48439,48439-2305
48439,48439-2306
48439,48439-2307
48439,48439-2308
48439,48439-2309
48439,48439-2310
48439,48439-2313
48439,48439-2314
48439,48439-2315
48439,48439-2316
48439,48439-2317
48439,48439-2318
48439,48439-2319
48439,48439-2320
48439,48439-2341
48439,48439-2349
48439,48439-2353
48439,48439-2354
48439,48439-2355
48439,48439-2356
48439,48439-2357
48439,48439-2358
48439,48439-2360
48439,48439-2379
48439,48439-2381
48439,48439-2383
48439,48439-2393
48439,48439-2401
48439,48439-2402
48439,48439-2403
48439,48439-2838
48439,48439-2411
48439,48439-2413
48439,48439-1701
48439,48439-1704
48439,48439-2425
48439,48439-2426
48439,48439-2428
48439,48439-2435
48439,48439-2438
48439,48439-2442
48439,48439-2448
48439,48439-2449
48439,48439-2450
48439,48439-2451
48439,48439-2453
48439,48439-2461
48439,48439-2462
48439,48439-2464
48439,48439-2466
48439,48439-2467
48439,48439-2468
48439,48439-2474
48439,48439-2840
48439,48439-2488
48439,48439-2505
48439,48439-2835
48439,48439-2519
48439,48439-2520
48439,48439-2521
48439,48439-2522
48439,48439-2523
48439,48439-2524
48439,48439-2525
48439,48439-2535
48439,48439-2536
48439,48439-2537
48439,48439-2541
48439,48439-2546
48439,48439-2548
48439,48439-2553
48439,48439-2556
48439,48439-2557
48439,48439-2569
48439,48439-2581
48439,48439-2606
48439,48439-2613
48439,48439-2614
48439,48439-2616
48439,48439-2618
48439,48439-2726
48439,48439-2636
48439,48439-2843
48439,48439-2644
48439,48439-2645
48439,48439-2655
48439,48439-2656
48439,48439-2657
48439,48439-2658
48439,48439-2659
48439,48439-2660
48439,48439-2670
48439,48439-3032
48439,48439-3035
48439,48439-3036
48439,48439-3037
48439,48439-3038
48439,48439-3728
48439,48439-3040
48439,48439-3041
48439,48439-3049
48439,48439-3054
48439,48439-3063
48439,48439-3072
48439,48439-3114
48439,48439-3131
48439,48439-3139
48439,48439-3140
48439,48439-3152
48439,48439-3156
48439,48439-3157
48439,48439-3160
48439,48439-3164
48439,48439-3166
48439,48439-3172
48439,48439-3176
48439,48439-3177
48439,48439-3183
48439,48439-3187
48439,48439-3192
48439,48439-3193
48439,48439-3194
48439,48439-3196
48439,48439-3200
48439,48439-3209
48439,48439-3212
48439,48439-3213
48439,48439-3214
48439,48439-3215
48439,48439-3216
48439,48439-3240
48439,48439-3247
48439,48439-3248
48439,48439-3249
48439,48439-3254
48439,48439-3260
48439,48439-3282
48439,48439-3283
48439,48439-3287
48439,48439-3289
48439,48439-3706
48439,48439-3322
48439,48439-3323
48439,48439-3324
48439,48439-3325
48439,48439-3326
48439,48439-3327
48439,48439-3329
48439,48439-3330
48439,48439-3331
48439,48439-3332
48439,48439-3333
48439,48439-3334
48439,48439-3335
48439,48439-3336
48439,48439-3359
48439,48439-3361
48439,48439-3364
48439,48439-3365
48439,48439-3367
48439,48439-3368
48439,48439-3372
48439,48439-3384
48439,48439-3385
48439,48439-3386
48439,48439-3387
48439,48439-3389
48439,48439-3390
48439,48439-3391
48439,48439-3392
48439,48439-3396
48439,48439-3398
48439,48439-3409
48439,48439-3417
48439,48439-3421
48439,48439-3433
48439,48439-3443
48439,48439-3469
48439,48439-3470
48439,48439-3471
48439,48439-3486
48439,48439-3500
48439,48439-3502
48439,48439-3507
48439,48439-3509
48439,48439-3510
48439,48439-3511
48439,48439-3516
48439,48439-3517
48439,48439-3526
48439,48439-3527
48439,48439-3529
48439,48439-3530
48439,48439-3538
48439,48439-3539
48439,48439-3542
48439,48439-3545
48439,48439-3552
48439,48439-3554
48439,48439-3558
48439,48439-3562
48439,48439-3841
48439,48439-3570
48439,48439-3574
48439,48439-3579
48439,48439-3582
48439,48439-3624
48439,48439-3626
48439,48439-3637
48439,48439-3646
48439,48439-3647
48439,48439-3648
48439,48439-3665
48439,48439-3667
48439,48439-3668
48439,48439-3671
48439,48439-4006
48439,48439-4016
48439,48439-4017
48439,48439-4018
48439,48439-4020
48439,48439-4042
48439,48439-4724
48439,48439-4046
48439,48439-4047
48439,48439-4048
48439,48439-4050
48439,48439-4051
48439,48439-4053
48439,48439-4057
48439,48439-4060
48439,48439-4067
48439,48439-4068
48439,48439-4069
48439,48439-4070
48439,48439-4073
48439,48439-4077
48439,48439-4086
48439,48439-4087
48439,48439-4091
48439,48439-4092
48439,48439-4093
48439,48439-4096
48439,48439-4097
48439,48439-4101
48439,48439-4102
48439,48439-4107
48439,48439-4110
48439,48439-4113
48439,48439-4115
48439,48439-4116
48439,48439-4118
48439,48439-4121
48439,48439-4122
48439,48439-4123
48439,48439-4124
48439,48439-4125
48439,48439-4128
48439,48439-4129
48439,48439-4130
48439,48439-4135
48439,48439-4136
48439,48439-4137
48439,48439-4138
48439,48439-4141
48439,48439-4144
48439,48439-4155
48439,48439-4159
48439,48439-4162
48439,48439-4163
48439,48439-4178
48439,48439-4179
48439,48439-4182
48439,48439-4191
48439,48439-4195
48439,48439-4201
48439,48439-4202
48439,48439-4203
48439,48439-4204
48439,48439-4218
48439,48439-4222
48439,48439-4230
48439,48439-4231
48439,48439-4232
48439,48439-4233
48439,48439-4234
48439,48439-4239
48439,48439-4242
48439,48439-4243
48439,48439-4250
48439,48439-4252
48439,48439-4253
48439,48439-4256
48439,48439-4261
48439,48439-4272
48439,48439-4276
48439,48439-4284
48439,48439-4285
48439,48439-4288
48439,48439-4290
48439,48439-4312
48439,48439-4328
48439,48439-4338
48439,48439-4340
48439,48439-4342
48439,48439-4343
48439,48439-4344
48439,48439-4350
48439,48439-4362
48439,48439-4369
48439,48439-4371
48439,48439-4373
48439,48439-4374
48439,48439-4375
48439,48439-4395
48439,48439-4397
48439,48439-4399
48439,48439-4400
48439,48439-4410
48439,48439-4429
48439,48439-4432
48439,48439-4452
48439,48439-4454
48439,48439-4456
48439,48439-4458
48439,48439-4475
48439,48439-4480
48439,48439-4483
48439,48439-4485
48439,48439-4492
48439,48439-4493
48439,48439-4494
48439,48439-4495
48439,48439-4496
48439,48439-4497
48439,48439-4498
48439,48439-4836
48439,48439-4503
48439,48439-4508
48439,48439-4528
48439,48439-4531
48439,48439-4533
48439,48439-4832
48439,48439-4540
48439,48439-4551
48439,48439-4565
48439,48439-4568
48439,48439-4572
48439,48439-4587
48439,48439-4588
48439,48439-4591
48439,48439-4593
48439,48439-4595
48439,48439-4596
48439,48439-4599
48439,48439-4604
48439,48439-4620
48439,48439-4634
48439,48439-4638
48439,48439-4640
48439,48439-4649
48439,48439-4682
48439,48439-4687
48439,48439-4689
48439,48439-4694
48439,48439-3286
48439,48439-3720
48439,48439-2697
48439,48439-2699
48439,48439-3695
48439,48439-3696
48439,48439-3698
48439,48439-3700
48439,48439-4702
48439,48439-4703
48439,48439-4705
48439,48439-4713
48439,48439-1227
48439,48439-1715
48439,48439-3716
48439,48439-1718
48439,48439-1719
48439,48439-2712
48439,48439-3321
48439,48439-3709
48439,48439-4711
48439,48439-3422
48439,48439-2029
48439,48439-1723
48439,48439-4830
48439,48439-3725
48439,48439-2635
48439,48439-2727
48439,48439-3039
48439,48439-3729
48439,48439-4707
48439,48439-2708
48439,48439-1837
48439,48439-4730
48439,48439-2731
48439,48439-3732
48439,48439-4733
48439,48439-1639
48439,48439-3735
48439,48439-4736
48439,48439-4737
48439,48439-1366
48439,48439-1444
48439,48439-1543
48439,48439-1610
48439,48439-1739
48439,48439-2742
48439,48439-2741
48439,48439-2058
48439,48439-2743
48439,48439-2744
48439,48439-2168
48439,48439-2745
48439,48439-3663
48439,48439-4685
48439,48439-3185
48439,48439-3669
48439,48439-2143
48439,48439-1001
48439,48439-1019
48439,48439-1710
48439,48439-1848
48439,48439-1056
48439,48439-1150
48439,48439-1154
48439,48439-1175
48439,48439-1184
48439,48439-1188
48439,48439-1189
48439,48439-1198
48439,48439-1211
48439,48439-1236
48439,48439-1255
48439,48439-1293
48439,48439-1294
48439,48439-1300
48439,48439-1311
48439,48439-1345
48439,48439-1376
48439,48439-1489
48439,48439-1490
48439,48439-1515
48439,48439-1621
48439,48439-1622
48439,48439-1734
48439,48439-1831
48439,48439-1642
48439,48439-1652
48439,48439-2173
48439,48439-2220
48439,48439-2228
48439,48439-2303
48439,48439-1717
48439,48439-1722
48439,48439-1738
48439,48439-4650
48439,48439-4829
48439,48439-4045
48439,48439-4532
48439,48439-4044
48439,48439-1641
48439,48439-4534
48439,48439-4259
48439,48439-4833
48439,48439-4065
48439,48439-1111
48439,48439-2506
48439,48439-4245
48439,48439-4499
48439,48439-1023
48439,48439-2405
48439,48439-2839
48439,48439-2484
48439,48439-3567
48439,48439-3465
48439,48439-3842
48439,48439-2643
48439,48439-4844
48439,48439-1197
48439,48439-4846
48439,48439-3043
48439,48439-3847
48439,48439-1024
48439,48439-4849
48439,48439-3363
48439,48439-3850
48441,48441-101
48441,48441-102
48441,48441-103
48441,48441-104
48441,48441-105
48441,48441-106
48441,48441-107
48441,48441-108
48441,48441-109
48441,48441-110
48441,48441-201
48441,48441-202
48441,48441-203
48441,48441-204
48441,48441-205
48441,48441-206
48441,48441-207
48441,48441-301
48441,48441-302
48441,48441-303
48441,48441-304
48441,48441-305
48441,48441-306
48441,48441-307
48441,48441-308
48441,48441-401
48441,48441-402
48441,48441-403
48441,48441-404
48441,48441-405
48441,48441-406
48441,48441-407
48441,48441-408
48441,48441-409
48443,48443-1
48443,48443-2A
48443,48443-2B
48443,48443-3
48443,48443-4A
48443,48443-4B
48443,48443-4C
48445,48445-101
48445,48445-201
48445,48445-202
48445,48445-301
48445,48445-401
48445,48445-402
48447,48447-1
48447,48447-2
48447,48447-3003
48447,48447-4005
48447,48447-4006
48449,48449-1
48449,48449-2
48449,48449-3
48449,48449-4
48449,48449-5
48449,48449-6
48449,48449-7
48449,48449-8
48449,48449-9
48449,48449-10
48449,48449-11
48449,48449-12
48449,48449-14
48449,48449-15
48449,48449-16
48449,48449-17
48449,48449-18
48449,48449-19
48449,48449-20
48451,48451-106
48451,48451-107
48451,48451-108
48451,48451-112
48451,48451-114
48451,48451-124
48451,48451-137
48451,48451-144
48451,48451-146
48451,48451-201
48451,48451-213
48451,48451-215
48451,48451-225
48451,48451-228
48451,48451-230
48451,48451-241
48451,48451-304
48451,48451-306
48451,48451-308
48451,48451-318
48451,48451-319
48451,48451-327
48451,48451-348
48451,48451-351
48451,48451-358
48451,48451-401
48451,48451-402
48451,48451-420
48451,48451-421
48451,48451-422
48451,48451-423
48451,48451-424
48451,48451-434
48451,48451-435
48451,48451-436
48453,48453-360
48453,48453-363
48453,48453-292
48453,48453-361
48453,48453-349
48453,48453-336
48453,48453-346
48453,48453-472
48453,48453-452
48453,48453-465
48453,48453-455
48453,48453-450
48453,48453-456
48453,48453-470
48453,48453-449
48453,48453-333
48453,48453-345
48453,48453-438
48453,48453-447
48453,48453-334
48453,48453-353
48453,48453-325
48453,48453-326
48453,48453-323
48453,48453-357
48453,48453-340
48453,48453-321
48453,48453-327
48453,48453-306
48453,48453-307
48453,48453-354
48453,48453-305
48453,48453-322
48453,48453-416
48453,48453-433
48453,48453-415
48453,48453-430
48453,48453-431
48453,48453-414
48453,48453-432
48453,48453-230
48453,48453-290
48453,48453-437
48453,48453-375
48453,48453-366
48453,48453-294
48453,48453-374
48453,48453-373
48453,48453-364
48453,48453-371
48453,48453-396
48453,48453-280
48453,48453-232
48453,48453-291
48453,48453-272
48453,48453-270
48453,48453-384
48453,48453-392
48453,48453-391
48453,48453-271
48453,48453-275
48453,48453-235
48453,48453-268
48453,48453-267
48453,48453-386
48453,48453-380
48453,48453-475
48453,48453-471
48453,48453-483
48453,48453-462
48453,48453-111
48453,48453-101
48453,48453-105
48453,48453-116
48453,48453-113
48453,48453-107
48453,48453-215
48453,48453-214
48453,48453-117
48453,48453-104
48453,48453-207
48453,48453-312
48453,48453-200
48453,48453-206
48453,48453-304
48453,48453-420
48453,48453-411
48453,48453-413
48453,48453-412
48453,48453-403
48453,48453-405
48453,48453-400
48453,48453-418
48453,48453-410
48453,48453-404
48453,48453-213
48453,48453-212
48453,48453-435
48453,48453-201
48453,48453-211
48453,48453-205
48453,48453-491
48453,48453-481
48453,48453-137
48453,48453-135
48453,48453-162
48453,48453-186
48453,48453-184
48453,48453-178
48453,48453-131
48453,48453-134
48453,48453-165
48453,48453-177
48453,48453-138
48453,48453-130
48453,48453-180
48453,48453-160
48453,48453-132
48453,48453-253
48453,48453-256
48453,48453-242
48453,48453-250
48453,48453-192
48453,48453-190
48453,48453-240
48453,48453-244
48453,48453-164
48453,48453-251
48453,48453-252
48453,48453-260
48453,48453-234
48453,48453-220
48453,48453-210
48453,48453-225
48453,48453-223
48453,48453-238
48453,48453-227
48453,48453-226
48453,48453-262
48453,48453-264
48453,48453-236
48453,48453-265
48453,48453-266
48453,48453-255
48453,48453-247
48453,48453-237
48453,48453-382
48453,48453-127
48453,48453-154
48453,48453-156
48453,48453-490
48453,48453-146
48453,48453-224
48453,48453-221
48453,48453-474
48453,48453-482
48453,48453-473
48453,48453-424
48453,48453-480
48453,48453-425
48453,48453-421
48453,48453-426
48453,48453-423
48453,48453-402
48453,48453-401
48453,48453-427
48453,48453-461
48453,48453-460
48453,48453-466
48453,48453-464
48453,48453-467
48453,48453-122
48453,48453-124
48453,48453-123
48453,48453-125
48453,48453-142
48453,48453-145
48453,48453-174
48453,48453-141
48453,48453-143
48453,48453-144
48453,48453-155
48453,48453-152
48453,48453-153
48453,48453-367
48453,48453-436
48453,48453-448
48453,48453-140
48453,48453-332
48453,48453-171
48453,48453-161
48453,48453-103
48453,48453-114
48453,48453-216
48453,48453-454
48453,48453-335
48453,48453-348
48453,48453-173
48453,48453-313
48453,48453-314
48453,48453-231
48453,48453-233
48453,48453-133
48453,48453-241
48453,48453-245
48453,48453-243
48453,48453-246
48453,48453-254
48453,48453-191
48453,48453-194
48453,48453-263
48453,48453-261
48453,48453-383
48453,48453-385
48453,48453-387
48453,48453-394
48453,48453-351
48453,48453-390
48453,48453-281
48453,48453-303
48453,48453-343
48453,48453-342
48453,48453-341
48453,48453-344
48453,48453-350
48453,48453-358
48453,48453-356
48453,48453-320
48453,48453-315
48453,48453-300
48453,48453-311
48453,48453-310
48453,48453-302
48453,48453-301
48453,48453-204
48453,48453-203
48453,48453-202
48453,48453-115
48453,48453-100
48453,48453-102
48453,48453-112
48453,48453-106
48453,48453-110
48453,48453-120
48453,48453-126
48453,48453-181
48453,48453-185
48453,48453-182
48453,48453-183
48453,48453-193
48453,48453-176
48453,48453-381
48453,48453-274
48453,48453-273
48453,48453-393
48453,48453-282
48453,48453-395
48453,48453-293
48453,48453-372
48453,48453-330
48453,48453-417
48453,48453-150
48453,48453-172
48453,48453-347
48453,48453-434
48453,48453-439
48453,48453-331
48453,48453-451
48453,48453-446
48453,48453-445
48453,48453-453
48453,48453-337
48453,48453-463
48453,48453-422
48453,48453-121
48453,48453-151
48453,48453-170
48453,48453-362
48453,48453-352
48453,48453-324
48453,48453-370
48453,48453-376
48453,48453-365
48453,48453-163
48453,48453-136
48453,48453-355
48455,48455-1
48455,48455-2
48455,48455-3
48455,48455-4
48455,48455-5
48455,48455-6
48455,48455-7
48455,48455-8
48455,48455-9
48455,48455-10
48455,48455-11
48455,48455-12
48455,48455-14
48455,48455-15
48455,48455-16
48455,48455-17
48455,48455-18
48455,48455-19
48455,48455-20
48455,48455-21
48457,48457-1
48457,48457-2
48457,48457-3
48457,48457-4
48457,48457-5
48457,48457-6
48457,48457-7
48457,48457-8
48457,48457-9
48457,48457-10
48457,48457-11
48457,48457-13
48457,48457-14
48457,48457-15
48457,48457-16
48457,48457-17
48457,48457-18
48459,48459-1
48459,48459-2
48459,48459-3
48459,48459-4
48459,48459-5
48459,48459-6
48459,48459-7
48459,48459-8
48459,48459-9
48459,48459-10
48459,48459-11
48459,48459-12
48459,48459-13
48459,48459-14
48459,48459-15A
48459,48459-16
48459,48459-17
48459,48459-18
48459,48459-20
48461,48461-1
48461,48461-2
48461,48461-3
48461,48461-4
48461,48461-5
48461,48461-6
48463,48463-1
48463,48463-2
48463,48463-3
48463,48463-4
48463,48463-5
48463,48463-6
48463,48463-7
48463,48463-8
48463,48463-9
48463,48463-10
48463,48463-11
48463,48463-12
48463,48463-13
48463,48463-14
48465,48465-10
48465,48465-11
48465,48465-12A
48465,48465-12B
48465,48465-12C
48465,48465-13
48465,48465-20
48465,48465-21
48465,48465-22
48465,48465-23
48465,48465-24
48465,48465-30
48465,48465-31
48465,48465-32
48465,48465-33
48465,48465-40
48465,48465-41
48465,48465-42
48465,48465-43
48467,48467-1A
48467,48467-1B
48467,48467-1C
48467,48467-1D
48467,48467-1E
48467,48467-2A
48467,48467-2B
48467,48467-2C
48467,48467-2D
48467,48467-3A
48467,48467-3B
48467,48467-3C
48467,48467-3D
48467,48467-4A
48467,48467-4B
48467,48467-4C
48467,48467-4D
48467,48467-4E
48469,48469-1
48469,48469-2
48469,48469-3
48469,48469-4
48469,48469-5
48469,48469-6
48469,48469-7
48469,48469-8
48469,48469-9
48469,48469-10
48469,48469-11
48469,48469-12
48469,48469-13
48469,48469-14
48469,48469-15
48469,48469-16
48469,48469-17
48469,48469-18
48469,48469-19
48469,48469-20
48469,48469-21
48469,48469-22
48469,48469-23
48469,48469-24
48469,48469-25
48469,48469-26
48469,48469-27
48469,48469-28
48469,48469-29
48469,48469-30
48469,48469-31
48469,48469-32
48469,48469-33
48469,48469-34
48469,48469-35
48471,48471-101
48471,48471-102
48471,48471-103
48471,48471-104
48471,48471-201A
48471,48471-201B
48471,48471-203
48471,48471-204A
48471,48471-204B
48471,48471-205
48471,48471-206
48471,48471-301
48471,48471-302
48471,48471-303
48471,48471-304
48471,48471-401
48471,48471-403A
48471,48471-403B
48471,48471-404
48471,48471-405
48473,48473-101
48473,48473-102
48473,48473-103
48473,48473-104
48473,48473-105
48473,48473-106
48473,48473-207
48473,48473-208
48473,48473-209
48473,48473-210
48473,48473-311
48473,48473-312
48473,48473-313
48473,48473-314
48473,48473-315
48473,48473-416
48473,48473-418
48473,48473-419
48473,48473-420
48475,48475-2
48475,48475-1E
48475,48475-1W
48475,48475-3N
48475,48475-3S
48475,48475-4E
48475,48475-4M
48475,48475-4W
48477,48477-101
48477,48477-104
48477,48477-109
48477,48477-115
48477,48477-117
48477,48477-121
48477,48477-202
48477,48477-203
48477,48477-205
48477,48477-208
48477,48477-307
48477,48477-311
48477,48477-312
48477,48477-320
48477,48477-406
48477,48477-410
48477,48477-413
48477,48477-418
48477,48477-419
48479,48479-123
48479,48479-124
48479,48479-125
48479,48479-128
48479,48479-129
48479,48479-130
48479,48479-132
48479,48479-133
48479,48479-134
48479,48479-135
48479,48479-136
48479,48479-154
48479,48479-164
48479,48479-169
48479,48479-176A
48479,48479-176B
48479,48479-177
48479,48479-218
48479,48479-219
48479,48479-220
48479,48479-221
48479,48479-226
48479,48479-227
48479,48479-231
48479,48479-237
48479,48479-238
48479,48479-239
48479,48479-250A
48479,48479-250B
48479,48479-250C
48479,48479-251
48479,48479-252
48479,48479-255
48479,48479-266
48479,48479-267
48479,48479-268
48479,48479-272
48479,48479-273
48479,48479-274
48479,48479-275A
48479,48479-275B
48479,48479-278
48479,48479-308
48479,48479-309
48479,48479-310
48479,48479-311
48479,48479-312
48479,48479-340
48479,48479-341
48479,48479-342
48479,48479-343
48479,48479-344
48479,48479-345
48479,48479-349
48479,48479-356
48479,48479-359
48479,48479-361
48479,48479-363
48479,48479-370
48479,48479-371
48479,48479-401
48479,48479-402
48479,48479-403
48479,48479-404
48479,48479-405
48479,48479-406
48479,48479-407
48479,48479-413
48479,48479-414
48479,48479-415
48479,48479-416
48479,48479-417
48479,48479-422
48479,48479-446
48479,48479-447
48479,48479-448
48479,48479-453
48479,48479-457
48479,48479-458
48479,48479-460
48479,48479-462
48479,48479-465
48481,48481-101
48481,48481-102
48481,48481-103
48481,48481-201
48481,48481-202
48481,48481-203
48481,48481-301
48481,48481-302
48481,48481-303
48481,48481-401
48481,48481-402
48481,48481-403
48483,48483-101
48483,48483-201
48483,48483-301
48483,48483-401
48485,48485-101
48485,48485-102
48485,48485-103
48485,48485-104
48485,48485-105
48485,48485-106
48485,48485-107
48485,48485-108
48485,48485-109
48485,48485-201
48485,48485-202
48485,48485-203
48485,48485-204
48485,48485-205
48485,48485-206
48485,48485-207
48485,48485-208
48485,48485-209
48485,48485-210
48485,48485-211
48485,48485-301
48485,48485-302
48485,48485-303
48485,48485-304
48485,48485-305
48485,48485-306
48485,48485-307
48485,48485-308
48485,48485-309
48485,48485-310
48485,48485-401
48485,48485-402
48485,48485-403
48485,48485-404
48485,48485-405
48485,48485-406
48485,48485-407
48485,48485-408
48485,48485-409
48485,48485-410
48487,48487-1A
48487,48487-1B
48487,48487-19
48487,48487-20
48487,48487-21
48489,48489-1
48489,48489-2
48489,48489-3
48489,48489-4
48489,48489-5
48489,48489-6
48489,48489-7
48489,48489-8
48489,48489-9
48489,48489-10
48489,48489-11
48489,48489-12
48489,48489-1A
48489,48489-2A
48489,48489-7A
48489,48489-8A
48489,48489-11A
48491,48491-116A
48491,48491-117
48491,48491-118
48491,48491-119
48491,48491-122
48491,48491-123
48491,48491-135
48491,48491-136
48491,48491-138
48491,48491-139
48491,48491-143
48491,48491-144
48491,48491-145
48491,48491-146
48491,48491-147
48491,48491-149
48491,48491-150
48491,48491-151
48491,48491-155
48491,48491-162
48491,48491-163
48491,48491-164
48491,48491-166
48491,48491-173
48491,48491-174
48491,48491-175
48491,48491-180
48491,48491-181
48491,48491-182
48491,48491-184
48491,48491-186
48491,48491-189
48491,48491-191
48491,48491-192
48491,48491-198
48491,48491-201
48491,48491-202
48491,48491-203
48491,48491-204
48491,48491-205
48491,48491-206
48491,48491-207
48491,48491-208
48491,48491-209
48491,48491-210
48491,48491-216
48491,48491-229
48491,48491-230
48491,48491-231
48491,48491-243
48491,48491-244
48491,48491-245
48491,48491-251
48491,48491-252
48491,48491-253
48491,48491-254
48491,48491-255
48491,48491-256
48491,48491-257
48491,48491-258
48491,48491-259
48491,48491-261
48491,48491-262
48491,48491-263
48491,48491-264
48491,48491-266
48491,48491-267
48491,48491-276
48491,48491-277
48491,48491-278
48491,48491-279
48491,48491-283
48491,48491-284
48491,48491-287
48491,48491-301
48491,48491-302
48491,48491-303
48491,48491-305
48491,48491-306
48491,48491-307
48491,48491-308
48491,48491-309
48491,48491-310
48491,48491-311
48491,48491-312
48491,48491-314
48491,48491-317
48491,48491-318
48491,48491-319
48491,48491-320
48491,48491-321
48491,48491-322
48491,48491-323
48491,48491-331
48491,48491-332
48491,48491-333
48491,48491-338
48491,48491-340
48491,48491-341
48491,48491-342
48491,48491-343
48491,48491-344
48491,48491-345
48491,48491-346
48491,48491-360
48491,48491-367
48491,48491-368
48491,48491-369
48491,48491-370
48491,48491-371
48491,48491-372
48491,48491-379
48491,48491-380
48491,48491-381
48491,48491-390A
48491,48491-391
48491,48491-392
48491,48491-393
48491,48491-394
48491,48491-395
48491,48491-396
48491,48491-397
48491,48491-398
48491,48491-399
48491,48491-401
48491,48491-402
48491,48491-403
48491,48491-409
48491,48491-410
48491,48491-411
48491,48491-412
48491,48491-413
48491,48491-415
48491,48491-418
48491,48491-419
48491,48491-420
48491,48491-421
48491,48491-422
48491,48491-424
48491,48491-425
48491,48491-426
48491,48491-427
48491,48491-428
48491,48491-429
48491,48491-432
48491,48491-433
48491,48491-434
48491,48491-436
48491,48491-437
48491,48491-456
48491,48491-468
48491,48491-470
48491,48491-471
48491,48491-472
48491,48491-473
48491,48491-482
48491,48491-484
48491,48491-485
48491,48491-486
48491,48491-487
48491,48491-488
48491,48491-489
48491,48491-490
48491,48491-491
48493,48493-101
48493,48493-102
48493,48493-103
48493,48493-104
48493,48493-205
48493,48493-206
48493,48493-207
48493,48493-311
48493,48493-312
48493,48493-313
48493,48493-414
48493,48493-415
48493,48493-416
48495,48495-101
48495,48495-201
48495,48495-202
48495,48495-301
48495,48495-401
48497,48497-1
48497,48497-2
48497,48497-3
48497,48497-4
48497,48497-5
48497,48497-6
48497,48497-7
48497,48497-8
48497,48497-9
48497,48497-10
48497,48497-11
48497,48497-12
48497,48497-13
48497,48497-14
48497,48497-15
48497,48497-16
48497,48497-17
48497,48497-18
48497,48497-19
48497,48497-20
48497,48497-22
48497,48497-23
48497,48497-24
48497,48497-25
48497,48497-27
48497,48497-28
48497,48497-29
48497,48497-30
48499,48499-11
48499,48499-12
48499,48499-13
48499,48499-14
48499,48499-21
48499,48499-22
48499,48499-23
48499,48499-31
48499,48499-32
48499,48499-33
48499,48499-41
48499,48499-42
48499,48499-43
48499,48499-44
48501,48501-101
48501,48501-202
48501,48501-303
48501,48501-305
48501,48501-404
48501,48501-406
48503,48503-5
48503,48503-6
48503,48503-7
48503,48503-10
48503,48503-16
48503,48503-22
48503,48503-23
48503,48503-24
48505,48505-1
48505,48505-2
48505,48505-3
48505,48505-4
48505,48505-1A
48505,48505-1B
48505,48505-2A
48507,48507-1
48507,48507-2
48507,48507-3
48507,48507-4
48507,48507-1A
48507,48507-4A
