state,GEOID,votes_dem,votes_rep,votes_total,pct_dem_lead,official_boundary
TX,48001-Precinct 1,325,776,1116,-0.4041,true
TX,48001-Precinct 2,182,1682,1871,-0.8017,true
TX,48001-Precinct 3,110,744,859,-0.7381,true
TX,48001-Precinct 4,109,1067,1188,-0.8064,true
TX,48001-Precinct 5,17,200,222,-0.8243,true
TX,48001-Precinct 6,340,429,773,-0.1151,true
TX,48001-Precinct 7,330,167,502,0.3247,true
TX,48001-Precinct 8,112,104,217,0.0369,true
TX,48001-Precinct 9,146,776,928,-0.6789,true
TX,48001-Precinct 10,56,317,374,-0.6979,true
TX,48001-Precinct 11,156,703,863,-0.6338,true
TX,48001-Precinct 13,282,778,1070,-0.4636,true
TX,48001-Precinct 15,90,577,673,-0.7236,true
TX,48001-Precinct 16,109,561,675,-0.6696,true
TX,48001-Precinct 17,103,469,577,-0.6343,true
TX,48001-Precinct 18,228,1342,1584,-0.7033,true
TX,48001-Precinct 19,347,1014,1369,-0.4872,true
TX,48001-Precinct 20,168,539,718,-0.5167,true
TX,48001-Precinct 21,176,1141,1325,-0.7283,true
TX,48001-Precinct 22,101,683,788,-0.7386,true
TX,48001-Precinct 23,104,900,1012,-0.7866,true
TX,48001-Precinct 24,44,628,677,-0.8626,true
TX,48003-Precinct 1,188,1237,1437,-0.73,true
TX,48003-Precinct 2,219,1690,1919,-0.7665,true
TX,48003-Precinct 3,218,1276,1509,-0.7011,true
TX,48003-Precinct 4,181,1002,1194,-0.6876,true
TX,48005-Precinct 1,112,187,301,-0.2492,true
TX,48005-Precinct 2,817,348,1174,0.3995,true
TX,48005-Precinct 3,214,1066,1286,-0.6625,true
TX,48005-Precinct 4,333,488,832,-0.1863,true
TX,48005-Precinct 5,372,603,986,-0.2343,true
TX,48005-Precinct 6,60,349,410,-0.7049,true
TX,48005-Precinct 7,116,966,1089,-0.7805,true
TX,48005-Precinct 8,109,948,1066,-0.7871,true
TX,48005-Precinct 9,61,138,199,-0.3869,true
TX,48005-Precinct 10A,299,366,673,-0.0996,true
TX,48005-Precinct 10B,43,52,95,-0.0947,true
TX,48005-Precinct 11,135,1555,1697,-0.8368,true
TX,48005-Precinct 12,103,498,601,-0.6572,true
TX,48005-Precinct 13,151,215,369,-0.1734,true
TX,48005-Precinct 14,393,873,1283,-0.3741,true
TX,48005-Precinct 15,69,438,508,-0.7264,true
TX,48005-Precinct 16,426,664,1105,-0.2154,true
TX,48005-Precinct 17,124,1223,1351,-0.8135,true
TX,48005-Precinct 18,157,343,510,-0.3647,true
TX,48005-Precinct 19,341,693,1056,-0.3333,true
TX,48005-Precinct 20,825,302,1138,0.4596,true
TX,48005-Precinct 21,180,519,708,-0.4788,true
TX,48005-Precinct 22,80,803,886,-0.816,true
TX,48005-Precinct 23,81,414,497,-0.67,true
TX,48005-Precinct 24,361,1325,1698,-0.5677,true
TX,48005-Precinct 25,280,1338,1629,-0.6495,true
TX,48005-Precinct 26,152,1133,1294,-0.7581,true
TX,48005-Precinct 27,20,259,280,-0.8536,true
TX,48005-Precinct 28,140,773,918,-0.6895,true
TX,48005-Precinct 29,137,996,1139,-0.7542,true
TX,48005-Precinct 30,54,759,820,-0.8598,true
TX,48005-Precinct 31,45,230,276,-0.6703,true
TX,48005-Precinct 32,4,92,96,-0.9167,true
TX,48005-Precinct 33,73,973,1054,-0.8539,true
TX,48005-Precinct 34,452,1078,1552,-0.4034,true
TX,48005-Precinct 35,332,934,1275,-0.4722,true
TX,48005-Precinct 37,70,323,398,-0.6357,true
TX,48005-Precinct 38,26,253,282,-0.805,true
TX,48005-Precinct 39,103,233,340,-0.3824,true
TX,48005-Precinct 40,180,338,522,-0.3027,true
TX,48005-Precinct 11B,97,699,801,-0.7516,true
TX,48005-Precinct 17B,19,262,282,-0.8617,true
TX,48007-Precinct 1,310,1503,1824,-0.6541,true
TX,48007-Precinct 2,562,1793,2381,-0.517,true
TX,48007-Precinct 3,906,2828,3755,-0.5119,true
TX,48007-Precinct 4,673,2282,2989,-0.5383,true
TX,48007-Precinct 1A,183,863,1054,-0.6452,true
TX,48007-Precinct 4A,197,821,1028,-0.607,true
TX,48009-Precinct 1,95,976,1078,-0.8173,true
TX,48009-Precinct 2,74,614,689,-0.7837,true
TX,48009-Precinct 3,29,270,300,-0.8033,true
TX,48009-Precinct 4,24,546,572,-0.9126,true
TX,48009-Precinct 5,7,152,160,-0.9063,true
TX,48009-Precinct 6,86,736,825,-0.7879,true
TX,48009-Precinct 7,14,139,154,-0.8117,true
TX,48009-Precinct 8,41,266,308,-0.7305,true
TX,48009-Precinct 9,21,107,129,-0.6667,true
TX,48009-Precinct 10,107,568,677,-0.6809,true
TX,48009-Precinct 11,0,15,15,-1,true
TX,48009-Precinct 12,9,57,66,-0.7273,true
TX,48009-Precinct 13,13,146,159,-0.8365,true
TX,48011-Precinct 101,17,257,277,-0.8664,true
TX,48011-Precinct 201,20,161,182,-0.7747,true
TX,48011-Precinct 202,5,53,58,-0.8276,true
TX,48011-Precinct 301,14,238,254,-0.8819,true
TX,48011-Precinct 303,6,33,39,-0.6923,true
TX,48011-Precinct 401,8,131,139,-0.8849,true
TX,48011-Precinct 402,7,132,141,-0.8865,true
TX,48011-Precinct 404,0,24,24,-1,true
TX,48013-Precinct 1,135,475,613,-0.5546,true
TX,48013-Precinct 3,249,609,865,-0.4162,true
TX,48013-Precinct 4,225,393,623,-0.2697,true
TX,48013-Precinct 5,322,490,820,-0.2049,true
TX,48013-Precinct 6,102,226,329,-0.3769,true
TX,48013-Precinct 7,307,754,1070,-0.4178,true
TX,48013-Precinct 8,97,309,409,-0.5183,true
TX,48013-Precinct 9,494,899,1411,-0.287,true
TX,48013-Precinct 10,148,338,489,-0.3885,true
TX,48013-Precinct 11,398,806,1226,-0.3328,true
TX,48013-Precinct 12,328,629,964,-0.3122,true
TX,48013-Precinct 13,344,1329,1688,-0.5835,true
TX,48013-Precinct 14,18,127,145,-0.7517,true
TX,48013-Precinct 15,424,923,1363,-0.3661,true
TX,48013-Precinct 17,430,576,1017,-0.1436,true
TX,48013-Precinct 18,258,825,1094,-0.5183,true
TX,48013-Precinct 19,61,236,302,-0.5795,true
TX,48013-Precinct 20,590,2146,2754,-0.565,true
TX,48013-Precinct 21,124,615,748,-0.6564,true
TX,48013-Precinct 22,99,437,538,-0.6283,true
TX,48015-Precinct 101,177,807,996,-0.6325,true
TX,48015-Precinct 102,202,881,1090,-0.6229,true
TX,48015-Precinct 103,177,977,1173,-0.682,true
TX,48015-Precinct 104,99,558,664,-0.6913,true
TX,48015-Precinct 205,355,1762,2133,-0.6596,true
TX,48015-Precinct 206,141,960,1110,-0.7378,true
TX,48015-Precinct 207,75,523,600,-0.7467,true
TX,48015-Precinct 208,103,448,555,-0.6216,true
TX,48015-Precinct 309,55,501,562,-0.7936,true
TX,48015-Precinct 310,402,1669,2091,-0.6059,true
TX,48015-Precinct 311,229,369,605,-0.2314,true
TX,48015-Precinct 412,123,343,467,-0.4711,true
TX,48015-Precinct 413,168,877,1054,-0.6727,true
TX,48015-Precinct 414,277,971,1265,-0.5486,true
TX,48015-Precinct 415,233,811,1050,-0.5505,true
TX,48017-Precinct 1,92,452,547,-0.6581,true
TX,48017-Precinct 2,91,559,656,-0.7134,true
TX,48017-Precinct 3,84,236,321,-0.4735,true
TX,48017-Precinct 4A,57,123,183,-0.3607,true
TX,48017-Precinct 4B,8,25,33,-0.5152,true
TX,48019-Precinct 101,262,1132,1412,-0.6161,true
TX,48019-Precinct 102,415,1757,2191,-0.6125,true
TX,48019-Precinct 203,395,1339,1749,-0.5397,true
TX,48019-Precinct 204,314,1038,1361,-0.532,true
TX,48019-Precinct 305,338,1740,2102,-0.667,true
TX,48019-Precinct 306,175,987,1173,-0.6922,true
TX,48019-Precinct 407,372,1899,2286,-0.668,true
TX,48019-Precinct 408,56,177,234,-0.5171,true
TX,48019-Precinct 409,124,520,658,-0.6018,true
TX,48019-Precinct 410,81,350,434,-0.6198,true
TX,48021-Precinct 1001,99,202,306,-0.3366,true
TX,48021-Precinct 1002,237,336,586,-0.1689,true
TX,48021-Precinct 1003,769,1332,2131,-0.2642,true
TX,48021-Precinct 1004,777,720,1530,0.0373,true
TX,48021-Precinct 1005,312,517,843,-0.2432,true
TX,48021-Precinct 1006,619,859,1501,-0.1599,true
TX,48021-Precinct 1007,1001,1497,2544,-0.195,true
TX,48021-Precinct 1008,607,662,1293,-0.0425,true
TX,48021-Precinct 1009,588,769,1378,-0.1313,true
TX,48021-Precinct 2010,172,240,420,-0.1619,true
TX,48021-Precinct 2011,840,1101,1968,-0.1326,true
TX,48021-Precinct 2012,416,904,1342,-0.3636,true
TX,48021-Precinct 2013,809,1402,2241,-0.2646,true
TX,48021-Precinct 2014,694,1511,2237,-0.3652,true
TX,48021-Precinct 2015,790,1397,2212,-0.2744,true
TX,48021-Precinct 2016,520,1591,2140,-0.5005,true
TX,48021-Precinct 3017,702,1192,1923,-0.2548,true
TX,48021-Precinct 3018,343,866,1222,-0.428,true
TX,48021-Precinct 3019,690,832,1544,-0.092,true
TX,48021-Precinct 3020,996,782,1803,0.1187,true
TX,48021-Precinct 4021,761,996,1791,-0.1312,true
TX,48021-Precinct 4022,714,978,1715,-0.1539,true
TX,48021-Precinct 4023,311,714,1036,-0.389,true
TX,48021-Precinct 4024,477,704,1204,-0.1885,true
TX,48021-Precinct 4025,834,516,1376,0.2311,true
TX,48021-Precinct 4026,911,681,1631,0.141,true
TX,48023-Precinct 1,37,431,473,-0.833,true
TX,48023-Precinct 2,34,394,430,-0.8372,true
TX,48023-Precinct 3,49,298,355,-0.7014,true
TX,48023-Precinct 4,63,346,414,-0.6836,true
TX,48025-Precinct 1,387,883,1283,-0.3866,true
TX,48025-Precinct 2,54,331,386,-0.7176,true
TX,48025-Precinct 3,293,624,922,-0.359,true
TX,48025-Precinct 4,92,335,434,-0.5599,true
TX,48025-Precinct 5,119,425,550,-0.5564,true
TX,48025-Precinct 6,176,555,737,-0.5142,true
TX,48025-Precinct 9,185,173,362,0.0331,true
TX,48025-Precinct 10,246,305,558,-0.1057,true
TX,48025-Precinct 13,251,636,896,-0.4297,true
TX,48025-Precinct 16,181,442,625,-0.4176,true
TX,48025-Precinct 17,226,420,650,-0.2985,true
TX,48025-Precinct 18,286,845,1138,-0.4912,true
TX,48025-Precinct 19,110,137,249,-0.1084,true
TX,48027-Precinct 101,806,2037,2897,-0.4249,true
TX,48027-Precinct 102,628,1534,2203,-0.4113,true
TX,48027-Precinct 103,465,856,1348,-0.2901,true
TX,48027-Precinct 104,592,2090,2720,-0.5507,true
TX,48027-Precinct 105,225,1086,1324,-0.6503,true
TX,48027-Precinct 106,1198,776,2006,0.2104,true
TX,48027-Precinct 107,95,290,387,-0.5039,true
TX,48027-Precinct 108,182,1158,1353,-0.7214,true
TX,48027-Precinct 109,711,481,1215,0.1893,true
TX,48027-Precinct 110,290,358,652,-0.1043,true
TX,48027-Precinct 111,1230,1804,3068,-0.1871,true
TX,48027-Precinct 113,768,1869,2662,-0.4136,true
TX,48027-Precinct 114,650,1205,1881,-0.2951,true
TX,48027-Precinct 115,1054,2626,3745,-0.4198,true
TX,48027-Precinct 116,440,300,745,0.1879,true
TX,48027-Precinct 118,439,1359,1818,-0.5061,true
TX,48027-Precinct 119,799,1736,2568,-0.3649,true
TX,48027-Precinct 201,806,881,1718,-0.0437,true
TX,48027-Precinct 202,1175,1375,2594,-0.0771,true
TX,48027-Precinct 203,694,2781,3523,-0.5924,true
TX,48027-Precinct 204,440,290,742,0.2022,true
TX,48027-Precinct 205,1445,835,2315,0.2635,true
TX,48027-Precinct 206,943,581,1549,0.2337,true
TX,48027-Precinct 207,916,539,1477,0.2552,true
TX,48027-Precinct 208,1468,924,2427,0.2241,true
TX,48027-Precinct 209,1564,1312,2916,0.0864,true
TX,48027-Precinct 210,2009,1168,3211,0.2619,true
TX,48027-Precinct 211,342,342,697,0,true
TX,48027-Precinct 212,274,510,793,-0.2976,true
TX,48027-Precinct 213,799,3157,4017,-0.587,true
TX,48027-Precinct 214,1318,1384,2734,-0.0241,true
TX,48027-Precinct 215,1658,1139,2839,0.1828,true
TX,48027-Precinct 216,814,1033,1886,-0.1161,true
TX,48027-Precinct 301,555,2729,3330,-0.6529,true
TX,48027-Precinct 302,1095,1698,2832,-0.2129,true
TX,48027-Precinct 303,1300,1642,2989,-0.1144,true
TX,48027-Precinct 304,63,227,291,-0.5636,true
TX,48027-Precinct 305,440,930,1390,-0.3525,true
TX,48027-Precinct 306,970,878,1880,0.0489,true
TX,48027-Precinct 307,939,595,1550,0.2219,true
TX,48027-Precinct 308,1047,1436,2523,-0.1542,true
TX,48027-Precinct 309,162,823,995,-0.6643,true
TX,48027-Precinct 310,53,387,443,-0.754,true
TX,48027-Precinct 311,454,2095,2573,-0.6378,true
TX,48027-Precinct 312,238,1351,1602,-0.6948,true
TX,48027-Precinct 313,1048,1985,3086,-0.3036,true
TX,48027-Precinct 314,672,943,1638,-0.1654,true
TX,48027-Precinct 315,1266,2291,3628,-0.2825,true
TX,48027-Precinct 317,520,1009,1556,-0.3143,true
TX,48027-Precinct 318,1228,2525,3803,-0.341,true
TX,48027-Precinct 319,883,1726,2657,-0.3173,true
TX,48027-Precinct 401,1062,1197,2294,-0.0588,true
TX,48027-Precinct 402,1526,1294,2849,0.0814,true
TX,48027-Precinct 404,956,634,1611,0.1999,true
TX,48027-Precinct 405,1549,803,2373,0.3144,true
TX,48027-Precinct 406,708,609,1340,0.0739,true
TX,48027-Precinct 408,1665,1057,2780,0.2187,true
TX,48027-Precinct 409,808,708,1531,0.0653,true
TX,48027-Precinct 410,536,360,909,0.1936,true
TX,48027-Precinct 412,1179,631,1839,0.298,true
TX,48027-Precinct 413,1423,942,2403,0.2002,true
TX,48027-Precinct 414,1380,630,2045,0.3667,true
TX,48027-Precinct 415,843,540,1392,0.2177,true
TX,48027-Precinct 419,168,670,851,-0.5899,true
TX,48029-1066,200,220,420,-0.0476,true
TX,48029-1067,780,1198,1993,-0.2097,true
TX,48029-1068,1689,1843,3570,-0.0431,true
TX,48029-1063,485,760,1255,-0.2191,true
TX,48029-1065,581,795,1389,-0.1541,true
TX,48029-1095,87,47,138,0.2899,true
TX,48029-1094,1134,820,1977,0.1588,true
TX,48029-1062,102,155,257,-0.2062,true
TX,48029-1075,688,389,1084,0.2758,true
TX,48029-1061,733,466,1217,0.2194,true
TX,48029-1039,766,453,1227,0.2551,true
TX,48029-1058,690,791,1494,-0.0676,true
TX,48029-1107,835,945,1788,-0.0615,true
TX,48029-1105,395,287,689,0.1567,true
TX,48029-1059,181,116,302,0.2152,true
TX,48029-1042,319,197,518,0.2355,true
TX,48029-1047,458,264,727,0.2669,true
TX,48029-1048,676,441,1130,0.208,true
TX,48029-1049,696,435,1139,0.2291,true
TX,48029-4216,218,233,454,-0.033,true
TX,48029-1054,898,616,1535,0.1837,true
TX,48029-1052,645,433,1085,0.1954,true
TX,48029-1051,581,388,978,0.1973,true
TX,48029-1050,264,148,416,0.2788,true
TX,48029-1053,66,45,112,0.1875,true
TX,48029-1091,834,546,1394,0.2066,true
TX,48029-4020,362,242,609,0.197,true
TX,48029-4019,793,507,1315,0.2175,true
TX,48029-1102,318,404,728,-0.1181,true
TX,48029-1057,600,797,1411,-0.1396,true
TX,48029-4215,392,297,697,0.1363,true
TX,48029-4200,1309,845,2169,0.2139,true
TX,48029-4073,566,653,1231,-0.0707,true
TX,48029-4204,1,2,3,-0.3333,true
TX,48029-4074,560,918,1491,-0.2401,true
TX,48029-4086,116,217,338,-0.2988,true
TX,48029-4121,55,99,155,-0.2839,true
TX,48029-4072,778,1730,2523,-0.3773,true
TX,48029-1081,1065,1231,2308,-0.0719,true
TX,48029-1034,2232,1999,4277,0.0545,true
TX,48029-1141,1500,1289,2814,0.075,true
TX,48029-1151,1517,1276,2812,0.0857,true
TX,48029-1100,1054,731,1803,0.1791,true
TX,48029-1083,1057,750,1821,0.1686,true
TX,48029-1156,1091,813,1927,0.1443,true
TX,48029-1069,197,171,371,0.0701,true
TX,48029-1093,495,351,851,0.1692,true
TX,48029-1109,11,6,17,0.2941,true
TX,48029-2125,1686,1548,3271,0.0422,true
TX,48029-2147,194,202,400,-0.02,true
TX,48029-3003,516,602,1131,-0.076,true
TX,48029-2160,5,0,5,1,true
TX,48029-1155,562,403,972,0.1636,true
TX,48029-1112,866,603,1482,0.1775,true
TX,48029-1076,941,644,1601,0.1855,true
TX,48029-1071,624,421,1062,0.1911,true
TX,48029-1036,1041,798,1868,0.1301,true
TX,48029-1012,581,455,1045,0.1206,true
TX,48029-1070,318,205,529,0.2136,true
TX,48029-1085,503,263,773,0.3105,true
TX,48029-1043,458,318,780,0.1795,true
TX,48029-1086,836,494,1343,0.2547,true
TX,48029-1002,247,139,386,0.2798,true
TX,48029-1079,870,596,1485,0.1845,true
TX,48029-1024,1038,674,1729,0.2105,true
TX,48029-1113,1107,670,1800,0.2428,true
TX,48029-1111,1272,877,2182,0.181,true
TX,48029-1080,876,509,1392,0.2636,true
TX,48029-1149,840,550,1409,0.2058,true
TX,48029-1087,491,262,760,0.3013,true
TX,48029-1072,687,371,1071,0.2951,true
TX,48029-1104,1146,831,1999,0.1576,true
TX,48029-1055,735,503,1249,0.1857,true
TX,48029-2068,1462,1171,2664,0.1092,true
TX,48029-2069,1070,691,1777,0.2133,true
TX,48029-2077,916,676,1609,0.1492,true
TX,48029-1035,157,204,366,-0.1284,true
TX,48029-1038,1156,826,2003,0.1648,true
TX,48029-1037,649,401,1054,0.2353,true
TX,48029-1084,510,315,831,0.2347,true
TX,48029-1033,508,381,895,0.1419,true
TX,48029-2044,597,338,945,0.2741,true
TX,48029-1030,24,23,48,0.0208,true
TX,48029-4045,773,557,1352,0.1598,true
TX,48029-4042,116,66,183,0.2732,true
TX,48029-4080,686,463,1163,0.1917,true
TX,48029-4106,122,85,212,0.1745,true
TX,48029-4063,276,200,480,0.1583,true
TX,48029-4064,698,639,1351,0.0437,true
TX,48029-4085,6,25,31,-0.6129,true
TX,48029-4065,714,362,1090,0.3229,true
TX,48029-4160,756,409,1176,0.2951,true
TX,48029-4156,516,268,795,0.3119,true
TX,48029-4143,1314,771,2109,0.2575,true
TX,48029-4101,384,539,932,-0.1663,true
TX,48029-4109,935,586,1534,0.2275,true
TX,48029-4068,699,472,1190,0.1908,true
TX,48029-4046,909,823,1753,0.0491,true
TX,48029-3118,329,283,622,0.074,true
TX,48029-4047,840,552,1408,0.2045,true
TX,48029-4102,241,122,367,0.3243,true
TX,48029-4181,1,0,1,1,true
TX,48029-3159,703,539,1250,0.1312,true
TX,48029-3122,871,802,1686,0.0409,true
TX,48029-3001,1245,1283,2565,-0.0148,true
TX,48029-3154,583,642,1243,-0.0475,true
TX,48029-3083,532,568,1115,-0.0323,true
TX,48029-3085,410,403,826,0.0085,true
TX,48029-3180,400,346,753,0.0717,true
TX,48029-3120,1128,1172,2325,-0.0189,true
TX,48029-3104,913,972,1907,-0.0309,true
TX,48029-1145,657,734,1408,-0.0547,true
TX,48029-3039,1173,1935,3133,-0.2432,true
TX,48029-3153,500,508,1022,-0.0078,true
TX,48029-3059,639,716,1374,-0.056,true
TX,48029-3090,1052,1114,2185,-0.0284,true
TX,48029-4024,894,541,1450,0.2434,true
TX,48029-4033,1246,745,2015,0.2486,true
TX,48029-4037,530,172,708,0.5056,true
TX,48029-4039,453,110,575,0.5965,true
TX,48029-4034,561,359,934,0.2163,true
TX,48029-4036,942,332,1287,0.474,true
TX,48029-4041,836,199,1044,0.6102,true
TX,48029-4062,264,175,445,0.2,true
TX,48029-4077,1466,1127,2608,0.13,true
TX,48029-4070,1161,659,1843,0.2724,true
TX,48029-4167,7,17,24,-0.4167,true
TX,48029-4040,407,121,534,0.5356,true
TX,48029-4082,546,193,748,0.4719,true
TX,48029-4125,14,10,26,0.1538,true
TX,48029-4035,15,8,23,0.3043,true
TX,48029-4044,450,277,739,0.2341,true
TX,48029-4071,218,991,1218,-0.6346,true
TX,48029-4043,998,781,1803,0.1204,true
TX,48029-4058,453,733,1199,-0.2335,true
TX,48029-4081,121,129,253,-0.0316,true
TX,48029-4087,1246,808,2072,0.2114,true
TX,48029-4126,757,818,1590,-0.0384,true
TX,48029-3058,1413,981,2418,0.1787,true
TX,48029-3056,692,514,1237,0.1439,true
TX,48029-3073,616,500,1135,0.1022,true
TX,48029-3074,962,943,1926,0.0099,true
TX,48029-3142,191,160,353,0.0878,true
TX,48029-3126,708,918,1634,-0.1285,true
TX,48029-3096,1164,1492,2684,-0.1222,true
TX,48029-3174,1567,2138,3750,-0.1523,true
TX,48029-3055,883,1957,2869,-0.3743,true
TX,48029-3017,813,1717,2555,-0.3538,true
TX,48029-3034,509,1554,2068,-0.5053,true
TX,48029-3094,1258,1748,3039,-0.1612,true
TX,48029-3097,27,66,95,-0.4105,true
TX,48029-1040,712,357,1079,0.329,true
TX,48029-1090,0,1,1,-1,true
TX,48029-1096,55,26,82,0.3537,true
TX,48029-1026,317,182,506,0.2668,true
TX,48029-1013,772,313,1105,0.4154,true
TX,48029-1029,583,279,874,0.3478,true
TX,48029-2017,254,149,409,0.2567,true
TX,48029-1088,254,132,392,0.3112,true
TX,48029-1078,152,77,230,0.3261,true
TX,48029-2029,306,142,457,0.3589,true
TX,48029-2030,403,178,582,0.3866,true
TX,48029-2103,88,46,135,0.3111,true
TX,48029-2071,184,103,288,0.2813,true
TX,48029-2008,305,155,464,0.3233,true
TX,48029-1022,295,147,446,0.3318,true
TX,48029-1143,1357,1216,2597,0.0543,true
TX,48029-2075,297,127,429,0.3963,true
TX,48029-1023,662,342,1016,0.315,true
TX,48029-1014,394,179,581,0.3701,true
TX,48029-1007,437,208,653,0.3507,true
TX,48029-1015,390,173,572,0.3794,true
TX,48029-1021,503,240,749,0.3511,true
TX,48029-1016,330,145,480,0.3854,true
TX,48029-1097,246,148,398,0.2462,true
TX,48029-1006,744,352,1106,0.3544,true
TX,48029-1005,269,112,388,0.4046,true
TX,48029-2032,172,71,244,0.4139,true
TX,48029-1077,558,235,802,0.4027,true
TX,48029-2018,396,175,574,0.385,true
TX,48029-2031,393,189,590,0.3458,true
TX,48029-2079,176,67,243,0.4486,true
TX,48029-2070,551,264,822,0.3491,true
TX,48029-2002,337,157,498,0.3614,true
TX,48029-1098,556,147,714,0.5728,true
TX,48029-2001,223,107,337,0.3442,true
TX,48029-1001,270,94,368,0.4783,true
TX,48029-2016,312,125,442,0.4231,true
TX,48029-2015,504,229,743,0.3701,true
TX,48029-2074,259,146,405,0.279,true
TX,48029-2014,374,210,589,0.2784,true
TX,48029-2011,540,203,749,0.4499,true
TX,48029-2012,411,146,558,0.4749,true
TX,48029-2013,454,185,646,0.4164,true
TX,48029-2025,931,478,1431,0.3166,true
TX,48029-2081,299,156,464,0.3082,true
TX,48029-2028,845,429,1291,0.3222,true
TX,48029-2111,334,207,546,0.2326,true
TX,48029-2083,350,117,479,0.4864,true
TX,48029-2046,855,362,1226,0.4021,true
TX,48029-2047,679,296,992,0.3861,true
TX,48029-2060,606,301,918,0.3322,true
TX,48029-2062,449,239,693,0.303,true
TX,48029-2007,466,205,680,0.3838,true
TX,48029-2003,547,258,811,0.3564,true
TX,48029-2005,372,141,523,0.4417,true
TX,48029-2004,781,366,1164,0.3565,true
TX,48029-2104,103,39,143,0.4476,true
TX,48029-2033,175,95,274,0.292,true
TX,48029-2034,205,101,311,0.3344,true
TX,48029-4015,622,238,869,0.4419,true
TX,48029-2045,614,181,807,0.5366,true
TX,48029-2039,566,197,774,0.4767,true
TX,48029-2048,534,256,802,0.3466,true
TX,48029-2059,682,376,1066,0.2871,true
TX,48029-2085,493,266,775,0.2929,true
TX,48029-2058,697,401,1110,0.2667,true
TX,48029-4157,764,191,968,0.5919,true
TX,48029-2052,295,157,461,0.2993,true
TX,48029-4155,1050,365,1442,0.475,true
TX,48029-2053,462,204,669,0.3857,true
TX,48029-2057,666,379,1058,0.2713,true
TX,48029-2056,495,239,743,0.3445,true
TX,48029-1115,348,192,544,0.2868,true
TX,48029-1018,274,162,439,0.2551,true
TX,48029-2141,532,377,920,0.1685,true
TX,48029-1017,88,53,143,0.2448,true
TX,48029-1028,211,114,328,0.2957,true
TX,48029-1004,347,138,494,0.4231,true
TX,48029-1019,199,108,316,0.288,true
TX,48029-4048,628,312,964,0.3278,true
TX,48029-1003,947,295,1262,0.5166,true
TX,48029-4018,540,158,713,0.5358,true
TX,48029-1010,265,88,363,0.4876,true
TX,48029-4014,147,75,225,0.32,true
TX,48029-1008,933,257,1204,0.5615,true
TX,48029-4075,220,98,322,0.3789,true
TX,48029-4004,264,119,387,0.3747,true
TX,48029-4124,642,294,940,0.3702,true
TX,48029-4026,1093,569,1674,0.313,true
TX,48029-4016,881,402,1297,0.3693,true
TX,48029-4027,614,285,910,0.3615,true
TX,48029-4025,406,249,664,0.2364,true
TX,48029-4032,553,351,910,0.222,true
TX,48029-4031,556,288,852,0.3146,true
TX,48029-4013,292,165,461,0.2755,true
TX,48029-4002,294,104,401,0.4738,true
TX,48029-4028,958,369,1339,0.4399,true
TX,48029-4029,788,249,1053,0.5119,true
TX,48029-4003,527,147,681,0.558,true
TX,48029-4012,265,115,383,0.3916,true
TX,48029-4011,402,100,507,0.5957,true
TX,48029-4030,131,35,168,0.5714,true
TX,48029-4001,1173,493,1691,0.4021,true
TX,48029-4017,1049,343,1421,0.4968,true
TX,48029-2143,673,572,1256,0.0804,true
TX,48029-2095,781,715,1516,0.0435,true
TX,48029-2164,839,495,1355,0.2539,true
TX,48029-2168,630,376,1015,0.2502,true
TX,48029-2096,909,486,1412,0.2996,true
TX,48029-2166,687,502,1207,0.1533,true
TX,48029-2163,924,778,1734,0.0842,true
TX,48029-3109,1030,810,1871,0.1176,true
TX,48029-3172,230,169,403,0.1514,true
TX,48029-2174,1020,706,1751,0.1793,true
TX,48029-3035,310,284,599,0.0434,true
TX,48029-2169,604,436,1049,0.1602,true
TX,48029-2173,477,320,810,0.1938,true
TX,48029-2091,976,488,1491,0.3273,true
TX,48029-2172,157,105,262,0.1985,true
TX,48029-2110,415,288,709,0.1791,true
TX,48029-2149,657,363,1032,0.2849,true
TX,48029-2175,677,379,1074,0.2775,true
TX,48029-3146,1351,935,2321,0.1792,true
TX,48029-3113,392,221,620,0.2758,true
TX,48029-3149,1627,453,2107,0.5572,true
TX,48029-3143,576,471,1055,0.0995,true
TX,48029-3036,1501,1071,2623,0.1639,true
TX,48029-3029,484,383,878,0.115,true
TX,48029-3095,1238,833,2092,0.1936,true
TX,48029-4091,383,224,616,0.2581,true
TX,48029-2124,268,171,446,0.2175,true
TX,48029-3164,584,977,1574,-0.2497,true
TX,48029-2134,320,177,501,0.2854,true
TX,48029-2148,1231,645,1912,0.3065,true
TX,48029-2009,678,361,1063,0.2982,true
TX,48029-3167,4,4,8,0,true
TX,48029-2064,864,541,1418,0.2278,true
TX,48029-3015,615,489,1119,0.1126,true
TX,48029-3182,324,245,573,0.1379,true
TX,48029-3071,964,667,1657,0.1792,true
TX,48029-3013,706,475,1190,0.1941,true
TX,48029-3112,655,348,1016,0.3022,true
TX,48029-3115,679,720,1413,-0.029,true
TX,48029-3166,201,148,358,0.148,true
TX,48029-3006,408,380,801,0.035,true
TX,48029-3069,1311,1043,2391,0.1121,true
TX,48029-2073,392,250,647,0.2195,true
TX,48029-2080,450,283,743,0.2248,true
TX,48029-2114,680,457,1151,0.1937,true
TX,48029-2100,424,270,707,0.2178,true
TX,48029-2082,468,338,814,0.1597,true
TX,48029-3038,476,388,871,0.101,true
TX,48029-2137,430,248,688,0.2645,true
TX,48029-3067,632,544,1194,0.0737,true
TX,48029-3161,774,616,1411,0.112,true
TX,48029-3068,875,507,1399,0.263,true
TX,48029-3066,747,601,1366,0.1069,true
TX,48029-2092,138,110,252,0.1111,true
TX,48029-3014,181,179,364,0.0055,true
TX,48029-3132,435,268,713,0.2342,true
TX,48029-3075,1029,1357,2416,-0.1358,true
TX,48029-3070,949,874,1839,0.0408,true
TX,48029-3086,579,607,1193,-0.0235,true
TX,48029-3130,617,776,1402,-0.1134,true
TX,48029-3145,1386,1483,2916,-0.0333,true
TX,48029-3077,971,839,1836,0.0719,true
TX,48029-3044,536,541,1095,-0.0046,true
TX,48029-3078,1061,1050,2134,0.0052,true
TX,48029-3119,1060,854,1947,0.1058,true
TX,48029-3076,444,597,1055,-0.145,true
TX,48029-3030,802,883,1700,-0.0476,true
TX,48029-3045,539,642,1187,-0.0868,true
TX,48029-3102,1031,1161,2218,-0.0586,true
TX,48029-3033,570,953,1537,-0.2492,true
TX,48029-2038,537,303,849,0.2756,true
TX,48029-2138,370,228,606,0.2343,true
TX,48029-1031,463,205,671,0.3845,true
TX,48029-2043,299,187,490,0.2286,true
TX,48029-1032,654,255,918,0.4346,true
TX,48029-2019,387,152,542,0.4336,true
TX,48029-2049,933,534,1482,0.2692,true
TX,48029-2140,599,348,958,0.262,true
TX,48029-2090,714,352,1081,0.3349,true
TX,48029-2050,676,370,1055,0.29,true
TX,48029-2061,441,332,791,0.1378,true
TX,48029-3042,800,1041,1866,-0.1292,true
TX,48029-3193,80,72,154,0.0519,true
TX,48029-3194,1448,2551,4024,-0.2741,true
TX,48029-2020,1201,528,1743,0.3861,true
TX,48029-2128,460,302,772,0.2047,true
TX,48029-2042,727,329,1065,0.3737,true
TX,48029-2021,803,402,1219,0.329,true
TX,48029-2022,454,203,664,0.378,true
TX,48029-2023,916,415,1340,0.3739,true
TX,48029-2041,938,501,1451,0.3012,true
TX,48029-2040,921,472,1402,0.3203,true
TX,48029-2151,6,5,11,0.0909,true
TX,48029-2142,180,102,286,0.2727,true
TX,48029-2024,532,328,869,0.2348,true
TX,48029-2026,833,428,1281,0.3162,true
TX,48029-2027,530,240,783,0.3704,true
TX,48029-2098,491,409,908,0.0903,true
TX,48029-2078,852,613,1482,0.1613,true
TX,48029-2097,940,602,1559,0.2168,true
TX,48029-2088,1454,970,2440,0.1984,true
TX,48029-2102,979,805,1802,0.0966,true
TX,48029-2127,952,754,1714,0.1155,true
TX,48029-2072,1118,987,2127,0.0616,true
TX,48029-2087,639,624,1272,0.0118,true
TX,48029-2123,734,775,1522,-0.0269,true
TX,48029-2076,889,731,1642,0.0962,true
TX,48029-2139,681,567,1256,0.0908,true
TX,48029-2066,1423,1208,2665,0.0807,true
TX,48029-2145,137,118,256,0.0742,true
TX,48029-2130,815,566,1396,0.1784,true
TX,48029-2126,515,381,910,0.1473,true
TX,48029-2086,1335,961,2333,0.1603,true
TX,48029-2084,1148,1179,2354,-0.0132,true
TX,48029-2099,594,501,1108,0.0839,true
TX,48029-2170,1409,1168,2614,0.0922,true
TX,48029-2161,82,72,158,0.0633,true
TX,48029-2037,549,457,1019,0.0903,true
TX,48029-2165,1086,932,2033,0.0758,true
TX,48029-3106,464,799,1276,-0.2625,true
TX,48029-3101,957,983,1964,-0.0132,true
TX,48029-3009,7,18,25,-0.44,true
TX,48029-3134,1075,583,1689,0.2913,true
TX,48029-3129,1286,928,2245,0.1595,true
TX,48029-3098,453,463,923,-0.0108,true
TX,48029-2112,645,441,1103,0.185,true
TX,48029-2171,562,375,951,0.1966,true
TX,48029-3087,536,677,1224,-0.1152,true
TX,48029-4076,1249,844,2119,0.1911,true
TX,48029-4152,593,449,1049,0.1373,true
TX,48029-4061,649,387,1042,0.2514,true
TX,48029-4088,1542,908,2477,0.256,true
TX,48029-4060,641,490,1149,0.1314,true
TX,48029-4092,520,532,1066,-0.0113,true
TX,48029-4053,735,624,1368,0.0811,true
TX,48029-4093,841,782,1641,0.036,true
TX,48029-4115,64,71,136,-0.0515,true
TX,48029-4090,712,657,1384,0.0397,true
TX,48029-4163,797,418,1233,0.3074,true
TX,48029-4114,32,16,48,0.3333,true
TX,48029-4067,720,601,1333,0.0893,true
TX,48029-4059,698,656,1372,0.0306,true
TX,48029-4162,722,726,1471,-0.0027,true
TX,48029-4055,455,518,988,-0.0638,true
TX,48029-4130,311,268,588,0.0731,true
TX,48029-4079,438,565,1020,-0.1245,true
TX,48029-4089,1139,972,2144,0.0779,true
TX,48029-4199,491,396,903,0.1052,true
TX,48029-4100,331,290,632,0.0649,true
TX,48029-4104,892,826,1738,0.038,true
TX,48029-4116,14,15,29,-0.0345,true
TX,48029-4105,369,529,903,-0.1772,true
TX,48029-4097,745,809,1567,-0.0408,true
TX,48029-4164,677,854,1548,-0.1143,true
TX,48029-4057,533,721,1270,-0.148,true
TX,48029-3173,1255,1372,2650,-0.0442,true
TX,48029-3163,826,1007,1860,-0.0973,true
TX,48029-3148,516,667,1193,-0.1266,true
TX,48029-3155,989,1166,2185,-0.081,true
TX,48029-3089,1108,2028,3167,-0.2905,true
TX,48029-3139,598,651,1272,-0.0417,true
TX,48029-3065,1100,1287,2422,-0.0772,true
TX,48029-3125,1283,1634,2943,-0.1193,true
TX,48029-3114,676,1042,1751,-0.209,true
TX,48029-3165,1350,1354,2732,-0.0015,true
TX,48029-3007,1126,1227,2380,-0.0424,true
TX,48029-3123,320,456,784,-0.1735,true
TX,48029-3005,1354,2309,3698,-0.2582,true
TX,48029-3088,1392,1566,2981,-0.0584,true
TX,48029-3201,1213,2135,3383,-0.2725,true
TX,48029-4078,213,731,949,-0.5458,true
TX,48029-4137,22,79,103,-0.5534,true
TX,48029-4096,785,538,1337,0.1847,true
TX,48029-4050,490,566,1072,-0.0709,true
TX,48029-4049,864,512,1388,0.2536,true
TX,48029-4051,622,671,1315,-0.0373,true
TX,48029-4021,305,266,576,0.0677,true
TX,48029-4095,530,484,1029,0.0447,true
TX,48029-4052,697,632,1344,0.0484,true
TX,48029-3040,736,751,1511,-0.0099,true
TX,48029-3157,961,990,1971,-0.0147,true
TX,48029-4173,514,449,977,0.0665,true
TX,48029-3084,1144,1189,2362,-0.0191,true
TX,48029-3108,601,715,1323,-0.0862,true
TX,48029-3110,1058,1074,2157,-0.0074,true
TX,48029-4171,537,464,1009,0.0723,true
TX,48029-4094,648,557,1214,0.075,true
TX,48029-4172,422,403,830,0.0229,true
TX,48029-3028,715,738,1472,-0.0156,true
TX,48029-4108,1103,988,2117,0.0543,true
TX,48029-4179,961,996,1986,-0.0176,true
TX,48029-3100,1260,1218,2511,0.0167,true
TX,48029-4005,702,206,933,0.5316,true
TX,48029-2035,703,180,892,0.5863,true
TX,48029-4006,276,104,385,0.4468,true
TX,48029-4122,43,17,62,0.4194,true
TX,48029-4119,221,72,297,0.5017,true
TX,48029-2036,845,341,1205,0.4183,true
TX,48029-2055,979,247,1253,0.5842,true
TX,48029-2054,851,276,1141,0.5039,true
TX,48029-3018,695,702,1421,-0.0049,true
TX,48029-2094,63,52,116,0.0948,true
TX,48029-3141,2,0,2,1,true
TX,48029-3053,712,682,1410,0.0213,true
TX,48029-3020,1061,808,1896,0.1334,true
TX,48029-3026,549,554,1116,-0.0045,true
TX,48029-4010,721,210,946,0.5402,true
TX,48029-4009,261,103,371,0.4259,true
TX,48029-4110,552,164,727,0.5337,true
TX,48029-4008,306,182,491,0.2525,true
TX,48029-3025,662,642,1320,0.0152,true
TX,48029-3021,632,1217,1866,-0.3135,true
TX,48029-4112,293,276,577,0.0295,true
TX,48029-4007,332,380,721,-0.0666,true
TX,48029-3022,645,608,1266,0.0292,true
TX,48029-2144,794,443,1248,0.2813,true
TX,48029-2121,174,117,293,0.1945,true
TX,48029-2135,256,125,388,0.3376,true
TX,48029-2010,427,315,752,0.1489,true
TX,48029-2150,5,1,6,0.6667,true
TX,48029-3063,751,597,1361,0.1132,true
TX,48029-3080,361,424,796,-0.0791,true
TX,48029-3046,677,521,1209,0.129,true
TX,48029-3047,755,632,1405,0.0875,true
TX,48029-3027,541,506,1065,0.0329,true
TX,48029-3156,5,3,8,0.25,true
TX,48029-4038,1075,605,1702,0.2761,true
TX,48029-3048,701,513,1230,0.1528,true
TX,48029-3049,761,820,1600,-0.0369,true
TX,48029-3050,379,363,750,0.0213,true
TX,48029-3061,686,560,1258,0.1002,true
TX,48029-3060,768,601,1383,0.1208,true
TX,48029-3079,1202,1133,2356,0.0293,true
TX,48029-3091,255,489,751,-0.3116,true
TX,48029-3117,1048,1161,2232,-0.0506,true
TX,48029-3081,779,678,1472,0.0686,true
TX,48029-3092,728,1294,2040,-0.2775,true
TX,48029-1129,1701,1278,3012,0.1404,true
TX,48029-2065,832,666,1528,0.1086,true
TX,48029-3043,814,1441,2282,-0.2748,true
TX,48029-3124,1975,2459,4472,-0.1082,true
TX,48029-3093,818,1062,1903,-0.1282,true
TX,48029-3105,1131,1184,2340,-0.0226,true
TX,48029-2176,497,393,902,0.1153,true
TX,48029-3010,242,123,367,0.3243,true
TX,48029-3051,121,169,291,-0.1649,true
TX,48029-3128,15,20,37,-0.1351,true
TX,48029-2167,4,7,12,-0.25,true
TX,48029-2162,390,182,580,0.3586,true
TX,48029-2122,543,263,814,0.344,true
TX,48029-2113,7,12,20,-0.25,true
TX,48029-3011,422,328,755,0.1245,true
TX,48029-3135,367,222,594,0.2441,true
TX,48029-3057,225,238,469,-0.0277,true
TX,48029-3062,22,18,40,0.1,true
TX,48029-3138,11,35,48,-0.5,true
TX,48029-4147,101,70,176,0.1761,true
TX,48029-4120,73,47,121,0.2149,true
TX,48029-2108,416,416,843,0,true
TX,48029-4066,1173,761,1958,0.2104,true
TX,48029-4161,294,98,397,0.4937,true
TX,48029-4168,768,473,1252,0.2356,true
TX,48029-4150,1000,605,1632,0.242,true
TX,48029-4098,481,458,963,0.0239,true
TX,48029-4141,89,54,144,0.2431,true
TX,48029-4145,1,2,3,-0.3333,true
TX,48029-4191,1,0,1,1,true
TX,48029-4196,1,1,2,0,true
TX,48029-4197,0,2,2,-1,true
TX,48029-3041,282,226,510,0.1098,true
TX,48029-4158,160,104,266,0.2105,true
TX,48029-4117,195,154,353,0.1161,true
TX,48029-4142,168,56,226,0.4956,true
TX,48029-4166,130,76,208,0.2596,true
TX,48029-4183,51,11,64,0.625,true
TX,48029-4186,51,17,68,0.5,true
TX,48029-4184,10,2,12,0.6667,true
TX,48029-4128,63,31,95,0.3368,true
TX,48029-4123,64,28,94,0.383,true
TX,48029-4111,73,18,94,0.5851,true
TX,48029-4131,123,96,225,0.12,true
TX,48029-4170,111,117,229,-0.0262,true
TX,48029-4169,119,100,221,0.086,true
TX,48029-3103,268,255,530,0.0245,true
TX,48029-4148,47,53,100,-0.06,true
TX,48029-3064,185,131,322,0.1677,true
TX,48029-3031,9,8,17,0.0588,true
TX,48029-2131,186,114,308,0.2338,true
TX,48029-4084,481,276,768,0.2669,true
TX,48029-1117,113,69,183,0.2404,true
TX,48029-1120,49,17,68,0.4706,true
TX,48029-2118,9,2,11,0.6364,true
TX,48029-2117,233,88,321,0.4517,true
TX,48029-1119,46,16,62,0.4839,true
TX,48029-2089,149,73,225,0.3378,true
TX,48029-1041,580,306,896,0.3058,true
TX,48029-1045,992,633,1639,0.219,true
TX,48029-1060,929,571,1521,0.2354,true
TX,48029-4113,317,123,447,0.434,true
TX,48029-2067,131,47,179,0.4693,true
TX,48029-4203,165,39,207,0.6087,true
TX,48029-4185,0,1,1,-1,true
TX,48029-2101,21,46,67,-0.3731,true
TX,48029-4154,200,207,413,-0.0169,true
TX,48029-3002,873,1078,1967,-0.1042,true
TX,48029-2063,653,952,1618,-0.1848,true
TX,48029-3151,1001,1284,2309,-0.1226,true
TX,48029-3099,1256,1360,2658,-0.0391,true
TX,48029-3144,494,431,938,0.0672,true
TX,48029-3116,550,791,1354,-0.178,true
TX,48029-3072,1469,1913,3424,-0.1297,true
TX,48029-4056,917,1003,1939,-0.0444,true
TX,48029-4146,12,9,21,0.1429,true
TX,48029-4201,4,10,14,-0.4286,true
TX,48029-4099,363,283,658,0.1216,true
TX,48029-1154,942,729,1686,0.1263,true
TX,48029-1009,601,494,1109,0.0965,true
TX,48029-1123,140,217,358,-0.2151,true
TX,48029-3152,273,354,641,-0.1264,true
TX,48029-2093,629,464,1111,0.1485,true
TX,48029-4144,150,218,368,-0.1848,true
TX,48029-1046,658,339,1005,0.3174,true
TX,48029-2146,23,14,37,0.2432,true
TX,48029-4023,772,621,1405,0.1075,true
TX,48029-4194,228,235,466,-0.015,true
TX,48029-4149,128,101,230,0.1174,true
TX,48029-4022,39,38,77,0.013,true
TX,48029-4151,280,553,845,-0.3231,true
TX,48029-2051,266,127,407,0.3415,true
TX,48029-4069,264,440,707,-0.2489,true
TX,48029-4159,6,4,10,0.2,true
TX,48029-4193,53,14,68,0.5735,true
TX,48029-3012,596,882,1499,-0.1908,true
TX,48029-4190,0,2,3,-0.6667,true
TX,48029-1056,1394,1168,2592,0.0872,true
TX,48029-4214,830,691,1535,0.0906,true
TX,48029-1064,310,341,658,-0.0471,true
TX,48029-1118,1893,1673,3596,0.0612,true
TX,48029-2119,117,51,170,0.3882,true
TX,48029-3158,23,39,63,-0.254,true
TX,48029-1044,653,391,1052,0.249,true
TX,48029-4176,332,339,681,-0.0103,true
TX,48029-2133,153,102,259,0.1969,true
TX,48029-4136,1517,1660,3213,-0.0445,true
TX,48029-1144,1144,1527,2692,-0.1423,true
TX,48029-2105,173,72,247,0.4089,true
TX,48029-4198,768,470,1256,0.2373,true
TX,48029-4118,15,35,52,-0.3846,true
TX,48029-1074,7,4,11,0.2727,true
TX,48029-3169,34,57,95,-0.2421,true
TX,48029-3160,557,661,1229,-0.0846,true
TX,48029-3008,34,38,72,-0.0556,true
TX,48029-4165,78,90,171,-0.0702,true
TX,48029-4177,21,3,25,0.72,true
TX,48029-1092,567,395,972,0.177,true
TX,48029-1114,185,199,385,-0.0364,true
TX,48029-2152,174,94,275,0.2909,true
TX,48029-2106,165,95,265,0.2642,true
TX,48029-4107,473,374,853,0.1161,true
TX,48029-4174,380,344,735,0.049,true
TX,48029-2157,0,1,1,-1,true
TX,48029-2156,478,210,699,0.3834,true
TX,48029-2153,104,75,180,0.1611,true
TX,48029-3176,33,28,61,0.082,true
TX,48029-1127,157,92,250,0.26,true
TX,48029-1025,152,89,242,0.2603,true
TX,48029-1133,0,4,4,-1,true
TX,48029-1136,46,41,87,0.0575,true
TX,48029-2115,2102,2014,4157,0.0212,true
TX,48029-2006,4,2,6,0.3333,true
TX,48029-2159,76,75,152,0.0066,true
TX,48029-3179,0,1,1,-1,true
TX,48029-3181,910,1148,2086,-0.1141,true
TX,48029-3082,805,845,1672,-0.0239,true
TX,48029-3175,227,180,413,0.1138,true
TX,48029-3183,1,10,11,-0.8182,true
TX,48029-3147,40,11,51,0.5686,true
TX,48029-4205,44,39,84,0.0595,true
TX,48029-4206,199,157,357,0.1176,true
TX,48029-4209,7,53,60,-0.7667,true
TX,48029-4210,5,3,8,0.25,true
TX,48029-4211,17,5,22,0.5455,true
TX,48029-4133,3,12,15,-0.6,true
TX,48029-4153,126,133,265,-0.0264,true
TX,48029-4180,0,3,3,-1,true
TX,48029-4129,27,61,88,-0.3864,true
TX,48029-4127,15,15,30,0,true
TX,48029-3184,44,72,117,-0.2393,true
TX,48029-3186,41,27,69,0.2029,true
TX,48029-3191,90,101,194,-0.0567,true
TX,48029-3189,476,382,876,0.1073,true
TX,48029-3185,92,113,210,-0.1,true
TX,48029-3190,188,105,299,0.2776,true
TX,48029-1027,187,154,343,0.0962,true
TX,48029-1103,774,764,1550,0.0065,true
TX,48029-1116,479,488,979,-0.0092,true
TX,48029-1125,817,733,1573,0.0534,true
TX,48029-1146,71,76,150,-0.0333,true
TX,48029-1128,1010,879,1916,0.0684,true
TX,48029-1073,1282,1089,2398,0.0805,true
TX,48029-1138,339,192,539,0.2727,true
TX,48029-1139,869,499,1387,0.2668,true
TX,48029-1140,386,348,744,0.0511,true
TX,48029-1150,1005,857,1883,0.0786,true
TX,48029-1142,692,502,1209,0.1572,true
TX,48029-3054,59,20,80,0.4875,true
TX,48029-2107,1233,981,2242,0.1124,true
TX,48029-2136,1474,1310,2819,0.0582,true
TX,48029-2120,1678,1488,3207,0.0592,true
TX,48029-3195,926,426,1366,0.366,true
TX,48029-3196,3,9,13,-0.4615,true
TX,48029-3198,264,278,549,-0.0255,true
TX,48029-3199,1048,1358,2429,-0.1276,true
TX,48029-3202,466,580,1063,-0.1072,true
TX,48029-3203,251,337,592,-0.1453,true
TX,48029-4132,998,540,1558,0.294,true
TX,48029-4083,279,222,511,0.1115,true
TX,48029-4189,384,236,627,0.236,true
TX,48029-1147,986,681,1686,0.1809,true
TX,48029-1148,359,274,638,0.1332,true
TX,48029-1099,1050,700,1773,0.1974,true
TX,48029-1121,1261,1065,2347,0.0835,true
TX,48029-1110,1180,930,2135,0.1171,true
TX,48029-2154,1516,1271,2820,0.0869,true
TX,48029-3162,1055,962,2046,0.0455,true
TX,48029-3168,251,211,471,0.0849,true
TX,48029-4213,11,18,30,-0.2333,true
TX,48029-1089,21,6,27,0.5556,true
TX,48029-1011,319,166,489,0.3129,true
TX,48029-1020,559,351,922,0.2256,true
TX,48029-1124,84,33,117,0.4359,true
TX,48029-1132,150,117,268,0.1231,true
TX,48029-2178,530,155,701,0.535,true
TX,48029-2179,24,18,42,0.1429,true
TX,48029-3019,91,52,145,0.269,true
TX,48029-3023,19,31,51,-0.2353,true
TX,48029-3037,45,29,76,0.2105,true
TX,48029-3140,7,10,17,-0.1765,true
TX,48029-4217,33,22,58,0.1897,true
TX,48029-4218,19,6,26,0.5,true
TX,48029-4219,0,1,1,-1,true
TX,48029-4222,88,135,227,-0.207,true
TX,48029-4223,3,10,13,-0.5385,true
TX,48029-3032,4,15,19,-0.5789,true
TX,48029-4220,4,2,6,0.3333,true
TX,48029-4226,52,71,124,-0.1532,true
TX,48029-4225,199,245,449,-0.1024,true
TX,48029-4054,1355,1192,2570,0.0634,true
TX,48029-2182,1105,1106,2228,-0.0004,true
TX,48029-2181,1089,928,2035,0.0791,true
TX,48029-2180,1011,792,1818,0.1205,true
TX,48029-1152,612,540,1158,0.0622,true
TX,48029-1153,831,776,1620,0.034,true
TX,48029-1122,1137,949,2106,0.0893,true
TX,48029-3052,476,637,1128,-0.1427,true
TX,48029-3137,1082,1344,2449,-0.107,true
TX,48029-1082,1048,688,1746,0.2062,true
TX,48029-1108,653,519,1181,0.1135,true
TX,48029-1157,883,580,1484,0.2042,true
TX,48029-3107,319,673,994,-0.3561,true
TX,48029-3127,680,726,1430,-0.0322,true
TX,48029-3121,1042,1159,2231,-0.0524,true
TX,48029-4228,299,161,466,0.2961,true
TX,48029-4229,637,389,1042,0.238,true
TX,48029-4230,745,365,1130,0.3363,true
TX,48029-3136,352,232,591,0.203,true
TX,48029-1158,418,272,694,0.2104,true
TX,48029-1159,104,52,157,0.3312,true
TX,48029-3150,41,10,51,0.6078,true
TX,48031-Precinct 102,438,1775,2246,-0.5953,true
TX,48031-Precinct 201,473,1555,2063,-0.5245,true
TX,48031-Precinct 302,326,868,1208,-0.4487,true
TX,48031-Precinct 303,199,661,875,-0.528,true
TX,48031-Precinct 401,537,1588,2154,-0.4879,true
TX,48033-Precinct 2,2,124,126,-0.9683,true
TX,48033-Precinct 3,5,83,89,-0.8764,true
TX,48033-Precinct 4,3,73,76,-0.9211,true
TX,48033-Precinct 1A,0,48,48,-1,true
TX,48033-Precinct 1B,6,42,48,-0.75,true
TX,48035-Precinct 1,50,535,589,-0.8234,true
TX,48035-Precinct 2,104,553,664,-0.6762,true
TX,48035-Precinct 3,123,688,818,-0.6907,true
TX,48035-Precinct 4,64,388,454,-0.7137,true
TX,48035-Precinct 5,237,1117,1367,-0.6437,true
TX,48035-Precinct 6,151,817,979,-0.6803,true
TX,48035-Precinct 7,70,496,575,-0.7409,true
TX,48035-Precinct 8,331,1374,1721,-0.606,true
TX,48035-Precinct 9,106,515,626,-0.6534,true
TX,48035-Precinct 10,190,876,1078,-0.6364,true
TX,48035-Precinct 11,98,610,715,-0.7161,true
TX,48037-Precinct 7,834,1562,2421,-0.3007,true
TX,48037-Precinct 9,546,1065,1624,-0.3196,true
TX,48037-Precinct 10,238,1198,1445,-0.6644,true
TX,48037-Precinct 11,87,638,728,-0.7569,true
TX,48037-Precinct 12,242,1664,1922,-0.7399,true
TX,48037-Precinct 13,3,5,8,-0.25,true
TX,48037-Precinct 14,104,679,785,-0.7325,true
TX,48037-Precinct 15,42,393,438,-0.8014,true
TX,48037-Precinct 16,76,883,964,-0.8371,true
TX,48037-Precinct 17,140,1170,1320,-0.7803,true
TX,48037-Precinct 18,266,1280,1554,-0.6525,true
TX,48037-Precinct 19,46,599,648,-0.8534,true
TX,48037-Precinct 20,40,187,227,-0.6476,true
TX,48037-Precinct 21,30,174,205,-0.7024,true
TX,48037-Precinct 22,35,135,171,-0.5848,true
TX,48037-Precinct 24,28,402,430,-0.8698,true
TX,48037-Precinct 25,109,728,842,-0.7352,true
TX,48037-Precinct 27,19,519,539,-0.9276,true
TX,48037-Precinct 28,31,584,618,-0.8948,true
TX,48037-Precinct 29,23,269,294,-0.8367,true
TX,48037-Precinct 30,361,1327,1699,-0.5686,true
TX,48037-Precinct 1A,356,82,445,0.6157,true
TX,48037-Precinct 1B,350,190,548,0.292,true
TX,48037-Precinct 2A,395,165,565,0.4071,true
TX,48037-Precinct 2B,131,76,209,0.2632,true
TX,48037-Precinct 2C,320,72,398,0.6231,true
TX,48037-Precinct 2D,18,8,26,0.3846,true
TX,48037-Precinct 3A,253,514,783,-0.3333,true
TX,48037-Precinct 3B,264,281,553,-0.0307,true
TX,48037-Precinct 4A,280,205,493,0.1521,true
TX,48037-Precinct 4B,287,533,826,-0.2978,true
TX,48037-Precinct 4C,244,231,482,0.027,true
TX,48037-Precinct 4D,9,23,33,-0.4242,true
TX,48037-Precinct 5A,48,81,130,-0.2538,true
TX,48037-Precinct 5B,1,0,1,1,true
TX,48037-Precinct 5C,807,2396,3236,-0.491,true
TX,48037-Precinct 6A,440,1064,1524,-0.4094,true
TX,48037-Precinct 6B,340,1128,1484,-0.531,true
TX,48037-Precinct 8A,273,177,453,0.2119,true
TX,48037-Precinct 8B,490,1573,2083,-0.5199,true
TX,48037-Precinct 8C,150,734,890,-0.6562,true
TX,48037-Precinct 9A,30,176,206,-0.7087,true
TX,48037-Precinct 11A,169,1184,1362,-0.7452,true
TX,48037-Precinct 12A,0,56,56,-1,true
TX,48037-Precinct 14A,239,431,671,-0.2861,true
TX,48037-Precinct 16A,7,44,51,-0.7255,true
TX,48037-Precinct 18A,10,58,69,-0.6957,true
TX,48037-Precinct 20A,61,88,150,-0.18,true
TX,48037-Precinct 22A,10,91,102,-0.7941,true
TX,48039-Precinct 1,776,1775,2575,-0.388,true
TX,48039-Precinct 2,608,2044,2672,-0.5374,true
TX,48039-Precinct 3,764,2286,3081,-0.494,true
TX,48039-Precinct 4,499,1698,2216,-0.5411,true
TX,48039-Precinct 5,301,1318,1632,-0.6232,true
TX,48039-Precinct 6,135,1103,1258,-0.7695,true
TX,48039-Precinct 7,509,770,1290,-0.2023,true
TX,48039-Precinct 8,106,401,512,-0.5762,true
TX,48039-Precinct 9,363,605,977,-0.2477,true
TX,48039-Precinct 10,109,633,744,-0.7043,true
TX,48039-Precinct 11,1915,1848,3810,0.0176,true
TX,48039-Precinct 12,933,1503,2475,-0.2303,true
TX,48039-Precinct 13,1293,1911,3252,-0.19,true
TX,48039-Precinct 14,676,2702,3399,-0.5961,true
TX,48039-Precinct 15,228,1643,1878,-0.7535,true
TX,48039-Precinct 16,334,932,1281,-0.4668,true
TX,48039-Precinct 17,587,801,1398,-0.1531,true
TX,48039-Precinct 18,1101,2310,3457,-0.3497,true
TX,48039-Precinct 19,391,631,1038,-0.2312,true
TX,48039-Precinct 20,197,839,1043,-0.6155,true
TX,48039-Precinct 21,1520,714,2254,0.3576,true
TX,48039-Precinct 22,753,2240,3029,-0.4909,true
TX,48039-Precinct 23,720,1962,2713,-0.4578,true
TX,48039-Precinct 24,227,861,1097,-0.5779,true
TX,48039-Precinct 25,253,895,1162,-0.5525,true
TX,48039-Precinct 26,1254,1561,2859,-0.1074,true
TX,48039-Precinct 27,816,882,1733,-0.0381,true
TX,48039-Precinct 28,1151,1768,3003,-0.2055,true
TX,48039-Precinct 29,1482,1041,2569,0.1717,true
TX,48039-Precinct 30,469,1762,2252,-0.5742,true
TX,48039-Precinct 31,149,691,847,-0.6399,true
TX,48039-Precinct 32,324,1569,1906,-0.6532,true
TX,48039-Precinct 33,347,1127,1490,-0.5235,true
TX,48039-Precinct 34,563,1618,2199,-0.4798,true
TX,48039-Precinct 35,217,1060,1288,-0.6545,true
TX,48039-Precinct 36,377,762,1150,-0.3348,true
TX,48039-Precinct 37,1070,1668,2772,-0.2157,true
TX,48039-Precinct 38,134,341,485,-0.4268,true
TX,48039-Precinct 39,704,1831,2553,-0.4414,true
TX,48039-Precinct 40,333,1228,1578,-0.5672,true
TX,48039-Precinct 41,889,634,1555,0.164,true
TX,48039-Precinct 42,156,305,468,-0.3184,true
TX,48039-Precinct 43,863,2034,2918,-0.4013,true
TX,48039-Precinct 44,1899,1237,3205,0.2066,true
TX,48039-Precinct 45,641,1700,2370,-0.4468,true
TX,48039-Precinct 46,1195,2103,3345,-0.2714,true
TX,48039-Precinct 47,788,1181,2005,-0.196,true
TX,48039-Precinct 48,615,1462,2099,-0.4035,true
TX,48039-Precinct 49,229,1415,1656,-0.7162,true
TX,48039-Precinct 50,1539,567,2171,0.4477,true
TX,48039-Precinct 51,633,1838,2506,-0.4808,true
TX,48039-Precinct 52,673,1486,2182,-0.3726,true
TX,48039-Precinct 53,1655,701,2398,0.3978,true
TX,48039-Precinct 54,1259,820,2115,0.2076,true
TX,48039-Precinct 55,610,1557,2181,-0.4342,true
TX,48039-Precinct 56,1061,2366,3462,-0.3769,true
TX,48039-Precinct 57,226,664,894,-0.4899,true
TX,48039-Precinct 58,1510,922,2470,0.2381,true
TX,48039-Precinct 59,1189,635,1915,0.2893,true
TX,48039-Precinct 60,1700,1758,3518,-0.0165,true
TX,48039-Precinct 61,183,642,835,-0.5497,true
TX,48039-Precinct 62,1620,1172,2840,0.1577,true
TX,48039-Precinct 63,2008,744,2786,0.4537,true
TX,48039-Precinct 64,133,216,354,-0.2345,true
TX,48039-Precinct 65,1497,1649,3169,-0.048,true
TX,48039-Precinct 66,2160,1102,3345,0.3163,true
TX,48039-Precinct 67,1213,497,1759,0.407,true
TX,48039-Precinct 68,1571,671,2257,0.3988,true
TX,48039-Precinct 69,1184,611,1843,0.3109,true
TX,48039-Precinct 70,2252,1270,3603,0.2726,true
TX,48039-Precinct 71,501,304,816,0.2414,true
TX,48039-Precinct 72,1095,564,1713,0.31,true
TX,48039-Precinct 73,848,477,1338,0.2773,true
TX,48039-Precinct 74,49,167,218,-0.5413,true
TX,48039-Precinct 75,567,1572,2151,-0.4672,true
TX,48039-Precinct 76,238,883,1131,-0.5703,true
TX,48039-Precinct 77,751,1874,2657,-0.4227,true
TX,48039-Precinct 78,507,775,1296,-0.2068,true
TX,48039-Precinct 79,1253,553,1827,0.3831,true
TX,48039-Precinct 80,328,1405,1748,-0.6161,true
TX,48041-Precinct 1,378,1472,1871,-0.5847,true
TX,48041-Precinct 2,524,1309,1854,-0.4234,true
TX,48041-Precinct 3,227,457,693,-0.3319,true
TX,48041-Precinct 4,587,204,798,0.4799,true
TX,48041-Precinct 5,244,1259,1510,-0.6722,true
TX,48041-Precinct 6,139,775,921,-0.6906,true
TX,48041-Precinct 7,168,853,1027,-0.667,true
TX,48041-Precinct 8,517,538,1086,-0.0193,true
TX,48041-Precinct 9,315,534,861,-0.2544,true
TX,48041-Precinct 10,1073,1952,3089,-0.2846,true
TX,48041-Precinct 11,637,539,1213,0.0808,true
TX,48041-Precinct 12,1152,1867,3075,-0.2325,true
TX,48041-Precinct 13,551,878,1459,-0.2241,true
TX,48041-Precinct 14,940,691,1648,0.1511,true
TX,48041-Precinct 15,583,1014,1621,-0.2659,true
TX,48041-Precinct 16,363,254,623,0.175,true
TX,48041-Precinct 17,956,940,1930,0.0083,true
TX,48041-Precinct 18,198,74,275,0.4509,true
TX,48041-Precinct 19,137,171,313,-0.1086,true
TX,48041-Precinct 20,1191,870,2107,0.1523,true
TX,48041-Precinct 21,619,366,1014,0.2495,true
TX,48041-Precinct 22,81,94,176,-0.0739,true
TX,48041-Precinct 23,8,67,76,-0.7763,true
TX,48041-Precinct 24,621,762,1399,-0.1008,true
TX,48041-Precinct 25,383,159,548,0.4088,true
TX,48041-Precinct 26,992,2208,3248,-0.3744,true
TX,48041-Precinct 27,555,2218,2814,-0.591,true
TX,48041-Precinct 28,223,731,966,-0.5259,true
TX,48041-Precinct 29,201,432,642,-0.3598,true
TX,48041-Precinct 30,706,791,1518,-0.056,true
TX,48041-Precinct 31,934,1194,2169,-0.1199,true
TX,48041-Precinct 32,192,255,455,-0.1385,true
TX,48041-Precinct 33,457,366,837,0.1087,true
TX,48041-Precinct 34,606,585,1218,0.0172,true
TX,48041-Precinct 35,1307,1681,3031,-0.1234,true
TX,48041-Precinct 36,1138,1679,2856,-0.1894,true
TX,48041-Precinct 37,16,115,132,-0.75,true
TX,48041-Precinct 38,198,224,427,-0.0609,true
TX,48041-Precinct 39,477,754,1252,-0.2212,true
TX,48041-Precinct 40,1066,2052,3165,-0.3115,true
TX,48041-Precinct 41,488,1214,1730,-0.4197,true
TX,48041-Precinct 43,117,182,304,-0.2138,true
TX,48041-Precinct 44,24,95,119,-0.5966,true
TX,48041-Precinct 45,27,82,110,-0.5,true
TX,48041-Precinct 46,112,173,287,-0.2125,true
TX,48041-Precinct 47,127,185,315,-0.1841,true
TX,48041-Precinct 48,40,160,201,-0.597,true
TX,48041-Precinct 49,93,62,157,0.1975,true
TX,48041-Precinct 50,0,2,2,-1,true
TX,48041-Precinct 52,0,7,8,-0.875,true
TX,48041-Precinct 53,46,59,107,-0.1215,true
TX,48041-Precinct 54,106,431,544,-0.5974,true
TX,48041-Precinct 55,914,889,1836,0.0136,true
TX,48041-Precinct 56,33,89,122,-0.459,true
TX,48041-Precinct 57,71,49,124,0.1774,true
TX,48041-Precinct 58,296,392,696,-0.1379,true
TX,48041-Precinct 59,3,20,23,-0.7391,true
TX,48041-Precinct 60,4,83,88,-0.8977,true
TX,48041-Precinct 61,13,37,51,-0.4706,true
TX,48041-Precinct 62,337,363,715,-0.0364,true
TX,48041-Precinct 63,619,1593,2237,-0.4354,true
TX,48041-Precinct 64,906,2239,3181,-0.4191,true
TX,48041-Precinct 65,40,151,191,-0.5812,true
TX,48041-Precinct 66,312,471,789,-0.2015,true
TX,48041-Precinct 67,48,121,173,-0.422,true
TX,48041-Precinct 69,1089,2311,3454,-0.3538,true
TX,48041-Precinct 70,598,883,1516,-0.188,true
TX,48041-Precinct 71,25,82,110,-0.5182,true
TX,48041-Precinct 72,50,53,105,-0.0286,true
TX,48041-Precinct 73,671,1918,2627,-0.4747,true
TX,48041-Precinct 74,455,343,814,0.1376,true
TX,48041-Precinct 75,721,856,1601,-0.0843,true
TX,48041-Precinct 76,906,1282,2232,-0.1685,true
TX,48041-Precinct 77,102,203,307,-0.329,true
TX,48041-Precinct 78,34,135,170,-0.5941,true
TX,48041-Precinct 79,27,32,60,-0.0833,true
TX,48041-Precinct 80,964,2041,3077,-0.35,true
TX,48041-Precinct 81,15,46,63,-0.4921,true
TX,48041-Precinct 82,68,234,306,-0.5425,true
TX,48041-Precinct 83,2,10,12,-0.6667,true
TX,48041-Precinct 84,0,2,2,-1,true
TX,48041-Precinct 85,0,3,3,-1,true
TX,48041-Precinct 88,788,1470,2290,-0.2978,true
TX,48041-Precinct 89A,2,2,4,0,true
TX,48041-Precinct 90,7,12,20,-0.25,true
TX,48041-Precinct 91A,0,4,4,-1,true
TX,48041-Precinct 91B,0,2,2,-1,true
TX,48041-Precinct 96,0,1,1,-1,true
TX,48041-Precinct 98,0,2,2,-1,true
TX,48041-Precinct 100,466,1027,1521,-0.3688,true
TX,48041-Precinct 101,5,15,20,-0.5,true
TX,48041-Precinct 102,117,222,348,-0.3017,true
TX,48041-Precinct 103,108,592,709,-0.6827,true
TX,48041-Precinct 105,13,38,51,-0.4902,true
TX,48041-Precinct 106,92,61,155,0.2,true
TX,48041-Precinct 107,83,256,348,-0.4971,true
TX,48043-Precinct 1,415,833,1267,-0.3299,true
TX,48043-Precinct 2,407,397,817,0.0122,true
TX,48043-Precinct 3,140,136,279,0.0143,true
TX,48043-Precinct 4,418,617,1047,-0.1901,true
TX,48043-Precinct 5,49,36,90,0.1444,true
TX,48043-Precinct 6,225,289,523,-0.1224,true
TX,48043-Precinct 7,62,48,110,0.1273,true
TX,48043-Precinct 8,253,189,445,0.1438,true
TX,48045-Precinct 1,12,108,120,-0.8,true
TX,48045-Precinct 2,22,161,186,-0.7473,true
TX,48045-Precinct 3,15,170,188,-0.8245,true
TX,48045-Precinct 4,20,197,217,-0.8157,true
TX,48045-Precinct 6,3,30,34,-0.7941,true
TX,48047-Precinct 1,325,229,560,0.1714,true
TX,48047-Precinct 2,309,294,608,0.0247,true
TX,48047-Precinct 3,273,185,462,0.1905,true
TX,48047-Precinct 4,332,288,622,0.0707,true
TX,48047-Precinct 3S,69,81,150,-0.08,true
TX,48049-Precinct 101,240,1393,1648,-0.6996,true
TX,48049-Precinct 105,195,1021,1222,-0.6759,true
TX,48049-Precinct 109,21,254,275,-0.8473,true
TX,48049-Precinct 113,184,1083,1275,-0.7051,true
TX,48049-Precinct 202,132,637,774,-0.6525,true
TX,48049-Precinct 204,208,865,1083,-0.6066,true
TX,48049-Precinct 212,64,603,668,-0.8069,true
TX,48049-Precinct 214,58,615,678,-0.8215,true
TX,48049-Precinct 215,23,225,251,-0.8048,true
TX,48049-Precinct 303,115,560,679,-0.6554,true
TX,48049-Precinct 306,141,1232,1390,-0.7849,true
TX,48049-Precinct 307,61,524,590,-0.7847,true
TX,48049-Precinct 308,25,443,471,-0.8875,true
TX,48049-Precinct 316,14,161,176,-0.8352,true
TX,48049-Precinct 318,150,1176,1336,-0.768,true
TX,48049-Precinct 410,161,1770,1939,-0.8298,true
TX,48049-Precinct 411,176,591,775,-0.5355,true
TX,48049-Precinct 417,163,1438,1620,-0.787,true
TX,48051-Precinct 113,66,511,580,-0.7672,true
TX,48051-Precinct 114,251,1035,1297,-0.6045,true
TX,48051-Precinct 203,59,250,313,-0.6102,true
TX,48051-Precinct 204,81,416,500,-0.67,true
TX,48051-Precinct 207,91,250,343,-0.4636,true
TX,48051-Precinct 211,163,836,1005,-0.6697,true
TX,48051-Precinct 215,68,270,339,-0.5959,true
TX,48051-Precinct 301,191,954,1159,-0.6583,true
TX,48051-Precinct 305,61,401,464,-0.7328,true
TX,48051-Precinct 308,52,274,328,-0.6768,true
TX,48051-Precinct 309,119,585,711,-0.6554,true
TX,48051-Precinct 406,225,502,736,-0.3764,true
TX,48051-Precinct 410,276,1304,1590,-0.6465,true
TX,48053-Precinct 1,232,1146,1385,-0.6599,true
TX,48053-Precinct 2,526,1832,2379,-0.549,true
TX,48053-Precinct 3,248,656,917,-0.4449,true
TX,48053-Precinct 4,595,1680,2290,-0.4738,true
TX,48053-Precinct 5,221,683,910,-0.5077,true
TX,48053-Precinct 6,119,397,527,-0.5275,true
TX,48053-Precinct 7,108,428,543,-0.5893,true
TX,48053-Precinct 8,187,934,1133,-0.6593,true
TX,48053-Precinct 9,449,1803,2263,-0.5983,true
TX,48053-Precinct 10,282,1187,1492,-0.6066,true
TX,48053-Precinct 11,82,494,578,-0.7128,true
TX,48053-Precinct 12,338,1352,1707,-0.594,true
TX,48053-Precinct 13,218,802,1027,-0.5686,true
TX,48053-Precinct 14,73,458,540,-0.713,true
TX,48053-Precinct 15,137,673,821,-0.6529,true
TX,48053-Precinct 16,97,431,534,-0.6255,true
TX,48053-Precinct 17,308,1653,1971,-0.6824,true
TX,48053-Precinct 18,257,684,952,-0.4485,true
TX,48053-Precinct 19,873,2525,3424,-0.4825,true
TX,48053-Precinct 20,764,1977,2760,-0.4395,true
TX,48055-Precinct 100,224,134,364,0.2473,true
TX,48055-Precinct 101,274,202,480,0.15,true
TX,48055-Precinct 102,148,372,526,-0.4259,true
TX,48055-Precinct 103,1064,1067,2170,-0.0014,true
TX,48055-Precinct 104,178,377,566,-0.3516,true
TX,48055-Precinct 108,274,306,586,-0.0546,true
TX,48055-Precinct 111,449,446,915,0.0033,true
TX,48055-Precinct 201,244,388,636,-0.2264,true
TX,48055-Precinct 202,223,560,794,-0.4244,true
TX,48055-Precinct 203,200,723,937,-0.5582,true
TX,48055-Precinct 204,294,759,1069,-0.435,true
TX,48055-Precinct 205,38,200,241,-0.6722,true
TX,48055-Precinct 206,237,406,645,-0.262,true
TX,48055-Precinct 300,167,115,293,0.1775,true
TX,48055-Precinct 301,357,403,778,-0.0591,true
TX,48055-Precinct 302,280,325,616,-0.0731,true
TX,48055-Precinct 303,194,324,522,-0.249,true
TX,48055-Precinct 305,159,264,427,-0.2459,true
TX,48055-Precinct 306,207,226,435,-0.0437,true
TX,48055-Precinct 400,240,289,541,-0.0906,true
TX,48055-Precinct 401,310,174,489,0.2781,true
TX,48055-Precinct 402,410,250,672,0.2381,true
TX,48055-Precinct 404,325,324,659,0.0015,true
TX,48055-Precinct 405,122,246,376,-0.3298,true
TX,48057-Precinct 1,270,333,608,-0.1036,true
TX,48057-Precinct 2,144,325,471,-0.3843,true
TX,48057-Precinct 3,85,317,410,-0.5659,true
TX,48057-Precinct 4,254,370,631,-0.1838,true
TX,48057-Precinct 5,271,957,1232,-0.5568,true
TX,48057-Precinct 6,66,115,181,-0.2707,true
TX,48057-Precinct 7,356,959,1328,-0.4541,true
TX,48057-Precinct 8,59,388,448,-0.7344,true
TX,48057-Precinct 9,134,483,619,-0.5638,true
TX,48057-Precinct 10,123,957,1081,-0.7715,true
TX,48057-Precinct 11,91,735,832,-0.774,true
TX,48059-Precinct 1,83,674,767,-0.7705,true
TX,48059-Precinct 2,160,1276,1442,-0.7739,true
TX,48059-Precinct 3,192,1345,1548,-0.7448,true
TX,48059-Precinct 4,82,1037,1122,-0.8512,true
TX,48059-Precinct 5,8,76,87,-0.7816,true
TX,48059-Precinct 6,60,646,708,-0.8277,true
TX,48059-Precinct 7,49,367,419,-0.7589,true
TX,48059-Precinct 8,127,759,895,-0.7061,true
TX,48061-Precinct 1,393,322,721,0.0985,true
TX,48061-Precinct 2,131,224,355,-0.262,true
TX,48061-Precinct 3,1243,1458,2722,-0.079,true
TX,48061-Precinct 4,838,1087,1946,-0.128,true
TX,48061-Precinct 5,726,766,1507,-0.0265,true
TX,48061-Precinct 6,229,187,422,0.0995,true
TX,48061-Precinct 7,574,773,1356,-0.1468,true
TX,48061-Precinct 8,109,94,207,0.0725,true
TX,48061-Precinct 9,608,471,1088,0.1259,true
TX,48061-Precinct 10,501,435,944,0.0699,true
TX,48061-Precinct 11,405,392,805,0.0161,true
TX,48061-Precinct 12,626,630,1264,-0.0032,true
TX,48061-Precinct 13,155,102,260,0.2038,true
TX,48061-Precinct 14,723,867,1607,-0.0896,true
TX,48061-Precinct 15,601,473,1091,0.1173,true
TX,48061-Precinct 16,153,322,476,-0.355,true
TX,48061-Precinct 17,994,1202,2219,-0.0937,true
TX,48061-Precinct 18,527,572,1105,-0.0407,true
TX,48061-Precinct 19,414,448,875,-0.0389,true
TX,48061-Precinct 20,302,472,779,-0.2182,true
TX,48061-Precinct 21,247,174,427,0.171,true
TX,48061-Precinct 22,606,592,1208,0.0116,true
TX,48061-Precinct 23,45,100,145,-0.3793,true
TX,48061-Precinct 24,320,399,728,-0.1085,true
TX,48061-Precinct 25,203,212,418,-0.0215,true
TX,48061-Precinct 26,533,669,1215,-0.1119,true
TX,48061-Precinct 27,619,595,1220,0.0197,true
TX,48061-Precinct 28,578,730,1317,-0.1154,true
TX,48061-Precinct 29,566,938,1515,-0.2455,true
TX,48061-Precinct 30,242,407,657,-0.2511,true
TX,48061-Precinct 31,93,62,156,0.1987,true
TX,48061-Precinct 32,712,772,1496,-0.0401,true
TX,48061-Precinct 33,181,147,333,0.1021,true
TX,48061-Precinct 34,393,683,1085,-0.2673,true
TX,48061-Precinct 35,324,381,715,-0.0797,true
TX,48061-Precinct 36,633,737,1380,-0.0754,true
TX,48061-Precinct 37,459,401,865,0.0671,true
TX,48061-Precinct 38,217,220,441,-0.0068,true
TX,48061-Precinct 39,263,259,524,0.0076,true
TX,48061-Precinct 40,597,541,1146,0.0489,true
TX,48061-Precinct 41,1006,780,1803,0.1253,true
TX,48061-Precinct 42,265,212,485,0.1093,true
TX,48061-Precinct 43,272,286,563,-0.0249,true
TX,48061-Precinct 44,896,1113,2037,-0.1065,true
TX,48061-Precinct 45,420,399,831,0.0253,true
TX,48061-Precinct 46,976,1008,2002,-0.016,true
TX,48061-Precinct 47,472,398,879,0.0842,true
TX,48061-Precinct 48,940,967,1927,-0.014,true
TX,48061-Precinct 49,520,721,1254,-0.1603,true
TX,48061-Precinct 50,638,647,1294,-0.007,true
TX,48061-Precinct 51,297,358,663,-0.092,true
TX,48061-Precinct 52,603,917,1534,-0.2047,true
TX,48061-Precinct 53,782,861,1654,-0.0478,true
TX,48061-Precinct 54,1322,1173,2516,0.0592,true
TX,48061-Precinct 55,791,879,1680,-0.0524,true
TX,48061-Precinct 56,586,713,1314,-0.0967,true
TX,48061-Precinct 57,84,80,165,0.0242,true
TX,48061-Precinct 58,585,860,1452,-0.1894,true
TX,48061-Precinct 59,103,198,303,-0.3135,true
TX,48061-Precinct 60,276,313,592,-0.0625,true
TX,48061-Precinct 61,643,541,1195,0.0854,true
TX,48061-Precinct 62,893,745,1656,0.0894,true
TX,48061-Precinct 63,522,356,889,0.1867,true
TX,48061-Precinct 64,102,155,257,-0.2062,true
TX,48061-Precinct 65,574,697,1280,-0.0961,true
TX,48061-Precinct 66,635,1063,1718,-0.2491,true
TX,48061-Precinct 67,888,1352,2260,-0.2053,true
TX,48061-Precinct 68,583,615,1207,-0.0265,true
TX,48061-Precinct 69,861,708,1585,0.0965,true
TX,48061-Precinct 70,230,195,427,0.082,true
TX,48061-Precinct 71,810,806,1628,0.0025,true
TX,48061-Precinct 72,1005,1118,2134,-0.053,true
TX,48061-Precinct 73,1109,986,2119,0.058,true
TX,48061-Precinct 74,1055,1194,2269,-0.0613,true
TX,48061-Precinct 75,741,764,1516,-0.0152,true
TX,48061-Precinct 76,900,782,1708,0.0691,true
TX,48061-Precinct 77,549,565,1122,-0.0143,true
TX,48061-Precinct 78,808,931,1751,-0.0702,true
TX,48061-Precinct 79,879,1016,1923,-0.0712,true
TX,48061-Precinct 80,928,1682,2637,-0.2859,true
TX,48061-Precinct 81,386,732,1125,-0.3076,true
TX,48061-Precinct 82,413,551,974,-0.1417,true
TX,48061-Precinct 83,478,467,953,0.0115,true
TX,48061-Precinct 84,571,592,1178,-0.0178,true
TX,48061-Precinct 85,722,1043,1774,-0.1809,true
TX,48061-Precinct 86,413,441,860,-0.0326,true
TX,48061-Precinct 87,562,794,1362,-0.1703,true
TX,48061-Precinct 88,795,1045,1855,-0.1348,true
TX,48061-Precinct 89,334,447,787,-0.1436,true
TX,48061-Precinct 90,108,126,237,-0.0759,true
TX,48061-Precinct 91,314,430,748,-0.1551,true
TX,48061-Precinct 92,47,43,91,0.044,true
TX,48061-Precinct 93,107,96,203,0.0542,true
TX,48061-Precinct 94,366,387,763,-0.0275,true
TX,48061-Precinct 95,183,178,362,0.0138,true
TX,48061-Precinct 96,806,791,1609,0.0093,true
TX,48061-Precinct 97,179,107,289,0.2491,true
TX,48061-Precinct 98,1306,1405,2741,-0.0361,true
TX,48061-Precinct 99,103,161,266,-0.218,true
TX,48061-Precinct 100,1156,1414,2609,-0.0989,true
TX,48061-Precinct 101,281,276,563,0.0089,true
TX,48063-Precinct 1001,279,998,1288,-0.5582,true
TX,48063-Precinct 2002,254,1282,1553,-0.6619,true
TX,48063-Precinct 3003,372,693,1071,-0.2997,true
TX,48063-Precinct 4004,296,1038,1341,-0.5533,true
TX,48065-Precinct 101,34,318,355,-0.8,true
TX,48065-Precinct 102,0,74,74,-1,true
TX,48065-Precinct 103,38,269,310,-0.7452,true
TX,48065-Precinct 201,73,822,898,-0.8341,true
TX,48065-Precinct 301,47,467,521,-0.8061,true
TX,48065-Precinct 302,23,241,264,-0.8258,true
TX,48065-Precinct 401,63,485,551,-0.7659,true
TX,48065-Precinct 402,12,190,204,-0.8725,true
TX,48067-Precinct 1,380,1860,2246,-0.6589,true
TX,48067-Precinct 2,64,222,286,-0.5524,true
TX,48067-Precinct 4,111,485,596,-0.6275,true
TX,48067-Precinct 5,117,492,613,-0.6117,true
TX,48067-Precinct 6,40,358,398,-0.799,true
TX,48067-Precinct 7,209,1199,1411,-0.7016,true
TX,48067-Precinct 9,161,613,777,-0.5817,true
TX,48067-Precinct 11,120,356,477,-0.4948,true
TX,48067-Precinct 12,148,492,643,-0.535,true
TX,48067-Precinct 14,246,1539,1796,-0.7199,true
TX,48067-Precinct 15,29,269,299,-0.8027,true
TX,48067-Precinct 16,23,345,369,-0.8726,true
TX,48067-Precinct 17,313,1766,2086,-0.6965,true
TX,48067-Precinct 18,27,376,403,-0.866,true
TX,48067-Precinct 19,30,358,389,-0.8432,true
TX,48067-Precinct 21,25,204,230,-0.7783,true
TX,48067-Precinct 13T,344,603,949,-0.2729,true
TX,48067-Precinct 20E,19,156,175,-0.7829,true
TX,48069-Precinct 101,97,204,303,-0.3531,true
TX,48069-Precinct 105,15,41,57,-0.4561,true
TX,48069-Precinct 201,105,238,346,-0.3844,true
TX,48069-Precinct 206,12,81,93,-0.7419,true
TX,48069-Precinct 301,99,382,481,-0.5884,true
TX,48069-Precinct 307,13,97,110,-0.7636,true
TX,48069-Precinct 401,48,77,126,-0.2302,true
TX,48069-Precinct 408,29,474,507,-0.8777,true
TX,48071-Precinct 1,64,413,481,-0.7256,true
TX,48071-Precinct 2,124,364,495,-0.4848,true
TX,48071-Precinct 3,102,246,355,-0.4056,true
TX,48071-Precinct 4,471,2972,3479,-0.7189,true
TX,48071-Precinct 5,222,1684,1923,-0.7603,true
TX,48071-Precinct 6,252,970,1235,-0.5814,true
TX,48071-Precinct 7,212,1330,1549,-0.7218,true
TX,48071-Precinct 8,166,1447,1624,-0.7888,true
TX,48071-Precinct 9,26,277,303,-0.8284,true
TX,48071-Precinct 10,99,1012,1116,-0.8181,true
TX,48071-Precinct 11,386,1182,1582,-0.5032,true
TX,48071-Precinct 12,215,711,934,-0.531,true
TX,48071-Precinct 14,141,779,925,-0.6897,true
TX,48071-Precinct 15,676,1344,2045,-0.3267,true
TX,48071-Precinct 16,184,1500,1691,-0.7782,true
TX,48071-Precinct 17,108,502,617,-0.6386,true
TX,48071-Precinct 18,341,1819,2176,-0.6792,true
TX,48071-Precinct 19,398,2005,2428,-0.6619,true
TX,48073-Precinct 12,145,798,951,-0.6866,true
TX,48073-Precinct 13,79,754,834,-0.8094,true
TX,48073-Precinct 14,111,988,1106,-0.7929,true
TX,48073-Precinct 15,547,1488,2061,-0.4566,true
TX,48073-Precinct 22,113,431,549,-0.5792,true
TX,48073-Precinct 23,83,727,817,-0.7882,true
TX,48073-Precinct 24,269,922,1201,-0.5437,true
TX,48073-Precinct 25,104,616,726,-0.7052,true
TX,48073-Precinct 26,154,565,726,-0.5661,true
TX,48073-Precinct 27,183,564,754,-0.5053,true
TX,48073-Precinct 28,30,428,462,-0.8615,true
TX,48073-Precinct 32,126,747,877,-0.7081,true
TX,48073-Precinct 33,250,1283,1545,-0.6686,true
TX,48073-Precinct 34,145,1185,1336,-0.7784,true
TX,48073-Precinct 35,141,642,790,-0.6342,true
TX,48073-Precinct 36,182,1050,1248,-0.6955,true
TX,48073-Precinct 37,76,175,252,-0.3929,true
TX,48073-Precinct 38,93,113,209,-0.0957,true
TX,48073-Precinct 42,315,146,468,0.3611,true
TX,48073-Precinct 43,222,395,631,-0.2742,true
TX,48073-Precinct 44,123,919,1047,-0.7603,true
TX,48073-Precinct 45,109,449,562,-0.605,true
TX,48073-Precinct 46,73,538,612,-0.7598,true
TX,48073-Precinct 47,10,184,194,-0.8969,true
TX,48073-Precinct 48,61,486,549,-0.7741,true
TX,48075-Precinct 101,60,443,507,-0.7554,true
TX,48075-Precinct 201,55,535,591,-0.8122,true
TX,48075-Precinct 301,79,485,571,-0.711,true
TX,48075-Precinct 401,69,528,605,-0.7587,true
TX,48077-Precinct 1,92,655,753,-0.7477,true
TX,48077-Precinct 6,38,272,311,-0.7524,true
TX,48077-Precinct 8,92,570,673,-0.7103,true
TX,48077-Precinct 9,38,239,280,-0.7179,true
TX,48077-Precinct 10,22,189,216,-0.7731,true
TX,48077-Precinct 11,39,659,700,-0.8857,true
TX,48077-Precinct 12,26,252,279,-0.81,true
TX,48077-Precinct 13,18,111,131,-0.7099,true
TX,48077-Precinct 14,8,130,138,-0.8841,true
TX,48077-Precinct 15,30,217,248,-0.754,true
TX,48077-Precinct 17,97,716,815,-0.7595,true
TX,48077-Precinct 20,17,389,408,-0.9118,true
TX,48077-Precinct 24,18,266,287,-0.8641,true
TX,48077-Precinct 26,12,167,181,-0.8564,true
TX,48077-Precinct 27,28,284,313,-0.8179,true
TX,48077-Precinct 32,9,172,185,-0.8811,true
TX,48079-Precinct 101,31,187,222,-0.7027,true
TX,48079-Precinct 202,44,248,293,-0.6962,true
TX,48079-Precinct 303,1,45,46,-0.9565,true
TX,48079-Precinct 306,23,167,193,-0.7461,true
TX,48079-Precinct 404,49,88,139,-0.2806,true
TX,48081-Precinct 1,39,385,427,-0.8103,true
TX,48081-Precinct 2,52,454,510,-0.7882,true
TX,48081-Precinct 3,45,448,497,-0.8109,true
TX,48081-Precinct 4A,42,328,371,-0.7709,true
TX,48081-Precinct 4B,1,8,9,-0.7778,true
TX,48083-Precinct 1,100,957,1060,-0.8085,true
TX,48083-Precinct 2,108,706,818,-0.7311,true
TX,48083-Precinct 3,90,794,893,-0.7884,true
TX,48083-Precinct 4,98,966,1071,-0.8105,true
TX,48083-Precinct 2E,32,289,322,-0.7981,true
TX,48085-223,879,890,1828,-0.006,true
TX,48085-160,79,343,427,-0.6183,true
TX,48085-2,1417,1500,2979,-0.0279,true
TX,48085-79,767,848,1650,-0.0491,true
TX,48085-112,1113,1120,2305,-0.003,true
TX,48085-80,1157,1284,2498,-0.0508,true
TX,48085-164,848,934,1830,-0.047,true
TX,48085-69,1324,1393,2812,-0.0245,true
TX,48085-128,631,1711,2379,-0.454,true
TX,48085-31,701,832,1565,-0.0837,true
TX,48085-4,945,1849,2852,-0.317,true
TX,48085-35,242,1032,1290,-0.6124,true
TX,48085-145,602,590,1232,0.0097,true
TX,48085-221,1434,2263,3756,-0.2207,true
TX,48085-36,560,886,1483,-0.2198,true
TX,48085-136,667,730,1416,-0.0445,true
TX,48085-42,391,1136,1543,-0.4828,true
TX,48085-12,610,968,1606,-0.2229,true
TX,48085-122,1313,2305,3686,-0.2691,true
TX,48085-154,456,1611,2097,-0.5508,true
TX,48085-243,387,825,1264,-0.3465,true
TX,48085-98,457,547,1014,-0.0888,true
TX,48085-18,134,528,670,-0.5881,true
TX,48085-182,1289,1364,2746,-0.0273,true
TX,48085-20,539,1092,1677,-0.3298,true
TX,48085-165,227,450,734,-0.3038,true
TX,48085-44,443,464,921,-0.0228,true
TX,48085-194,3,16,19,-0.6842,true
TX,48085-138,900,810,1763,0.051,true
TX,48085-81,1076,897,2017,0.0887,true
TX,48085-68,664,591,1280,0.057,true
TX,48085-185,15,24,40,-0.225,true
TX,48085-94,1590,1281,3064,0.1008,true
TX,48085-170,500,824,1356,-0.2389,true
TX,48085-110,929,958,1937,-0.015,true
TX,48085-187,50,393,446,-0.7691,true
TX,48085-204,116,163,280,-0.1679,true
TX,48085-169,1191,1220,2474,-0.0117,true
TX,48085-40,928,1563,2543,-0.2497,true
TX,48085-210,553,550,1286,0.0023,true
TX,48085-137,614,763,1410,-0.1057,true
TX,48085-10,103,508,625,-0.648,true
TX,48085-205,13,14,27,-0.037,true
TX,48085-120,1126,1470,2679,-0.1284,true
TX,48085-179,1144,2525,3736,-0.3696,true
TX,48085-152,81,35,119,0.3866,true
TX,48085-25,1249,1344,2890,-0.0329,true
TX,48085-33,1573,3140,4801,-0.3264,true
TX,48085-95,1056,1074,2221,-0.0081,true
TX,48085-246,989,1049,2121,-0.0283,true
TX,48085-104,762,383,1167,0.3248,true
TX,48085-126,1594,1718,3424,-0.0362,true
TX,48085-32,860,954,1855,-0.0507,true
TX,48085-247,574,1264,1868,-0.3694,true
TX,48085-23,1196,567,1866,0.3371,true
TX,48085-142,1066,913,2029,0.0754,true
TX,48085-48,1471,1155,2697,0.1172,true
TX,48085-222,1331,1375,2851,-0.0154,true
TX,48085-76,1009,1222,2348,-0.0907,true
TX,48085-244,968,1266,2314,-0.1288,true
TX,48085-52,1231,1083,2892,0.0512,true
TX,48085-251,610,1207,1846,-0.3234,true
TX,48085-19,549,633,1202,-0.0699,true
TX,48085-174,1191,1671,2943,-0.1631,true
TX,48085-59,1110,1505,2711,-0.1457,true
TX,48085-45,951,1435,2459,-0.1968,true
TX,48085-124,1121,980,2156,0.0654,true
TX,48085-106,624,592,1245,0.0257,true
TX,48085-125,1757,1456,3581,0.0841,true
TX,48085-173,170,311,489,-0.2883,true
TX,48085-161,56,133,190,-0.4053,true
TX,48085-103,424,355,808,0.0854,true
TX,48085-188,7,46,58,-0.6724,true
TX,48085-60,862,1466,2478,-0.2437,true
TX,48085-157,1525,1474,3095,0.0165,true
TX,48085-171,919,961,1954,-0.0215,true
TX,48085-37,310,1630,1959,-0.6738,true
TX,48085-183,15,65,80,-0.625,true
TX,48085-27,745,1080,1872,-0.179,true
TX,48085-175,541,871,1484,-0.2224,true
TX,48085-113,1027,987,2083,0.0192,true
TX,48085-190,5,38,46,-0.7174,true
TX,48085-54,1291,879,2246,0.1834,true
TX,48085-7,459,550,1033,-0.0881,true
TX,48085-115,1126,937,2111,0.0895,true
TX,48085-198,10,78,90,-0.7556,true
TX,48085-196,563,718,1347,-0.1151,true
TX,48085-66,749,712,1489,0.0248,true
TX,48085-148,281,425,843,-0.1708,true
TX,48085-147,661,668,1399,-0.005,true
TX,48085-61,526,626,1201,-0.0833,true
TX,48085-203,866,1426,2331,-0.2402,true
TX,48085-71,657,626,1311,0.0236,true
TX,48085-93,26,193,220,-0.7591,true
TX,48085-3,847,477,1350,0.2741,true
TX,48085-88,480,232,724,0.3425,true
TX,48085-73,661,434,1118,0.203,true
TX,48085-41,1321,2397,3813,-0.2822,true
TX,48085-74,593,738,1360,-0.1066,true
TX,48085-186,14,73,89,-0.6629,true
TX,48085-78,1754,1187,3038,0.1866,true
TX,48085-195,173,484,670,-0.4642,true
TX,48085-162,159,387,556,-0.4101,true
TX,48085-119,817,793,1680,0.0143,true
TX,48085-85,1273,932,2275,0.1499,true
TX,48085-151,626,604,1288,0.0171,true
TX,48085-189,174,676,859,-0.5844,true
TX,48085-168,454,916,1407,-0.3284,true
TX,48085-155,866,1213,2118,-0.1638,true
TX,48085-111,730,1390,2172,-0.3039,true
TX,48085-29,1313,2651,4041,-0.3311,true
TX,48085-177,882,1309,2221,-0.1923,true
TX,48085-22,771,2803,3620,-0.5613,true
TX,48085-141,1204,1146,2489,0.0233,true
TX,48085-49,861,895,1788,-0.019,true
TX,48085-26,339,376,737,-0.0502,true
TX,48085-47,984,800,1813,0.1015,true
TX,48085-72,587,621,1237,-0.0275,true
TX,48085-51,561,422,1000,0.139,true
TX,48085-55,1781,910,2776,0.3138,true
TX,48085-206,511,860,1426,-0.2447,true
TX,48085-127,1287,1305,2658,-0.0068,true
TX,48085-117,1366,1475,2919,-0.0373,true
TX,48085-140,1285,2195,3561,-0.2555,true
TX,48085-226,1428,1444,2932,-0.0055,true
TX,48085-92,1431,1378,2867,0.0185,true
TX,48085-245,748,861,1649,-0.0685,true
TX,48085-184,963,902,1906,0.032,true
TX,48085-21,1574,1421,3092,0.0495,true
TX,48085-70,637,749,1406,-0.0797,true
TX,48085-67,1021,914,1979,0.0541,true
TX,48085-15,504,452,973,0.0534,true
TX,48085-105,67,46,114,0.1842,true
TX,48085-28,1243,1130,2431,0.0465,true
TX,48085-75,755,903,1688,-0.0877,true
TX,48085-86,1047,1048,2174,-0.0005,true
TX,48085-108,1088,880,2040,0.102,true
TX,48085-64,896,838,1828,0.0317,true
TX,48085-90,921,1378,2378,-0.1922,true
TX,48085-123,665,757,1451,-0.0634,true
TX,48085-132,1139,830,2008,0.1539,true
TX,48085-24,782,391,1198,0.3264,true
TX,48085-84,834,830,1689,0.0024,true
TX,48085-143,704,799,1537,-0.0618,true
TX,48085-116,1571,1827,3523,-0.0727,true
TX,48085-109,1459,1754,3287,-0.0897,true
TX,48085-77,1312,1035,2457,0.1127,true
TX,48085-82,929,889,1861,0.0215,true
TX,48085-5,252,462,728,-0.2885,true
TX,48085-50,1003,668,1763,0.19,true
TX,48085-219,1488,1494,3124,-0.0019,true
TX,48085-158,968,846,1946,0.0627,true
TX,48085-58,1257,1052,2388,0.0858,true
TX,48085-135,1452,1301,2887,0.0523,true
TX,48085-139,1410,1183,2709,0.0838,true
TX,48085-8,1434,2616,4121,-0.2868,true
TX,48085-227,1419,1640,3145,-0.0703,true
TX,48085-6,554,512,1106,0.038,true
TX,48085-38,1220,1103,2378,0.0492,true
TX,48085-242,1143,1343,2590,-0.0772,true
TX,48085-211,1041,1344,2442,-0.1241,true
TX,48085-236,821,1320,2201,-0.2267,true
TX,48085-131,825,1243,2121,-0.1971,true
TX,48085-224,660,1844,2556,-0.4632,true
TX,48085-43,1045,1004,2115,0.0194,true
TX,48085-213,1242,1308,2605,-0.0253,true
TX,48085-163,597,813,1471,-0.1468,true
TX,48085-209,330,518,873,-0.2153,true
TX,48085-180,1020,1250,2349,-0.0979,true
TX,48085-199,946,2177,3189,-0.386,true
TX,48085-220,1850,1888,3936,-0.0097,true
TX,48085-229,739,717,1487,0.0148,true
TX,48085-225,1358,1338,2799,0.0071,true
TX,48085-239,874,2080,3041,-0.3966,true
TX,48085-57,1492,1865,3447,-0.1082,true
TX,48085-191,207,357,579,-0.2591,true
TX,48085-153,1520,1995,3724,-0.1276,true
TX,48085-65,426,406,843,0.0237,true
TX,48085-121,1045,770,1935,0.1421,true
TX,48085-97,325,722,1064,-0.3731,true
TX,48085-53,827,788,1655,0.0236,true
TX,48085-17,1446,2386,3885,-0.242,true
TX,48085-1,849,1036,1916,-0.0976,true
TX,48085-150,1505,2357,3937,-0.2164,true
TX,48085-193,198,668,877,-0.5359,true
TX,48085-102,705,1213,1946,-0.261,true
TX,48085-114,1207,1785,3052,-0.1894,true
TX,48085-181,736,1271,2044,-0.2617,true
TX,48085-96,329,436,781,-0.137,true
TX,48085-101,1338,1435,2843,-0.0341,true
TX,48085-217,864,1262,2182,-0.1824,true
TX,48085-172,703,1466,2200,-0.3468,true
TX,48085-215,761,1290,2085,-0.2537,true
TX,48085-11,736,2645,3409,-0.56,true
TX,48085-129,1385,1612,3063,-0.0741,true
TX,48085-149,1303,1904,3295,-0.1824,true
TX,48085-192,836,2557,3429,-0.5019,true
TX,48085-230,1478,1436,3012,0.0139,true
TX,48085-156,1141,1350,2561,-0.0816,true
TX,48085-133,752,992,1788,-0.1342,true
TX,48085-214,937,2709,3704,-0.4784,true
TX,48085-13,752,1727,2513,-0.388,true
TX,48085-252,700,1594,2329,-0.3839,true
TX,48085-144,862,1103,2061,-0.1169,true
TX,48085-241,457,536,1111,-0.0711,true
TX,48085-14,1141,1035,2270,0.0467,true
TX,48085-63,697,867,1600,-0.1062,true
TX,48085-62,959,751,1754,0.1186,true
TX,48085-39,1040,801,1896,0.1261,true
TX,48085-107,1263,1048,2396,0.0897,true
TX,48085-176,1167,972,2186,0.0892,true
TX,48085-197,462,357,854,0.123,true
TX,48085-91,866,737,1652,0.0781,true
TX,48085-130,1392,1275,2801,0.0418,true
TX,48085-218,1426,1484,3077,-0.0188,true
TX,48085-167,1907,1515,3555,0.1103,true
TX,48085-34,1658,1251,3024,0.1346,true
TX,48085-89,1093,1061,2253,0.0142,true
TX,48085-235,682,577,1323,0.0794,true
TX,48085-238,1291,1213,2572,0.0303,true
TX,48085-228,1756,1993,3834,-0.0618,true
TX,48085-9,1336,1856,3244,-0.1603,true
TX,48085-233,549,862,1439,-0.2175,true
TX,48085-83,1011,1826,2900,-0.281,true
TX,48085-232,1098,1596,2751,-0.181,true
TX,48085-56,933,1423,2414,-0.203,true
TX,48085-237,655,777,1514,-0.0806,true
TX,48085-159,933,1003,2039,-0.0343,true
TX,48085-134,1344,1299,2757,0.0163,true
TX,48085-248,703,871,1641,-0.1024,true
TX,48085-178,656,1676,2388,-0.4271,true
TX,48085-30,1419,1920,3430,-0.1461,true
TX,48085-16,1455,2723,4270,-0.297,true
TX,48085-200,597,1250,1891,-0.3453,true
TX,48085-100,6,2,8,0.5,true
TX,48085-166,1235,1519,3036,-0.0935,true
TX,48085-202,2,0,2,1,true
TX,48085-87,1186,1182,2524,0.0016,true
TX,48085-234,1320,1151,2571,0.0657,true
TX,48085-118,1291,1626,2974,-0.1126,true
TX,48085-146,1524,1608,3207,-0.0262,true
TX,48085-208,1219,2020,3312,-0.2418,true
TX,48085-207,1125,1725,2912,-0.206,true
TX,48085-231,1248,1528,2843,-0.0985,true
TX,48085-99,143,101,256,0.1641,true
TX,48085-46,991,753,1789,0.133,true
TX,48085-249,1087,1908,3048,-0.2694,true
TX,48085-216,1093,2399,3554,-0.3675,true
TX,48085-240,928,2211,3199,-0.4011,true
TX,48085-212,879,969,1936,-0.0465,true
TX,48085-250,1342,1479,3010,-0.0455,true
TX,48087-Precinct 101,39,290,329,-0.7629,true
TX,48087-Precinct 201,32,199,231,-0.7229,true
TX,48087-Precinct 202,3,39,42,-0.8571,true
TX,48087-Precinct 301,26,225,251,-0.7928,true
TX,48087-Precinct 302,2,44,46,-0.913,true
TX,48087-Precinct 401,28,193,221,-0.7466,true
TX,48087-Precinct 402,5,76,81,-0.8765,true
TX,48089-Precinct 101,360,1109,1479,-0.5064,true
TX,48089-Precinct 102,44,188,233,-0.618,true
TX,48089-Precinct 103,43,392,436,-0.8005,true
TX,48089-Precinct 201,460,1877,2353,-0.6022,true
TX,48089-Precinct 202,48,396,447,-0.7785,true
TX,48089-Precinct 302,122,863,992,-0.747,true
TX,48089-Precinct 303,82,420,507,-0.6667,true
TX,48089-Precinct 304,43,409,457,-0.8009,true
TX,48089-Precinct 305,255,1030,1296,-0.598,true
TX,48089-Precinct 401,91,249,344,-0.4593,true
TX,48089-Precinct 402,560,891,1468,-0.2255,true
TX,48091-Precinct 101,989,1940,2980,-0.3191,true
TX,48091-Precinct 102,770,3001,3798,-0.5874,true
TX,48091-Precinct 103,1047,3459,4554,-0.5296,true
TX,48091-Precinct 104,389,1285,1690,-0.5302,true
TX,48091-Precinct 105,723,2389,3144,-0.5299,true
TX,48091-Precinct 106,631,2331,2992,-0.5682,true
TX,48091-Precinct 107,1021,2865,3920,-0.4704,true
TX,48091-Precinct 108,398,1241,1663,-0.5069,true
TX,48091-Precinct 109A,663,2396,3082,-0.5623,true
TX,48091-Precinct 109B,8,30,38,-0.5789,true
TX,48091-Precinct 110,510,1651,2174,-0.5248,true
TX,48091-Precinct 201,1079,2342,3465,-0.3645,true
TX,48091-Precinct 202A,527,1120,1666,-0.3559,true
TX,48091-Precinct 203,1075,2867,3976,-0.4507,true
TX,48091-Precinct 204,964,3091,4083,-0.5209,true
TX,48091-Precinct 205,1311,2795,4157,-0.357,true
TX,48091-Precinct 206,1418,3689,5152,-0.4408,true
TX,48091-Precinct 207,557,1942,2522,-0.5492,true
TX,48091-Precinct 208A,795,2936,3766,-0.5685,true
TX,48091-Precinct 208B,13,47,60,-0.5667,true
TX,48091-Precinct 208C,3,11,14,-0.5714,true
TX,48091-Precinct 208D,22,84,106,-0.5849,true
TX,48091-Precinct 301A,1191,1538,2764,-0.1255,true
TX,48091-Precinct 302,489,1114,1624,-0.3849,true
TX,48091-Precinct 303,303,300,612,0.0049,true
TX,48091-Precinct 304,853,1602,2482,-0.3018,true
TX,48091-Precinct 305,1099,2545,3687,-0.3922,true
TX,48091-Precinct 306,981,1826,2839,-0.2976,true
TX,48091-Precinct 307,359,524,897,-0.1839,true
TX,48091-Precinct 308,707,1106,1834,-0.2176,true
TX,48091-Precinct 401,760,1696,2488,-0.3762,true
TX,48091-Precinct 402,866,2602,3505,-0.4953,true
TX,48091-Precinct 403,913,3015,3950,-0.5322,true
TX,48091-Precinct 404,996,3003,4056,-0.4948,true
TX,48091-Precinct 405A,713,2703,3438,-0.5788,true
TX,48091-Precinct 405B,1,8,9,-0.7778,true
TX,48091-Precinct 405C,3,13,16,-0.625,true
TX,48091-Precinct 406,916,2282,3237,-0.422,true
TX,48091-Precinct 407,772,2591,3398,-0.5353,true
TX,48091-Precinct 408,845,2776,3652,-0.5288,true
TX,48093-Precinct 1,147,961,1111,-0.7327,true
TX,48093-Precinct 2,138,1028,1171,-0.76,true
TX,48093-Precinct 4,8,79,87,-0.8161,true
TX,48093-Precinct 5,67,432,500,-0.73,true
TX,48093-Precinct 6,32,243,280,-0.7536,true
TX,48093-Precinct 7,35,230,265,-0.7358,true
TX,48093-Precinct 9,17,145,162,-0.7901,true
TX,48093-Precinct 10,45,306,354,-0.7373,true
TX,48093-Precinct 11,65,376,442,-0.7036,true
TX,48093-Precinct 12,205,1182,1392,-0.7019,true
TX,48093-Precinct 13,27,152,180,-0.6944,true
TX,48093-Precinct 14,12,100,112,-0.7857,true
TX,48093-Precinct 15,31,356,394,-0.8249,true
TX,48093-Precinct 16,5,89,94,-0.8936,true
TX,48095-Precinct 101,36,300,338,-0.7811,true
TX,48095-Precinct 102,13,58,72,-0.625,true
TX,48095-Precinct 203,4,95,101,-0.901,true
TX,48095-Precinct 204,13,73,86,-0.6977,true
TX,48095-Precinct 205,15,87,102,-0.7059,true
TX,48095-Precinct 306,50,197,248,-0.5927,true
TX,48095-Precinct 407,1,97,99,-0.9697,true
TX,48095-Precinct 408,21,131,152,-0.7237,true
TX,48097-Precinct 1,52,278,334,-0.6766,true
TX,48097-Precinct 2,368,790,1171,-0.3604,true
TX,48097-Precinct 3,65,472,538,-0.7565,true
TX,48097-Precinct 4,39,209,249,-0.6827,true
TX,48097-Precinct 6,186,1581,1778,-0.7846,true
TX,48097-Precinct 7,145,1124,1280,-0.7648,true
TX,48097-Precinct 8,88,754,845,-0.7882,true
TX,48097-Precinct 10,262,1588,1864,-0.7114,true
TX,48097-Precinct 11,325,1709,2043,-0.6774,true
TX,48097-Precinct 12,137,828,970,-0.7124,true
TX,48097-Precinct 17,35,404,440,-0.8386,true
TX,48097-Precinct 18,124,1415,1551,-0.8324,true
TX,48097-Precinct 1C,634,1736,2404,-0.4584,true
TX,48097-Precinct 21,125,1056,1191,-0.7817,true
TX,48097-Precinct 22,300,1496,1807,-0.6619,true
TX,48097-Precinct 33,49,373,425,-0.7624,true
TX,48097-Precinct 4C,376,1162,1557,-0.5048,true
TX,48099-Precinct 101,1269,2077,3389,-0.2384,true
TX,48099-Precinct 102,131,1025,1164,-0.768,true
TX,48099-Precinct 103,39,248,288,-0.7257,true
TX,48099-Precinct 104,1071,1866,2989,-0.266,true
TX,48099-Precinct 205,250,1447,1709,-0.7004,true
TX,48099-Precinct 206,458,681,1154,-0.1932,true
TX,48099-Precinct 207,1151,1469,2651,-0.12,true
TX,48099-Precinct 308,413,2463,2908,-0.705,true
TX,48099-Precinct 309,63,484,553,-0.7613,true
TX,48099-Precinct 310,107,569,679,-0.6804,true
TX,48099-Precinct 311,44,54,99,-0.101,true
TX,48099-Precinct 412,705,1152,1876,-0.2383,true
TX,48099-Precinct 413,307,1427,1751,-0.6396,true
TX,48099-Precinct 414,20,302,322,-0.8758,true
TX,48099-Precinct 415,21,173,194,-0.7835,true
TX,48099-Precinct 416,889,1182,2109,-0.1389,true
TX,48101-Precinct 101,18,171,189,-0.8095,true
TX,48101-Precinct 201,20,171,194,-0.7784,true
TX,48101-Precinct 301,36,109,145,-0.5034,true
TX,48101-Precinct 401,15,114,130,-0.7615,true
TX,48103-Precinct 1,51,418,471,-0.7792,true
TX,48103-Precinct 2,55,327,383,-0.7102,true
TX,48103-Precinct 3,56,209,268,-0.5709,true
TX,48103-Precinct 4,24,241,268,-0.8097,true
TX,48105-Precinct 1,114,242,358,-0.3575,true
TX,48105-Precinct 2,69,314,384,-0.638,true
TX,48105-Precinct 3,60,340,403,-0.6948,true
TX,48105-Precinct 4,80,191,275,-0.4036,true
TX,48107-Precinct 11,86,301,389,-0.5527,true
TX,48107-Precinct 27,133,411,547,-0.5082,true
TX,48107-Precinct 39,114,314,430,-0.4651,true
TX,48107-Precinct 44,118,390,514,-0.5292,true
TX,48109-Precinct 1,89,114,208,-0.1202,true
TX,48109-Precinct 2,88,120,211,-0.1517,true
TX,48109-Precinct 4,63,87,152,-0.1579,true
TX,48109-Precinct 3-3,10,16,26,-0.2308,true
TX,48109-Precinct 3-5,69,114,184,-0.2446,true
TX,48111-Precinct 1,17,195,213,-0.8357,true
TX,48111-Precinct 2,3,53,56,-0.8929,true
TX,48111-Precinct 3,0,18,18,-1,true
TX,48111-Precinct 4,1,28,30,-0.9,true
TX,48111-Precinct 5,3,17,21,-0.6667,true
TX,48111-Precinct 6,24,163,190,-0.7316,true
TX,48111-Precinct 7,35,252,291,-0.7457,true
TX,48111-Precinct 8,35,317,352,-0.8011,true
TX,48111-Precinct 9,34,242,276,-0.7536,true
TX,48113-1004-01,193,95,296,0.3311,true
TX,48113-1004-02,483,399,910,0.0923,true
TX,48113-1006-01,697,643,1377,0.0392,true
TX,48113-1007-01,146,172,321,-0.081,true
TX,48113-1039-01,105,30,136,0.5515,true
TX,48113-1040-01,614,294,925,0.3459,true
TX,48113-1040-02,472,232,718,0.3343,true
TX,48113-1041-01,238,61,308,0.5747,true
TX,48113-1043-01,822,676,1530,0.0954,true
TX,48113-1043-02,121,57,182,0.3516,true
TX,48113-1044-01,1259,948,2267,0.1372,true
TX,48113-1045-01,580,188,784,0.5,true
TX,48113-1046-01,157,66,229,0.3974,true
TX,48113-1047-01,533,361,914,0.1882,true
TX,48113-1048-01,1306,853,2212,0.2048,true
TX,48113-1049-01,821,635,1489,0.1249,true
TX,48113-1050-01,22,21,45,0.0222,true
TX,48113-1050-02,55,27,84,0.3333,true
TX,48113-1051-01,100,58,167,0.2515,true
TX,48113-1052-01,1662,876,2586,0.3039,true
TX,48113-1054-01,603,294,912,0.3388,true
TX,48113-1055-01,262,129,399,0.3333,true
TX,48113-1056-01,341,259,614,0.1336,true
TX,48113-1057-01,588,263,868,0.3744,true
TX,48113-1057-02,262,117,385,0.3766,true
TX,48113-1058-01,909,472,1423,0.3071,true
TX,48113-1059-01,759,460,1244,0.2404,true
TX,48113-1060-01,1820,867,2753,0.3462,true
TX,48113-1060-02,423,262,700,0.23,true
TX,48113-1061-01,772,349,1146,0.3691,true
TX,48113-1062-01,9,8,17,0.0588,true
TX,48113-1063-01,363,196,570,0.293,true
TX,48113-1063-02,234,132,371,0.2749,true
TX,48113-1064-01,39,20,61,0.3115,true
TX,48113-1065-01,530,149,684,0.557,true
TX,48113-1065-02,450,186,643,0.4106,true
TX,48113-1067-02,2,2,4,0,true
TX,48113-1068-01,25,31,56,-0.1071,true
TX,48113-1076-01,17,11,28,0.2143,true
TX,48113-1078-01,343,86,433,0.5935,true
TX,48113-1078-03,61,16,77,0.5844,true
TX,48113-1079-01,635,275,923,0.39,true
TX,48113-1079-02,180,61,249,0.4779,true
TX,48113-1080-01,274,73,349,0.5759,true
TX,48113-1081-01,1362,605,2000,0.3785,true
TX,48113-1082-01,32,20,53,0.2264,true
TX,48113-1082-02,67,25,92,0.4565,true
TX,48113-1083-01,407,197,613,0.3426,true
TX,48113-1083-02,72,46,119,0.2185,true
TX,48113-1083-03,92,41,134,0.3806,true
TX,48113-1084-01,1774,532,2336,0.5317,true
TX,48113-1084-02,9,2,11,0.6364,true
TX,48113-1085-01,383,216,611,0.2733,true
TX,48113-1085-02,32,17,52,0.2885,true
TX,48113-1086-01,158,38,199,0.603,true
TX,48113-1087-01,1414,316,1756,0.6253,true
TX,48113-1088-01,663,293,976,0.3791,true
TX,48113-1089-01,846,202,1061,0.607,true
TX,48113-1089-03,1,0,1,1,true
TX,48113-1090-01,846,291,1153,0.4814,true
TX,48113-1091-01,606,272,890,0.3753,true
TX,48113-1091-02,94,14,112,0.7143,true
TX,48113-1092-01,867,215,1096,0.5949,true
TX,48113-1092-02,120,55,176,0.3693,true
TX,48113-1092-03,48,26,75,0.2933,true
TX,48113-1092-04,82,15,98,0.6837,true
TX,48113-1093-01,618,145,773,0.6119,true
TX,48113-1093-02,1,0,1,1,true
TX,48113-1094-01,434,139,577,0.5113,true
TX,48113-1095-01,483,165,652,0.4877,true
TX,48113-1096-01,475,168,653,0.4701,true
TX,48113-1097-01,843,385,1239,0.3697,true
TX,48113-1098-01,719,233,965,0.5036,true
TX,48113-1099-01,22,18,40,0.1,true
TX,48113-1100-01,444,137,591,0.5195,true
TX,48113-1100-02,556,63,628,0.785,true
TX,48113-1100-03,25,7,35,0.5143,true
TX,48113-1101-01,356,206,573,0.2618,true
TX,48113-1101-02,125,64,190,0.3211,true
TX,48113-1101-03,20,4,24,0.6667,true
TX,48113-1102-01,556,256,823,0.3645,true
TX,48113-1103-01,162,63,227,0.4361,true
TX,48113-1104-01,825,290,1138,0.4701,true
TX,48113-1105-01,14,3,17,0.6471,true
TX,48113-1106-01,84,36,120,0.4,true
TX,48113-1107-01,247,118,369,0.3496,true
TX,48113-1108-01,823,296,1138,0.4631,true
TX,48113-1108-02,10,17,27,-0.2593,true
TX,48113-1109-01,127,95,224,0.1429,true
TX,48113-1109-02,8,3,11,0.4545,true
TX,48113-1110-01,4,3,7,0.1429,true
TX,48113-1111-01,457,250,724,0.2859,true
TX,48113-1113-01,113,42,156,0.4551,true
TX,48113-1114-01,222,39,263,0.6958,true
TX,48113-1115-01,532,248,801,0.3546,true
TX,48113-1116-01,537,277,827,0.3144,true
TX,48113-1121-01,721,386,1126,0.2975,true
TX,48113-1121-02,4,3,8,0.125,true
TX,48113-1124-01,0,1,1,-1,true
TX,48113-1125-01,42,95,140,-0.3786,true
TX,48113-1125-02,557,226,803,0.4122,true
TX,48113-1128-01,236,304,560,-0.1214,true
TX,48113-1129-01,43,14,58,0.5,true
TX,48113-1133-01,165,103,271,0.2288,true
TX,48113-1134-01,181,53,238,0.5378,true
TX,48113-1135-01,508,151,668,0.5344,true
TX,48113-1136-01,6,0,6,1,true
TX,48113-1137-01,14,11,25,0.12,true
TX,48113-1139-01,2,4,6,-0.3333,true
TX,48113-1141-01,457,478,970,-0.0216,true
TX,48113-1142-01,973,1143,2174,-0.0782,true
TX,48113-1143-01,608,657,1297,-0.0378,true
TX,48113-1144-01,1192,1028,2271,0.0722,true
TX,48113-1144-02,24,20,44,0.0909,true
TX,48113-1146-01,942,822,1820,0.0659,true
TX,48113-1147-01,276,303,598,-0.0452,true
TX,48113-1151-01,31,18,49,0.2653,true
TX,48113-1153-01,6,0,6,1,true
TX,48113-1163-01,655,480,1163,0.1505,true
TX,48113-1164-01,965,890,1897,0.0395,true
TX,48113-1165-01,982,713,1734,0.1551,true
TX,48113-1168-01,1405,976,2446,0.1754,true
TX,48113-1169-01,1369,895,2327,0.2037,true
TX,48113-1170-01,695,419,1143,0.2415,true
TX,48113-1171-01,1129,727,1896,0.212,true
TX,48113-1172-01,734,521,1288,0.1654,true
TX,48113-1172-02,154,61,217,0.4286,true
TX,48113-1173-01,579,310,906,0.2969,true
TX,48113-1174-01,1274,698,2010,0.2866,true
TX,48113-1300-01,776,639,1430,0.0958,true
TX,48113-1300-02,6,12,18,-0.3333,true
TX,48113-1301-01,423,379,820,0.0537,true
TX,48113-1301-02,348,215,573,0.2321,true
TX,48113-1302-01,765,436,1222,0.2692,true
TX,48113-1303-01,25,6,31,0.6129,true
TX,48113-1304-01,468,385,868,0.0956,true
TX,48113-1305-01,447,383,842,0.076,true
TX,48113-1307-01,45,13,58,0.5517,true
TX,48113-1308-01,571,396,980,0.1786,true
TX,48113-1308-03,4,1,5,0.6,true
TX,48113-1309-01,116,30,147,0.585,true
TX,48113-1310-01,952,641,1618,0.1922,true
TX,48113-1311-01,692,612,1326,0.0603,true
TX,48113-1312-01,264,283,563,-0.0337,true
TX,48113-1313-01,150,52,206,0.4757,true
TX,48113-1314-01,648,403,1068,0.2294,true
TX,48113-1314-02,201,153,361,0.133,true
TX,48113-1314-03,13,19,32,-0.1875,true
TX,48113-1315-01,12,6,18,0.3333,true
TX,48113-1315-02,2,6,8,-0.5,true
TX,48113-1316-01,298,71,373,0.6086,true
TX,48113-1324-01,913,875,1818,0.0209,true
TX,48113-1325-01,828,863,1723,-0.0203,true
TX,48113-1326-01,441,401,855,0.0468,true
TX,48113-1327-01,698,477,1193,0.1852,true
TX,48113-1327-02,230,75,306,0.5065,true
TX,48113-1328-01,0,2,2,-1,true
TX,48113-1329-01,2,1,3,0.3333,true
TX,48113-1401-01,115,62,179,0.2961,true
TX,48113-1402-01,376,211,593,0.2782,true
TX,48113-1402-02,205,80,286,0.4371,true
TX,48113-1402-03,147,73,222,0.3333,true
TX,48113-1403-01,2,15,18,-0.7222,true
TX,48113-1404-01,250,89,349,0.4613,true
TX,48113-1405-01,97,50,149,0.3154,true
TX,48113-1405-02,12,13,25,-0.04,true
TX,48113-1405-03,4,0,4,1,true
TX,48113-1406-01,25,25,50,0,true
TX,48113-1406-02,182,59,248,0.496,true
TX,48113-1407-01,0,1,1,-1,true
TX,48113-1407-02,0,1,1,-1,true
TX,48113-1408-01,0,1,1,-1,true
TX,48113-1409-01,137,75,214,0.2897,true
TX,48113-1409-02,68,58,127,0.0787,true
TX,48113-1410-01,52,52,104,0,true
TX,48113-1410-02,290,129,426,0.3779,true
TX,48113-1410-03,135,109,246,0.1057,true
TX,48113-1410-04,131,35,172,0.5581,true
TX,48113-1411-01,1076,452,1553,0.4018,true
TX,48113-1411-02,192,156,351,0.1026,true
TX,48113-1411-03,9,3,12,0.5,true
TX,48113-1412-01,103,116,222,-0.0586,true
TX,48113-1412-03,0,1,1,-1,true
TX,48113-1700-01,644,538,1202,0.0882,true
TX,48113-1701-01,603,567,1190,0.0303,true
TX,48113-1702-01,765,730,1536,0.0228,true
TX,48113-1703-01,1071,859,1988,0.1066,true
TX,48113-1704-01,447,368,842,0.0938,true
TX,48113-1705-01,633,524,1194,0.0913,true
TX,48113-1706-01,839,689,1557,0.0963,true
TX,48113-1707-01,129,78,214,0.2383,true
TX,48113-1707-02,0,0,1,0,true
TX,48113-1707-03,2,1,3,0.3333,true
TX,48113-1708-01,241,154,399,0.218,true
TX,48113-1708-02,33,27,61,0.0984,true
TX,48113-1709-01,1279,696,2010,0.29,true
TX,48113-1710-01,504,212,727,0.4017,true
TX,48113-1711-01,624,497,1140,0.1114,true
TX,48113-1712-01,668,620,1301,0.0369,true
TX,48113-1712-02,1,0,1,1,true
TX,48113-1713-01,269,386,674,-0.1736,true
TX,48113-1714-01,560,558,1128,0.0018,true
TX,48113-1715-01,418,324,754,0.1247,true
TX,48113-1716-01,718,767,1521,-0.0322,true
TX,48113-1717-01,1030,770,1836,0.1416,true
TX,48113-1718-01,481,455,949,0.0274,true
TX,48113-1719-01,578,422,1014,0.1538,true
TX,48113-1719-02,272,182,462,0.1948,true
TX,48113-1720-01,938,713,1683,0.1337,true
TX,48113-1721-01,636,566,1223,0.0572,true
TX,48113-1721-02,39,77,116,-0.3276,true
TX,48113-1721-03,12,13,25,-0.04,true
TX,48113-1721-09,2,4,6,-0.3333,true
TX,48113-1722-01,989,554,1575,0.2762,true
TX,48113-1723-01,54,39,93,0.1613,true
TX,48113-1724-02,55,25,82,0.3659,true
TX,48113-1725-01,175,196,374,-0.0561,true
TX,48113-1726-01,616,466,1101,0.1362,true
TX,48113-1727-01,72,53,128,0.1484,true
TX,48113-1728-01,428,359,805,0.0857,true
TX,48113-1729-01,525,351,895,0.1944,true
TX,48113-1732-01,373,398,790,-0.0316,true
TX,48113-1733-01,794,654,1470,0.0952,true
TX,48113-1733-02,288,291,590,-0.0051,true
TX,48113-1734-01,463,466,943,-0.0032,true
TX,48113-1734-02,10,7,18,0.1667,true
TX,48113-1735-01,1221,1363,2686,-0.0529,true
TX,48113-1735-02,306,299,616,0.0114,true
TX,48113-1736-01,546,763,1338,-0.1622,true
TX,48113-1737-01,1418,2140,3739,-0.1931,true
TX,48113-1737-03,0,2,3,-0.6667,true
TX,48113-1738-01,934,873,1838,0.0332,true
TX,48113-1739-01,934,867,1853,0.0362,true
TX,48113-1740-01,1462,1242,2763,0.0796,true
TX,48113-1741-01,1156,1275,2480,-0.048,true
TX,48113-1741-03,458,254,725,0.2814,true
TX,48113-1742-01,1445,983,2478,0.1864,true
TX,48113-1742-03,276,221,505,0.1089,true
TX,48113-1743-01,1469,1085,2583,0.1487,true
TX,48113-1744-01,3,13,16,-0.625,true
TX,48113-1744-02,15,14,29,0.0345,true
TX,48113-1745-01,841,815,1689,0.0154,true
TX,48113-1746-01,632,477,1137,0.1363,true
TX,48113-1747-01,1086,920,2069,0.0802,true
TX,48113-1748-01,726,501,1273,0.1767,true
TX,48113-1749-01,1290,994,2349,0.126,true
TX,48113-1750-01,908,983,1951,-0.0384,true
TX,48113-1751-01,470,338,858,0.1538,true
TX,48113-1751-02,904,846,1809,0.0321,true
TX,48113-1751-03,710,418,1166,0.2504,true
TX,48113-1751-04,0,0,3,0,true
TX,48113-1751-05,6,10,16,-0.25,true
TX,48113-1752-01,884,700,1624,0.1133,true
TX,48113-1752-02,335,253,612,0.134,true
TX,48113-2000-01,2,3,5,-0.2,true
TX,48113-2001-01,13,6,19,0.3684,true
TX,48113-2002-01,596,364,990,0.2343,true
TX,48113-2003-01,1080,971,2097,0.052,true
TX,48113-2004-01,832,885,1752,-0.0303,true
TX,48113-2005-01,467,340,828,0.1534,true
TX,48113-2006-01,659,570,1260,0.0706,true
TX,48113-2007-01,1204,1254,2511,-0.0199,true
TX,48113-2008-01,245,312,584,-0.1147,true
TX,48113-2008-02,282,289,590,-0.0119,true
TX,48113-2009-01,922,771,1735,0.087,true
TX,48113-2010-01,611,564,1202,0.0391,true
TX,48113-2011-01,774,896,1722,-0.0708,true
TX,48113-2015-01,527,406,947,0.1278,true
TX,48113-2016-01,1068,1437,2561,-0.1441,true
TX,48113-2016-02,83,86,176,-0.017,true
TX,48113-2017-01,680,330,1034,0.3385,true
TX,48113-2018-01,368,378,764,-0.0131,true
TX,48113-2019-01,699,705,1456,-0.0041,true
TX,48113-2020-01,1149,745,1939,0.2084,true
TX,48113-2020-03,1,0,1,1,true
TX,48113-2021-01,1237,1687,3003,-0.1499,true
TX,48113-2022-01,331,294,638,0.058,true
TX,48113-2023-01,511,425,947,0.0908,true
TX,48113-2024-01,724,610,1366,0.0835,true
TX,48113-2025-01,907,1186,2131,-0.1309,true
TX,48113-2026-01,975,1398,2428,-0.1742,true
TX,48113-2027-01,540,729,1291,-0.1464,true
TX,48113-2028-01,1,0,1,1,true
TX,48113-2030-01,332,623,970,-0.3,true
TX,48113-2030-02,153,323,488,-0.3484,true
TX,48113-2030-03,11,18,30,-0.2333,true
TX,48113-2030-04,109,248,373,-0.3727,true
TX,48113-2030-05,0,2,2,-1,true
TX,48113-2031-01,1423,1027,2507,0.158,true
TX,48113-2032-01,875,611,1525,0.1731,true
TX,48113-2033-01,855,706,1603,0.093,true
TX,48113-2035-01,644,489,1157,0.134,true
TX,48113-2035-02,131,124,261,0.0268,true
TX,48113-2037-01,481,697,1190,-0.1815,true
TX,48113-2038-01,1300,1016,2372,0.1197,true
TX,48113-2038-02,102,62,168,0.2381,true
TX,48113-2039-01,1091,699,1836,0.2135,true
TX,48113-2039-02,209,145,364,0.1758,true
TX,48113-2040-01,762,587,1397,0.1253,true
TX,48113-2041-01,710,1230,1983,-0.2622,true
TX,48113-2041-02,828,504,1349,0.2402,true
TX,48113-2041-03,21,37,60,-0.2667,true
TX,48113-2042-01,1312,951,2316,0.1559,true
TX,48113-2043-01,886,658,1572,0.145,true
TX,48113-2043-02,38,16,54,0.4074,true
TX,48113-2044-01,424,324,762,0.1312,true
TX,48113-2045-01,574,374,964,0.2075,true
TX,48113-2045-02,293,215,523,0.1491,true
TX,48113-2046-01,491,471,984,0.0203,true
TX,48113-2046-02,226,180,423,0.1087,true
TX,48113-2047-01,965,824,1844,0.0765,true
TX,48113-2048-01,1692,989,2728,0.2577,true
TX,48113-2049-01,425,368,817,0.0698,true
TX,48113-2049-02,197,143,348,0.1552,true
TX,48113-2050-01,336,278,626,0.0927,true
TX,48113-2050-02,293,256,561,0.066,true
TX,48113-2051-01,1035,837,1936,0.1023,true
TX,48113-2052-01,407,552,985,-0.1472,true
TX,48113-2052-02,70,68,141,0.0142,true
TX,48113-2053-01,1192,526,1740,0.3828,true
TX,48113-2054-01,954,448,1431,0.3536,true
TX,48113-2055-01,464,304,779,0.2054,true
TX,48113-2055-02,5,3,8,0.25,true
TX,48113-2056-01,232,338,589,-0.18,true
TX,48113-2056-02,229,265,504,-0.0714,true
TX,48113-2057-01,127,191,323,-0.1981,true
TX,48113-2057-02,50,52,103,-0.0194,true
TX,48113-2058-01,403,326,752,0.1024,true
TX,48113-2058-02,40,24,64,0.25,true
TX,48113-2074-01,610,428,1071,0.1699,true
TX,48113-2074-03,6,6,12,0,true
TX,48113-2074-04,1,0,1,1,true
TX,48113-2076-01,0,3,3,-1,true
TX,48113-2077-01,479,517,1018,-0.0373,true
TX,48113-2079-01,783,297,1109,0.4382,true
TX,48113-2080-01,82,68,151,0.0927,true
TX,48113-2081-01,245,53,304,0.6316,true
TX,48113-2081-03,53,14,68,0.5735,true
TX,48113-2081-04,2,0,2,1,true
TX,48113-2082-01,422,201,637,0.3469,true
TX,48113-2082-02,700,209,927,0.5297,true
TX,48113-2083-01,620,434,1077,0.1727,true
TX,48113-2084-01,218,59,288,0.5521,true
TX,48113-2085-01,97,60,160,0.2313,true
TX,48113-2086-01,1354,753,2170,0.277,true
TX,48113-2087-01,1300,515,1863,0.4214,true
TX,48113-2090-01,26,13,40,0.325,true
TX,48113-2091-01,199,163,369,0.0976,true
TX,48113-2091-02,81,124,217,-0.1982,true
TX,48113-2091-03,47,90,142,-0.3028,true
TX,48113-2094-01,232,153,392,0.2015,true
TX,48113-2094-02,122,46,170,0.4471,true
TX,48113-2098-01,749,559,1329,0.143,true
TX,48113-2099-01,1757,772,2579,0.3819,true
TX,48113-2099-02,13,3,16,0.625,true
TX,48113-2100-01,883,238,1143,0.5643,true
TX,48113-2100-02,995,414,1433,0.4054,true
TX,48113-2101-01,668,705,1397,-0.0265,true
TX,48113-2102-01,959,886,1879,0.0389,true
TX,48113-2102-02,709,514,1254,0.1555,true
TX,48113-2103-01,345,122,477,0.4675,true
TX,48113-2103-02,70,42,114,0.2456,true
TX,48113-2103-04,1,0,1,1,true
TX,48113-2104-01,96,127,240,-0.1292,true
TX,48113-2104-02,0,4,6,-0.6667,true
TX,48113-2105-01,1312,559,1921,0.392,true
TX,48113-2106-01,951,209,1191,0.623,true
TX,48113-2107-01,4,1,5,0.6,true
TX,48113-2107-02,22,3,26,0.7308,true
TX,48113-2108-01,163,183,351,-0.057,true
TX,48113-2108-02,84,36,121,0.3967,true
TX,48113-2110-01,179,47,230,0.5739,true
TX,48113-2110-02,5,1,7,0.5714,true
TX,48113-2111-01,18,5,23,0.5652,true
TX,48113-2112-01,71,9,81,0.7654,true
TX,48113-2114-01,1010,728,1763,0.16,true
TX,48113-2114-02,159,119,283,0.1413,true
TX,48113-2114-03,4,9,13,-0.3846,true
TX,48113-2115-02,92,78,170,0.0824,true
TX,48113-2116-01,17,8,25,0.36,true
TX,48113-2116-02,40,26,69,0.2029,true
TX,48113-2117-01,812,204,1040,0.5846,true
TX,48113-2118-01,188,25,222,0.7342,true
TX,48113-2118-02,159,52,212,0.5047,true
TX,48113-2118-03,60,31,91,0.3187,true
TX,48113-2119-01,89,65,158,0.1519,true
TX,48113-2119-02,2,6,8,-0.5,true
TX,48113-2120-01,836,427,1292,0.3166,true
TX,48113-2121-01,382,90,482,0.6058,true
TX,48113-2122-01,498,289,807,0.259,true
TX,48113-2123-01,76,47,137,0.2117,true
TX,48113-2123-02,401,243,669,0.2362,true
TX,48113-2124-01,785,243,1051,0.5157,true
TX,48113-2124-02,0,2,2,-1,true
TX,48113-2124-03,0,1,1,-1,true
TX,48113-2125-01,1297,247,1582,0.6637,true
TX,48113-2125-02,15,13,29,0.069,true
TX,48113-2126-01,291,123,423,0.3972,true
TX,48113-2127-01,708,447,1218,0.2143,true
TX,48113-2127-02,202,107,317,0.2997,true
TX,48113-2127-03,326,263,607,0.1038,true
TX,48113-2128-01,1058,604,1701,0.2669,true
TX,48113-2128-02,124,27,154,0.6299,true
TX,48113-2129-01,189,63,256,0.4922,true
TX,48113-2130-01,376,165,556,0.3795,true
TX,48113-2131-01,706,249,977,0.4678,true
TX,48113-2132-01,293,138,444,0.3491,true
TX,48113-2133-01,24,2,26,0.8462,true
TX,48113-2134-01,873,365,1255,0.4048,true
TX,48113-2137-01,375,147,533,0.4278,true
TX,48113-2138-01,253,130,395,0.3114,true
TX,48113-2139-01,77,20,97,0.5876,true
TX,48113-2139-02,130,50,182,0.4396,true
TX,48113-2140-01,252,131,390,0.3103,true
TX,48113-2141-01,278,117,410,0.3927,true
TX,48113-2142-01,386,247,654,0.2125,true
TX,48113-2143-01,158,105,269,0.197,true
TX,48113-2143-02,3,0,3,1,true
TX,48113-2144-01,652,550,1230,0.0829,true
TX,48113-2145-01,627,639,1289,-0.0093,true
TX,48113-2145-02,328,262,603,0.1095,true
TX,48113-2145-03,96,87,186,0.0484,true
TX,48113-2146-01,1056,622,1720,0.2523,true
TX,48113-2147-01,950,582,1585,0.2322,true
TX,48113-2148-01,208,68,286,0.4895,true
TX,48113-2148-02,71,22,97,0.5052,true
TX,48113-2149-01,481,173,669,0.4604,true
TX,48113-2149-02,315,112,436,0.4656,true
TX,48113-2150-01,591,232,838,0.4284,true
TX,48113-2151-01,104,74,180,0.1667,true
TX,48113-2152-01,780,427,1230,0.287,true
TX,48113-2152-02,54,20,75,0.4533,true
TX,48113-2153-01,308,154,473,0.3256,true
TX,48113-2153-02,275,114,403,0.3995,true
TX,48113-2154-01,22,11,33,0.3333,true
TX,48113-2155-01,516,259,801,0.3208,true
TX,48113-2155-02,582,236,835,0.4144,true
TX,48113-2200-01,249,686,951,-0.4595,true
TX,48113-2200-02,193,334,534,-0.264,true
TX,48113-2201-01,480,964,1470,-0.3293,true
TX,48113-2201-05,2,0,2,1,true
TX,48113-2202-01,480,971,1495,-0.3284,true
TX,48113-2203-01,419,774,1230,-0.2886,true
TX,48113-2220-01,346,1051,1431,-0.4927,true
TX,48113-2221-01,816,2072,2956,-0.4249,true
TX,48113-2222-01,727,1656,2441,-0.3806,true
TX,48113-2223-01,528,792,1348,-0.1958,true
TX,48113-2224-01,577,710,1308,-0.1017,true
TX,48113-2225-01,470,847,1349,-0.2795,true
TX,48113-2226-01,700,1533,2277,-0.3658,true
TX,48113-2300-01,413,274,696,0.1997,true
TX,48113-2300-02,57,58,115,-0.0087,true
TX,48113-2300-04,0,7,7,-1,true
TX,48113-2301-01,792,966,1794,-0.097,true
TX,48113-2302-01,486,337,829,0.1797,true
TX,48113-2302-02,88,34,127,0.4252,true
TX,48113-2302-03,88,26,115,0.5391,true
TX,48113-2303-01,722,725,1475,-0.002,true
TX,48113-2303-03,115,56,176,0.3352,true
TX,48113-2305-01,515,151,677,0.5377,true
TX,48113-2305-02,252,105,364,0.4038,true
TX,48113-2305-03,438,287,750,0.2013,true
TX,48113-2306-01,480,442,940,0.0404,true
TX,48113-2307-01,252,196,460,0.1217,true
TX,48113-2308-01,1005,592,1649,0.2505,true
TX,48113-2308-04,8,9,17,-0.0588,true
TX,48113-2308-07,186,102,310,0.271,true
TX,48113-2309-01,772,396,1191,0.3157,true
TX,48113-2310-01,266,280,559,-0.025,true
TX,48113-2310-02,299,267,574,0.0557,true
TX,48113-2310-03,22,14,36,0.2222,true
TX,48113-2310-08,55,49,106,0.0566,true
TX,48113-2310-09,137,161,307,-0.0782,true
TX,48113-2310-10,12,12,24,0,true
TX,48113-2311-01,130,98,236,0.1356,true
TX,48113-2312-01,15,10,26,0.1923,true
TX,48113-2313-01,0,1,1,-1,true
TX,48113-2315-01,100,41,146,0.4041,true
TX,48113-2316-01,178,323,506,-0.2866,true
TX,48113-2316-02,286,173,469,0.2409,true
TX,48113-2316-03,62,88,151,-0.1722,true
TX,48113-2316-05,88,86,178,0.0112,true
TX,48113-2400-01,36,65,102,-0.2843,true
TX,48113-2401-01,943,846,1841,0.0527,true
TX,48113-2401-02,278,209,503,0.1372,true
TX,48113-2402-01,1068,974,2084,0.0451,true
TX,48113-2403-01,1,1,2,0,true
TX,48113-2404-01,673,524,1227,0.1214,true
TX,48113-2405-01,1201,1128,2380,0.0307,true
TX,48113-2406-01,1193,828,2071,0.1762,true
TX,48113-2406-03,13,19,32,-0.1875,true
TX,48113-2407-01,1411,1178,2657,0.0877,true
TX,48113-2408-01,699,447,1178,0.2139,true
TX,48113-2409-01,727,512,1245,0.1727,true
TX,48113-2410-01,617,371,1006,0.2445,true
TX,48113-2410-02,8,6,14,0.1429,true
TX,48113-2411-01,212,155,372,0.1532,true
TX,48113-2417-01,46,41,87,0.0575,true
TX,48113-2417-02,24,31,55,-0.1273,true
TX,48113-2500-01,666,552,1253,0.091,true
TX,48113-2501-01,524,550,1112,-0.0234,true
TX,48113-2502-01,647,847,1538,-0.13,true
TX,48113-2503-01,949,1162,2173,-0.098,true
TX,48113-2504-01,500,487,1026,0.0127,true
TX,48113-2505-01,815,621,1471,0.1319,true
TX,48113-2506-01,890,826,1776,0.036,true
TX,48113-2507-01,852,805,1713,0.0274,true
TX,48113-2508-01,745,540,1334,0.1537,true
TX,48113-2508-03,308,134,455,0.3824,true
TX,48113-2508-04,311,135,463,0.3801,true
TX,48113-2508-05,1,2,3,-0.3333,true
TX,48113-2509-01,1063,1025,2166,0.0175,true
TX,48113-2510-01,713,513,1280,0.1563,true
TX,48113-2511-01,805,644,1493,0.1078,true
TX,48113-2512-01,537,434,1017,0.1013,true
TX,48113-2513-01,947,834,1869,0.0605,true
TX,48113-2514-01,1003,874,1972,0.0654,true
TX,48113-2515-01,296,244,560,0.0929,true
TX,48113-2517-01,818,466,1564,0.2251,true
TX,48113-2518-01,747,566,1365,0.1326,true
TX,48113-2519-01,840,500,1395,0.2437,true
TX,48113-2520-01,1139,703,2045,0.2132,true
TX,48113-2520-02,105,45,161,0.3727,true
TX,48113-2521-01,607,451,1081,0.1443,true
TX,48113-2521-02,284,177,477,0.2243,true
TX,48113-2523-01,453,158,642,0.4595,true
TX,48113-2523-02,213,152,374,0.1631,true
TX,48113-2601-01,405,248,698,0.2249,true
TX,48113-2601-02,322,171,509,0.2967,true
TX,48113-2602-01,1043,648,2001,0.1974,true
TX,48113-2603-01,455,352,869,0.1185,true
TX,48113-2603-02,549,337,949,0.2234,true
TX,48113-2603-03,143,123,286,0.0699,true
TX,48113-2604-01,1148,669,1993,0.2403,true
TX,48113-2605-01,1211,847,2214,0.1644,true
TX,48113-2605-03,2,2,5,0,true
TX,48113-2606-01,354,280,655,0.113,true
TX,48113-2606-02,459,318,804,0.1754,true
TX,48113-2607-01,1,1,2,0,true
TX,48113-2608-01,1096,1056,2265,0.0177,true
TX,48113-2608-02,13,16,31,-0.0968,true
TX,48113-2609-01,3,3,6,0,true
TX,48113-2611-01,262,162,443,0.2257,true
TX,48113-2611-02,58,27,89,0.3483,true
TX,48113-2611-03,254,251,538,0.0056,true
TX,48113-2612-01,119,50,174,0.3966,true
TX,48113-2613-01,1580,1069,2776,0.1841,true
TX,48113-2613-02,11,4,15,0.4667,true
TX,48113-2614-01,97,68,176,0.1648,true
TX,48113-2801-01,1179,1272,2528,-0.0368,true
TX,48113-2802-01,1680,1691,3494,-0.0031,true
TX,48113-2803-01,404,581,1017,-0.174,true
TX,48113-2804-01,857,964,1890,-0.0566,true
TX,48113-2804-04,7,8,15,-0.0667,true
TX,48113-2805-01,1226,1207,2506,0.0076,true
TX,48113-2805-02,285,223,525,0.1181,true
TX,48113-2806-01,971,944,1992,0.0136,true
TX,48113-2807-01,908,788,1768,0.0679,true
TX,48113-2807-02,9,11,20,-0.1,true
TX,48113-2807-04,34,36,74,-0.027,true
TX,48113-2808-01,1205,1260,2552,-0.0216,true
TX,48113-2810-01,3,14,19,-0.5789,true
TX,48113-2900-01,1216,1088,2342,0.0547,true
TX,48113-2901-01,670,384,1076,0.2658,true
TX,48113-2902-01,672,357,1049,0.3003,true
TX,48113-2902-02,15,9,26,0.2308,true
TX,48113-2903-01,1281,719,2046,0.2747,true
TX,48113-2904-01,3,8,12,-0.4167,true
TX,48113-2905-01,184,209,401,-0.0623,true
TX,48113-2910-01,11,20,31,-0.2903,true
TX,48113-2911-01,97,83,184,0.0761,true
TX,48113-2913-01,0,4,4,-1,true
TX,48113-3000-01,1495,1263,2821,0.0822,true
TX,48113-3001-01,112,38,150,0.4933,true
TX,48113-3001-02,53,6,59,0.7966,true
TX,48113-3001-03,24,4,29,0.6897,true
TX,48113-3002-01,369,135,512,0.457,true
TX,48113-3003-01,908,166,1091,0.6801,true
TX,48113-3004-01,1043,273,1340,0.5746,true
TX,48113-3005-01,345,245,596,0.1678,true
TX,48113-3006-01,912,970,1912,-0.0303,true
TX,48113-3006-02,298,318,633,-0.0316,true
TX,48113-3007-01,315,340,664,-0.0377,true
TX,48113-3007-02,134,166,304,-0.1053,true
TX,48113-3007-03,88,97,190,-0.0474,true
TX,48113-3008-01,0,1,1,-1,true
TX,48113-3008-02,344,142,494,0.4089,true
TX,48113-3008-03,96,21,117,0.641,true
TX,48113-3010-01,240,60,301,0.598,true
TX,48113-3011-01,507,330,853,0.2075,true
TX,48113-3012-01,11,3,14,0.5714,true
TX,48113-3012-02,48,25,75,0.3067,true
TX,48113-3012-03,0,2,2,-1,true
TX,48113-3013-01,24,26,50,-0.04,true
TX,48113-3013-02,234,101,338,0.3935,true
TX,48113-3014-01,515,222,751,0.3901,true
TX,48113-3014-02,413,321,747,0.1232,true
TX,48113-3015-01,71,64,135,0.0519,true
TX,48113-3015-02,1,0,1,1,true
TX,48113-3016-01,483,131,630,0.5587,true
TX,48113-3016-02,255,57,318,0.6226,true
TX,48113-3016-03,40,21,62,0.3065,true
TX,48113-3017-01,232,62,303,0.5611,true
TX,48113-3018-01,673,74,764,0.784,true
TX,48113-3019-01,231,36,270,0.7222,true
TX,48113-3020-01,111,25,142,0.6056,true
TX,48113-3021-01,313,54,373,0.6944,true
TX,48113-3022-01,580,83,677,0.7341,true
TX,48113-3023-01,433,49,495,0.7758,true
TX,48113-3024-01,483,71,567,0.7266,true
TX,48113-3025-01,53,9,62,0.7097,true
TX,48113-3026-01,276,37,320,0.7469,true
TX,48113-3027-01,481,63,554,0.7545,true
TX,48113-3028-01,382,52,441,0.7483,true
TX,48113-3029-01,342,48,400,0.735,true
TX,48113-3030-01,1,0,1,1,true
TX,48113-3031-01,231,165,404,0.1634,true
TX,48113-3032-01,545,151,714,0.5518,true
TX,48113-3033-01,141,31,175,0.6286,true
TX,48113-3034-01,587,80,681,0.7445,true
TX,48113-3035-01,509,85,611,0.6939,true
TX,48113-3036-01,1,4,5,-0.6,true
TX,48113-3037-01,148,32,184,0.6304,true
TX,48113-3038-01,405,49,461,0.7722,true
TX,48113-3039-01,848,100,957,0.7816,true
TX,48113-3040-01,411,61,483,0.7246,true
TX,48113-3041-01,59,13,74,0.6216,true
TX,48113-3042-01,491,55,552,0.7899,true
TX,48113-3043-01,674,92,787,0.7395,true
TX,48113-3044-01,916,132,1067,0.7348,true
TX,48113-3045-01,270,69,345,0.5826,true
TX,48113-3046-01,1055,235,1308,0.6269,true
TX,48113-3047-01,534,220,765,0.4105,true
TX,48113-3048-01,929,89,1040,0.8077,true
TX,48113-3049-01,778,97,892,0.7635,true
TX,48113-3050-01,664,111,791,0.6991,true
TX,48113-3051-01,318,26,346,0.8439,true
TX,48113-3052-01,787,81,879,0.8032,true
TX,48113-3053-01,901,166,1077,0.6825,true
TX,48113-3053-02,1,0,1,1,true
TX,48113-3053-03,97,7,105,0.8571,true
TX,48113-3054-01,1461,115,1594,0.8444,true
TX,48113-3055-01,1306,145,1474,0.7877,true
TX,48113-3056-01,1329,122,1476,0.8178,true
TX,48113-3057-01,923,172,1110,0.6766,true
TX,48113-3057-02,197,44,244,0.627,true
TX,48113-3058-01,952,105,1067,0.7938,true
TX,48113-3059-01,577,38,631,0.8542,true
TX,48113-3060-01,632,44,688,0.8547,true
TX,48113-3061-01,557,48,610,0.8344,true
TX,48113-3062-01,971,139,1137,0.7318,true
TX,48113-3063-01,1216,179,1422,0.7293,true
TX,48113-3063-03,276,24,305,0.8262,true
TX,48113-3064-01,1301,115,1439,0.8242,true
TX,48113-3065-01,908,106,1032,0.7771,true
TX,48113-3066-01,761,96,870,0.7644,true
TX,48113-3067-01,279,22,303,0.8482,true
TX,48113-3067-02,319,30,352,0.821,true
TX,48113-3067-03,127,13,140,0.8143,true
TX,48113-3067-04,90,5,96,0.8854,true
TX,48113-3068-01,1761,195,2000,0.783,true
TX,48113-3068-02,3,0,3,1,true
TX,48113-3068-06,2,1,4,0.25,true
TX,48113-3069-01,777,85,880,0.7864,true
TX,48113-3070-01,1229,146,1392,0.778,true
TX,48113-3071-01,1032,116,1161,0.789,true
TX,48113-3072-01,6,2,8,0.5,true
TX,48113-3072-04,11,1,12,0.8333,true
TX,48113-3073-01,87,13,100,0.74,true
TX,48113-3074-01,245,146,397,0.2494,true
TX,48113-3075-01,43,17,60,0.4333,true
TX,48113-3075-02,6,1,7,0.7143,true
TX,48113-3075-04,28,6,34,0.6471,true
TX,48113-3077-01,1396,508,1940,0.4577,true
TX,48113-3078-01,921,245,1187,0.5695,true
TX,48113-3078-02,310,91,414,0.529,true
TX,48113-3079-01,58,39,97,0.1959,true
TX,48113-3079-02,116,55,173,0.3526,true
TX,48113-3079-04,2,5,7,-0.4286,true
TX,48113-3080-01,451,270,733,0.2469,true
TX,48113-3081-01,643,421,1091,0.2035,true
TX,48113-3082-01,812,153,976,0.6752,true
TX,48113-3082-02,9,6,15,0.2,true
TX,48113-3082-03,59,6,65,0.8154,true
TX,48113-3082-05,4,0,4,1,true
TX,48113-3083-01,479,275,765,0.2667,true
TX,48113-3083-02,8,8,16,0,true
TX,48113-3084-01,788,223,1036,0.5454,true
TX,48113-3085-01,70,81,152,-0.0724,true
TX,48113-3085-02,22,3,25,0.76,true
TX,48113-3086-01,929,748,1709,0.1059,true
TX,48113-3086-02,339,358,701,-0.0271,true
TX,48113-3088-01,29,10,41,0.4634,true
TX,48113-3089-01,32,63,95,-0.3263,true
TX,48113-3090-01,568,159,743,0.5505,true
TX,48113-3092-01,622,92,728,0.728,true
TX,48113-3092-02,1,0,1,1,true
TX,48113-3093-01,3,2,5,0.2,true
TX,48113-3095-01,873,325,1223,0.4481,true
TX,48113-3095-02,226,198,432,0.0648,true
TX,48113-3095-03,128,56,186,0.3871,true
TX,48113-3096-01,991,345,1368,0.4722,true
TX,48113-3096-02,4,9,13,-0.3846,true
TX,48113-3096-03,100,43,146,0.3904,true
TX,48113-3096-04,18,5,23,0.5652,true
TX,48113-3096-05,116,44,163,0.4417,true
TX,48113-3097-01,77,8,88,0.7841,true
TX,48113-3098-01,102,11,115,0.7913,true
TX,48113-3099-01,128,16,147,0.7619,true
TX,48113-30T4-01,4,0,4,1,true
TX,48113-3100-01,1105,386,1508,0.4768,true
TX,48113-3100-02,3,8,11,-0.4545,true
TX,48113-3100-03,5,2,7,0.4286,true
TX,48113-3101-01,460,85,557,0.6732,true
TX,48113-3101-02,81,101,183,-0.1093,true
TX,48113-3101-03,173,44,219,0.589,true
TX,48113-3101-05,0,3,3,-1,true
TX,48113-3101-07,38,2,42,0.8571,true
TX,48113-3102-01,1310,369,1705,0.5519,true
TX,48113-3103-01,1154,306,1484,0.5714,true
TX,48113-3103-02,486,75,570,0.7211,true
TX,48113-3104-01,1318,395,1744,0.5292,true
TX,48113-3105-01,1142,461,1625,0.4191,true
TX,48113-3105-02,28,43,72,-0.2083,true
TX,48113-3106-01,1684,561,2277,0.4932,true
TX,48113-3107-01,1387,273,1681,0.6627,true
TX,48113-3108-01,1030,694,1749,0.1921,true
TX,48113-3109-01,1563,1202,2811,0.1284,true
TX,48113-3110-01,1649,364,2044,0.6287,true
TX,48113-3111-01,2,1,3,0.3333,true
TX,48113-3112-01,30,10,40,0.5,true
TX,48113-3113-01,2,0,2,1,true
TX,48113-3115-01,1042,328,1401,0.5096,true
TX,48113-3115-02,70,13,85,0.6706,true
TX,48113-3116-01,2,0,2,1,true
TX,48113-3117-02,9,3,12,0.5,true
TX,48113-3200-01,888,577,1489,0.2089,true
TX,48113-3200-02,35,17,52,0.3462,true
TX,48113-3201-01,485,362,857,0.1435,true
TX,48113-3201-02,141,67,215,0.3442,true
TX,48113-3202-01,1019,403,1440,0.4278,true
TX,48113-3202-02,16,4,20,0.6,true
TX,48113-3203-01,708,334,1064,0.3515,true
TX,48113-3203-02,171,35,207,0.657,true
TX,48113-3204-01,749,493,1262,0.2029,true
TX,48113-3204-02,137,79,220,0.2636,true
TX,48113-3205-01,849,197,1058,0.6163,true
TX,48113-3206-01,908,680,1610,0.1416,true
TX,48113-3207-01,690,613,1327,0.058,true
TX,48113-3207-02,199,39,245,0.6531,true
TX,48113-3208-01,520,331,863,0.219,true
TX,48113-3208-02,111,18,129,0.7209,true
TX,48113-3209-01,55,60,119,-0.042,true
TX,48113-3210-01,732,509,1262,0.1767,true
TX,48113-3211-01,394,287,692,0.1546,true
TX,48113-3304-01,707,628,1351,0.0585,true
TX,48113-3304-03,232,213,450,0.0422,true
TX,48113-3305-01,1347,1177,2563,0.0663,true
TX,48113-3306-01,359,300,679,0.0869,true
TX,48113-3306-02,107,68,176,0.2216,true
TX,48113-3307-01,606,418,1034,0.1818,true
TX,48113-3308-01,594,494,1101,0.0908,true
TX,48113-3309-01,653,577,1244,0.0611,true
TX,48113-3310-01,750,812,1579,-0.0393,true
TX,48113-3310-02,1,7,8,-0.75,true
TX,48113-3311-01,638,676,1329,-0.0286,true
TX,48113-3312-01,1113,796,1941,0.1633,true
TX,48113-3313-01,1275,749,2055,0.256,true
TX,48113-3314-01,629,422,1076,0.1924,true
TX,48113-3314-02,796,335,1145,0.4026,true
TX,48113-3315-01,266,100,379,0.438,true
TX,48113-3315-02,177,179,361,-0.0055,true
TX,48113-3316-01,417,314,734,0.1403,true
TX,48113-3316-02,571,410,994,0.162,true
TX,48113-3317-01,1230,540,1795,0.3844,true
TX,48113-3317-02,37,44,82,-0.0854,true
TX,48113-3318-01,625,370,1011,0.2522,true
TX,48113-3319-01,62,17,84,0.5357,true
TX,48113-3325-01,877,291,1178,0.4975,true
TX,48113-3325-02,7,8,15,-0.0667,true
TX,48113-3327-01,2,0,2,1,true
TX,48113-3328-01,10,11,22,-0.0455,true
TX,48113-3500-02,1,0,1,1,true
TX,48113-3500-03,1012,2008,3110,-0.3203,true
TX,48113-3501-03,2,7,9,-0.5556,true
TX,48113-3503-01,292,646,953,-0.3715,true
TX,48113-3504-01,274,620,903,-0.3832,true
TX,48113-3600-01,873,148,1033,0.7018,true
TX,48113-3600-02,448,54,513,0.768,true
TX,48113-3600-03,22,28,50,-0.12,true
TX,48113-3600-04,4,0,5,0.8,true
TX,48113-3600-05,16,37,53,-0.3962,true
TX,48113-3601-01,1214,281,1526,0.6114,true
TX,48113-3601-02,15,7,22,0.3636,true
TX,48113-3602-01,428,88,523,0.6501,true
TX,48113-3603-01,137,39,179,0.5475,true
TX,48113-3603-02,16,2,18,0.7778,true
TX,48113-3604-01,1397,385,1812,0.5585,true
TX,48113-3605-01,1172,225,1412,0.6707,true
TX,48113-3606-01,1232,173,1425,0.7432,true
TX,48113-3606-02,16,7,23,0.3913,true
TX,48113-3607-01,2402,373,2827,0.7177,true
TX,48113-3608-01,2108,218,2361,0.8005,true
TX,48113-3609-01,885,179,1078,0.6549,true
TX,48113-3609-02,1036,159,1203,0.729,true
TX,48113-3610-01,88,44,134,0.3284,true
TX,48113-3610-02,137,43,182,0.5165,true
TX,48113-3611-01,533,206,752,0.4348,true
TX,48113-3612-01,1419,276,1715,0.6665,true
TX,48113-3612-02,357,63,421,0.6983,true
TX,48113-3613-01,269,127,402,0.3532,true
TX,48113-3614-01,306,58,371,0.6685,true
TX,48113-3614-02,165,19,188,0.7766,true
TX,48113-3615-01,1413,211,1652,0.7276,true
TX,48113-3616-01,420,65,492,0.7215,true
TX,48113-3617-01,1543,150,1710,0.8146,true
TX,48113-3618-01,558,77,643,0.7481,true
TX,48113-3618-02,0,1,1,-1,true
TX,48113-3619-01,72,40,114,0.2807,true
TX,48113-3620-01,790,146,944,0.6822,true
TX,48113-3621-01,341,59,403,0.6998,true
TX,48113-3701-03,0,4,4,-1,true
TX,48113-3701-04,0,3,3,-1,true
TX,48113-3702-01,0,1,1,-1,true
TX,48113-3702-03,114,106,226,0.0354,true
TX,48113-3702-04,0,1,1,-1,true
TX,48113-3800-01,38,31,70,0.1,true
TX,48113-3800-02,1190,124,1332,0.8003,true
TX,48113-3800-03,15,2,17,0.7647,true
TX,48113-3800-04,979,113,1110,0.7802,true
TX,48113-3800-05,414,58,475,0.7495,true
TX,48113-3801-01,1,3,4,-0.5,true
TX,48113-3801-02,165,85,255,0.3137,true
TX,48113-3802-01,946,187,1150,0.66,true
TX,48113-3802-02,879,99,993,0.7855,true
TX,48113-3802-03,65,7,72,0.8056,true
TX,48113-3803-01,332,54,390,0.7128,true
TX,48113-3803-02,1075,110,1203,0.8022,true
TX,48113-3803-03,247,38,286,0.7308,true
TX,48113-3803-04,205,35,243,0.6996,true
TX,48113-3805-01,957,106,1086,0.7836,true
TX,48113-3805-02,1127,151,1294,0.7543,true
TX,48113-3805-03,591,69,665,0.785,true
TX,48113-3805-04,1,0,1,1,true
TX,48113-3806-01,530,61,598,0.7843,true
TX,48113-3806-02,74,6,82,0.8293,true
TX,48113-3807-01,282,96,382,0.4869,true
TX,48113-3807-02,446,66,521,0.7294,true
TX,48113-3807-03,103,13,118,0.7627,true
TX,48113-3807-04,225,49,277,0.6354,true
TX,48113-3807-05,106,16,123,0.7317,true
TX,48113-3807-06,29,14,46,0.3261,true
TX,48113-3807-07,124,6,131,0.9008,true
TX,48113-3808-01,522,279,819,0.2967,true
TX,48113-3808-02,62,42,105,0.1905,true
TX,48113-3808-03,82,137,221,-0.2489,true
TX,48113-3808-05,68,58,127,0.0787,true
TX,48113-3808-06,334,231,571,0.1804,true
TX,48113-3808-07,656,82,749,0.7664,true
TX,48113-3808-08,42,16,59,0.4407,true
TX,48113-3809-01,116,45,163,0.4356,true
TX,48113-3809-02,39,11,50,0.56,true
TX,48113-3809-03,4,1,5,0.6,true
TX,48113-3900-01,1546,421,1997,0.5633,true
TX,48113-3920-01,20,65,85,-0.5294,true
TX,48113-3920-02,487,643,1137,-0.1372,true
TX,48113-3920-03,25,138,164,-0.689,true
TX,48113-3920-05,0,2,2,-1,true
TX,48113-3920-06,0,1,1,-1,true
TX,48113-3920-07,3,4,7,-0.1429,true
TX,48113-3921-01,1108,1208,2342,-0.0427,true
TX,48113-3921-02,571,233,816,0.4142,true
TX,48113-3922-01,32,16,50,0.32,true
TX,48113-3940-01,53,40,95,0.1368,true
TX,48113-3940-03,16,26,42,-0.2381,true
TX,48113-3940-10,11,10,22,0.0455,true
TX,48113-3940-11,15,12,27,0.1111,true
TX,48113-3940-36,1,5,6,-0.6667,true
TX,48113-3950-01,896,363,1277,0.4174,true
TX,48113-3950-02,1,5,6,-0.6667,true
TX,48113-3951-01,1872,356,2263,0.6699,true
TX,48113-3952-01,169,19,188,0.7979,true
TX,48113-3960-01,1094,1252,2397,-0.0659,true
TX,48113-3960-02,60,135,198,-0.3788,true
TX,48113-3960-05,2,7,9,-0.5556,true
TX,48113-3961-01,889,1027,1962,-0.0703,true
TX,48113-3962-01,1727,1912,3719,-0.0497,true
TX,48113-3963-01,744,895,1655,-0.0912,true
TX,48113-3963-03,7,19,27,-0.4444,true
TX,48113-3963-05,2,2,4,0,true
TX,48113-3963-07,0,2,2,-1,true
TX,48113-3963-08,0,1,1,-1,true
TX,48113-3964-01,799,754,1585,0.0284,true
TX,48113-3965-01,1135,1170,2343,-0.0149,true
TX,48113-3966-01,1154,1331,2537,-0.0698,true
TX,48113-3967-01,515,528,1054,-0.0123,true
TX,48113-3968-01,1302,1445,2783,-0.0514,true
TX,48113-3969-01,785,1302,2119,-0.244,true
TX,48113-3970-02,997,1475,2522,-0.1895,true
TX,48113-3971-01,935,1081,2056,-0.071,true
TX,48113-3980-01,1047,1464,2595,-0.1607,true
TX,48113-3981-01,377,705,1116,-0.2939,true
TX,48113-3982-01,1121,1415,2629,-0.1118,true
TX,48113-3982-02,72,229,312,-0.5032,true
TX,48113-3982-03,102,125,238,-0.0966,true
TX,48113-3982-07,5,6,11,-0.0909,true
TX,48113-3982-08,72,104,178,-0.1798,true
TX,48113-3982-09,11,12,23,-0.0435,true
TX,48113-3983-01,605,941,1587,-0.2117,true
TX,48113-3983-02,52,82,139,-0.2158,true
TX,48113-3984-01,364,558,946,-0.2051,true
TX,48113-4000-01,117,72,191,0.2356,true
TX,48113-4000-02,3,5,8,-0.25,true
TX,48113-4001-01,342,138,493,0.4138,true
TX,48113-4001-03,130,61,194,0.3557,true
TX,48113-4002-01,475,283,768,0.25,true
TX,48113-4003-01,77,41,118,0.3051,true
TX,48113-4003-03,0,6,6,-1,true
TX,48113-4004-01,437,229,679,0.3063,true
TX,48113-4004-03,259,121,388,0.3557,true
TX,48113-4005-01,300,167,478,0.2782,true
TX,48113-4006-01,571,345,934,0.242,true
TX,48113-4007-01,98,47,147,0.3469,true
TX,48113-4008-01,160,73,235,0.3702,true
TX,48113-4009-01,510,215,735,0.4014,true
TX,48113-4010-01,644,398,1059,0.2323,true
TX,48113-4011-01,290,159,458,0.286,true
TX,48113-4012-01,36,27,63,0.1429,true
TX,48113-4013-01,123,141,269,-0.0669,true
TX,48113-4014-01,745,839,1617,-0.0581,true
TX,48113-4015-01,659,342,1023,0.3099,true
TX,48113-4016-01,709,308,1033,0.3882,true
TX,48113-4017-01,215,121,342,0.2749,true
TX,48113-4018-01,537,356,909,0.1991,true
TX,48113-4019-01,853,222,1111,0.568,true
TX,48113-4019-02,338,65,414,0.6594,true
TX,48113-4020-01,376,115,498,0.5241,true
TX,48113-4020-02,72,61,137,0.0803,true
TX,48113-4021-01,1085,244,1350,0.623,true
TX,48113-4021-02,91,20,114,0.6228,true
TX,48113-4021-03,161,30,196,0.6684,true
TX,48113-4022-01,651,158,831,0.5933,true
TX,48113-4024-01,781,208,1014,0.5651,true
TX,48113-4025-01,147,33,183,0.623,true
TX,48113-4026-01,13,5,18,0.4444,true
TX,48113-4026-02,35,15,51,0.3922,true
TX,48113-4027-01,102,52,155,0.3226,true
TX,48113-4028-01,340,88,435,0.5793,true
TX,48113-4028-02,49,5,55,0.8,true
TX,48113-4029-01,5,2,7,0.4286,true
TX,48113-4030-01,7,4,11,0.2727,true
TX,48113-4031-01,810,190,1013,0.612,true
TX,48113-4031-02,49,15,66,0.5152,true
TX,48113-4031-03,35,9,45,0.5778,true
TX,48113-4031-04,48,14,62,0.5484,true
TX,48113-4033-01,919,364,1306,0.425,true
TX,48113-4035-01,349,58,415,0.7012,true
TX,48113-4035-02,191,18,212,0.816,true
TX,48113-4035-03,44,5,51,0.7647,true
TX,48113-4035-04,24,9,34,0.4412,true
TX,48113-4036-01,282,86,381,0.5144,true
TX,48113-4036-02,16,3,19,0.6842,true
TX,48113-4037-01,93,27,121,0.5455,true
TX,48113-4038-01,898,177,1095,0.6584,true
TX,48113-4039-01,213,55,269,0.5874,true
TX,48113-4040-01,304,46,361,0.7147,true
TX,48113-4041-01,226,53,284,0.6092,true
TX,48113-4043-01,462,144,610,0.5213,true
TX,48113-4044-01,381,128,515,0.4913,true
TX,48113-4046-01,411,125,545,0.5248,true
TX,48113-4047-01,328,53,386,0.7124,true
TX,48113-4048-01,0,1,1,-1,true
TX,48113-4050-01,1985,720,2756,0.459,true
TX,48113-4052-01,1766,749,2582,0.3939,true
TX,48113-4053-01,83,49,135,0.2519,true
TX,48113-4053-03,97,60,157,0.2357,true
TX,48113-4054-01,176,89,268,0.3246,true
TX,48113-4055-01,393,255,666,0.2072,true
TX,48113-4055-02,202,51,258,0.5853,true
TX,48113-4055-03,301,105,412,0.4757,true
TX,48113-4056-01,926,277,1226,0.5294,true
TX,48113-4056-02,83,42,128,0.3203,true
TX,48113-4057-01,608,263,877,0.3934,true
TX,48113-4058-01,329,171,509,0.3104,true
TX,48113-4059-01,171,72,247,0.4008,true
TX,48113-4060-01,757,370,1133,0.3416,true
TX,48113-4060-08,5,1,6,0.6667,true
TX,48113-4060-09,7,3,10,0.4,true
TX,48113-4061-01,742,368,1128,0.3316,true
TX,48113-4062-01,585,259,858,0.38,true
TX,48113-4063-01,1034,373,1436,0.4603,true
TX,48113-4063-02,206,97,308,0.3539,true
TX,48113-4065-01,224,114,342,0.3216,true
TX,48113-4066-01,328,210,549,0.2149,true
TX,48113-4067-01,692,327,1034,0.353,true
TX,48113-4068-01,732,306,1070,0.3981,true
TX,48113-4069-01,1190,459,1691,0.4323,true
TX,48113-4070-01,595,248,859,0.404,true
TX,48113-4071-01,104,46,153,0.3791,true
TX,48113-4072-01,108,40,150,0.4533,true
TX,48113-4073-01,717,255,988,0.4676,true
TX,48113-4074-01,1436,401,1889,0.5479,true
TX,48113-4075-01,656,159,830,0.5988,true
TX,48113-4076-01,607,255,879,0.4005,true
TX,48113-4076-02,425,134,563,0.5169,true
TX,48113-4077-01,553,129,705,0.6014,true
TX,48113-4078-01,919,247,1194,0.5628,true
TX,48113-4079-01,2184,731,2973,0.4887,true
TX,48113-4080-01,397,203,613,0.3165,true
TX,48113-4081-01,909,425,1357,0.3567,true
TX,48113-4081-02,65,29,94,0.383,true
TX,48113-4081-03,119,43,167,0.4551,true
TX,48113-4082-01,1185,312,1523,0.5732,true
TX,48113-4083-01,673,168,850,0.5941,true
TX,48113-4084-01,226,80,314,0.465,true
TX,48113-4085-01,321,154,480,0.3479,true
TX,48113-4086-01,29,25,55,0.0727,true
TX,48113-4086-03,1101,382,1517,0.474,true
TX,48113-4086-05,0,1,1,-1,true
TX,48113-4087-01,237,82,326,0.4755,true
TX,48113-4088-01,91,36,130,0.4231,true
TX,48113-4090-01,33,20,55,0.2364,true
TX,48113-4092-01,73,32,106,0.3868,true
TX,48113-4093-01,23,2,25,0.84,true
TX,48113-4093-02,5,0,5,1,true
TX,48113-4094-01,157,76,235,0.3447,true
TX,48113-4094-02,42,45,87,-0.0345,true
TX,48113-4095-01,19,20,39,-0.0256,true
TX,48113-4096-01,2,8,10,-0.6,true
TX,48113-4097-01,404,200,618,0.3301,true
TX,48113-4098-01,18,12,31,0.1935,true
TX,48113-4099-01,507,475,1005,0.0318,true
TX,48113-4100-01,20,3,23,0.7391,true
TX,48113-4101-01,36,19,55,0.3091,true
TX,48113-4107-01,41,11,53,0.566,true
TX,48113-4108-01,23,1,24,0.9167,true
TX,48113-4109-01,18,3,21,0.7143,true
TX,48113-4110-01,360,51,416,0.7428,true
TX,48113-4111-01,101,63,166,0.2289,true
TX,48113-4112-01,7,97,107,-0.8411,true
TX,48113-4113-01,682,390,1088,0.2684,true
TX,48113-4114-01,522,262,788,0.3299,true
TX,48113-4115-01,200,57,265,0.5396,true
TX,48113-4116-02,11,1,12,0.8333,true
TX,48113-4117-01,14,7,23,0.3043,true
TX,48113-4120-01,155,62,221,0.4208,true
TX,48113-4126-01,488,624,1143,-0.119,true
TX,48113-4126-02,58,82,146,-0.1644,true
TX,48113-4126-03,12,7,19,0.2632,true
TX,48113-4127-01,144,245,399,-0.2531,true
TX,48113-4128-01,429,558,1016,-0.127,true
TX,48113-4129-01,424,740,1194,-0.2647,true
TX,48113-4129-02,123,196,326,-0.2239,true
TX,48113-4130-01,665,746,1440,-0.0563,true
TX,48113-4131-01,240,54,297,0.6263,true
TX,48113-4131-02,528,101,637,0.6703,true
TX,48113-4135-01,652,269,945,0.4053,true
TX,48113-4141-01,78,34,115,0.3826,true
TX,48113-4143-01,51,12,63,0.619,true
TX,48113-4147-01,18,9,27,0.3333,true
TX,48113-4149-01,64,15,83,0.5904,true
TX,48113-4152-01,1,0,1,1,true
TX,48113-4153-01,48,8,57,0.7018,true
TX,48113-4157-01,51,28,79,0.2911,true
TX,48113-4157-02,23,13,37,0.2703,true
TX,48113-4161-01,363,160,527,0.3852,true
TX,48113-4300-01,425,297,731,0.1751,true
TX,48113-4500-01,186,173,367,0.0354,true
TX,48113-4500-02,800,505,1327,0.2223,true
TX,48113-4501-01,266,244,523,0.0421,true
TX,48113-4501-02,581,406,1003,0.1745,true
TX,48113-4502-01,1406,869,2321,0.2314,true
TX,48113-4503-02,50,36,88,0.1591,true
TX,48113-4504-01,462,330,799,0.1652,true
TX,48113-4505-01,255,228,489,0.0552,true
TX,48113-4505-02,353,251,615,0.1659,true
TX,48113-4505-04,7,9,18,-0.1111,true
TX,48113-4505-05,79,42,124,0.2984,true
TX,48113-4506-01,374,346,729,0.0384,true
TX,48113-4506-02,57,62,120,-0.0417,true
TX,48113-4507-01,296,79,379,0.5726,true
TX,48113-4507-03,83,42,129,0.3178,true
TX,48113-4508-01,142,122,268,0.0746,true
TX,48113-4508-02,17,6,24,0.4583,true
TX,48113-4509-01,332,418,763,-0.1127,true
TX,48113-4509-02,37,42,80,-0.0625,true
TX,48113-4510-01,605,510,1133,0.0838,true
TX,48113-4511-01,244,220,472,0.0508,true
TX,48113-4511-02,139,125,265,0.0528,true
TX,48113-4511-03,123,110,238,0.0546,true
TX,48113-4512-01,298,385,695,-0.1252,true
TX,48113-4513-01,496,256,758,0.3166,true
TX,48113-4513-02,263,250,518,0.0251,true
TX,48113-4513-03,11,10,21,0.0476,true
TX,48113-4513-04,3,2,5,0.2,true
TX,48113-4514-01,354,412,782,-0.0742,true
TX,48113-4514-02,13,11,24,0.0833,true
TX,48113-4515-01,549,425,989,0.1254,true
TX,48113-4516-01,9,3,12,0.5,true
TX,48113-4517-01,955,1038,2032,-0.0408,true
TX,48113-4518-01,225,148,378,0.2037,true
TX,48113-4518-02,359,312,678,0.0693,true
TX,48113-4519-01,1422,946,2397,0.1986,true
TX,48113-4520-01,379,288,677,0.1344,true
TX,48113-4521-01,598,363,972,0.2418,true
TX,48113-4521-02,470,472,959,-0.0021,true
TX,48113-4521-03,376,304,688,0.1047,true
TX,48113-4521-04,215,148,364,0.1841,true
TX,48113-4522-01,515,170,697,0.495,true
TX,48113-4522-02,1205,870,2113,0.1585,true
TX,48113-4522-03,0,2,2,-1,true
TX,48113-4523-01,342,199,551,0.2595,true
TX,48113-4525-01,422,289,724,0.1837,true
TX,48113-4527-02,1,2,3,-0.3333,true
TX,48113-4527-03,180,186,374,-0.016,true
TX,48113-4527-04,221,180,409,0.1002,true
TX,48113-4529-01,294,203,503,0.1809,true
TX,48113-4530-01,86,30,119,0.4706,true
TX,48113-4531-01,49,55,108,-0.0556,true
TX,48113-4531-02,69,94,164,-0.1524,true
TX,48113-4531-03,37,30,68,0.1029,true
TX,48113-4532-01,61,63,125,-0.016,true
TX,48113-4532-02,20,21,41,-0.0244,true
TX,48113-4533-01,374,262,647,0.1731,true
TX,48113-4534-01,33,20,54,0.2407,true
TX,48113-4535-01,278,192,478,0.1799,true
TX,48113-4536-01,16,11,27,0.1852,true
TX,48113-4537-01,4,0,4,1,true
TX,48113-4538-01,293,215,510,0.1529,true
TX,48113-4554-01,23,10,35,0.3714,true
TX,48113-4555-01,9,16,25,-0.28,true
TX,48113-4600-01,498,664,1194,-0.139,true
TX,48113-4600-02,0,2,2,-1,true
TX,48113-4600-03,149,130,289,0.0657,true
TX,48113-4601-01,1120,1263,2428,-0.0589,true
TX,48113-4602-01,613,551,1177,0.0527,true
TX,48113-4603-01,14,7,22,0.3182,true
TX,48113-4604-01,869,860,1765,0.0051,true
TX,48113-4605-01,684,676,1399,0.0057,true
TX,48113-4606-01,481,542,1039,-0.0587,true
TX,48113-4606-02,245,197,451,0.1064,true
TX,48113-4607-01,535,425,977,0.1126,true
TX,48113-4608-01,1073,706,1977,0.1856,true
TX,48113-4608-02,26,27,53,-0.0189,true
TX,48113-4609-01,501,264,795,0.2981,true
TX,48113-4609-02,29,23,54,0.1111,true
TX,48113-4610-01,341,410,771,-0.0895,true
TX,48113-4610-02,269,261,540,0.0148,true
TX,48113-4610-03,25,19,45,0.1333,true
TX,48113-4611-01,347,331,697,0.023,true
TX,48113-4611-02,126,97,228,0.1272,true
TX,48113-4611-03,14,10,24,0.1667,true
TX,48113-4612-01,93,107,203,-0.069,true
TX,48113-4613-01,193,139,335,0.1612,true
TX,48113-4613-02,27,6,33,0.6364,true
TX,48113-4614-01,135,225,368,-0.2446,true
TX,48113-4615-01,48,32,81,0.1975,true
TX,48113-4615-02,9,16,25,-0.28,true
TX,48113-4616-01,356,313,679,0.0633,true
TX,48113-4617-01,64,52,119,0.1008,true
TX,48113-4618-01,139,135,280,0.0143,true
TX,48113-4619-01,390,493,907,-0.1136,true
TX,48113-4620-01,385,409,811,-0.0296,true
TX,48113-4620-02,98,90,192,0.0417,true
TX,48113-4621-01,754,455,1580,0.1892,true
TX,48113-4621-02,164,122,326,0.1288,true
TX,48113-4622-01,235,232,497,0.006,true
TX,48113-4622-02,317,259,606,0.0957,true
TX,48113-4623-01,711,582,1325,0.0974,true
TX,48113-4624-01,475,464,960,0.0115,true
TX,48113-4625-01,465,517,1014,-0.0513,true
TX,48113-4625-02,169,116,289,0.1834,true
TX,48113-4626-01,327,478,824,-0.1833,true
TX,48113-4626-02,504,534,1072,-0.028,true
TX,48113-4627-01,1085,884,2023,0.0994,true
TX,48113-4627-02,541,311,880,0.2614,true
TX,48113-4628-01,521,240,819,0.3431,true
TX,48113-4628-02,49,48,105,0.0095,true
TX,48113-4629-01,218,168,412,0.1214,true
TX,48113-4629-02,118,87,211,0.1469,true
TX,48113-4630-01,269,302,588,-0.0561,true
TX,48113-4630-02,156,190,352,-0.0966,true
TX,48113-4631-01,319,308,645,0.0171,true
TX,48113-4631-02,49,49,98,0,true
TX,48113-4632-01,63,29,95,0.3579,true
TX,48113-4632-02,463,324,857,0.1622,true
TX,48113-4632-03,106,132,258,-0.1008,true
TX,48113-4632-05,106,64,180,0.2333,true
TX,48113-4633-01,298,170,483,0.265,true
TX,48113-4634-01,1153,1035,2248,0.0525,true
TX,48113-4634-02,257,195,462,0.1342,true
TX,48113-4639-01,165,113,288,0.1806,true
TX,48113-4640-01,799,480,1337,0.2386,true
TX,48113-4640-02,61,27,90,0.3778,true
TX,48113-4641-01,163,133,298,0.1007,true
TX,48113-4642-01,36,41,80,-0.0625,true
TX,48113-4644-02,5,3,9,0.2222,true
TX,48113-4646-01,143,151,301,-0.0266,true
TX,48113-4646-02,9,4,13,0.3846,true
TX,48113-4648-01,693,374,1119,0.2851,true
TX,48113-4649-01,23,7,30,0.5333,true
TX,48113-4651-01,17,12,29,0.1724,true
TX,48113-4652-01,172,132,307,0.1303,true
TX,48113-4652-02,20,13,33,0.2121,true
TX,48113-4653-01,20,19,39,0.0256,true
TX,48113-4654-01,169,192,372,-0.0618,true
TX,48113-4654-02,72,58,133,0.1053,true
TX,48113-4654-03,68,48,120,0.1667,true
TX,48113-4655-01,10,27,37,-0.4595,true
TX,48113-4656-01,43,21,66,0.3333,true
TX,48113-4657-01,17,16,35,0.0286,true
TX,48113-4658-01,21,22,43,-0.0233,true
TX,48113-4659-01,58,53,113,0.0442,true
TX,48113-4660-01,15,9,24,0.25,true
TX,48113-4661-01,230,149,386,0.2098,true
TX,48113-4661-02,50,27,80,0.2875,true
TX,48113-4662-01,66,65,134,0.0075,true
TX,48113-4662-02,24,15,39,0.2308,true
TX,48113-4664-01,226,250,513,-0.0468,true
TX,48113-4664-03,175,117,300,0.1933,true
TX,48113-4675-01,23,31,54,-0.1481,true
TX,48113-4677-01,235,289,575,-0.0939,true
TX,48113-4678-01,78,54,138,0.1739,true
TX,48113-3940-08,2,0,2,1,true
TX,48113-3068-07,0,1,1,-1,true
TX,48113-1105-03,4,0,4,1,true
TX,48113-2809-01,1093,831,1991,0.1316,true
TX,48113-2804-03,1,7,8,-0.75,true
TX,48113-4503-01,2309,1060,3432,0.3639,true
TX,48113-3940-02,820,331,1174,0.4165,true
TX,48115-Precinct 1,165,368,542,-0.3745,true
TX,48115-Precinct 2,155,406,567,-0.4427,true
TX,48115-Precinct 3,180,847,1037,-0.6432,true
TX,48115-Precinct 4,127,808,944,-0.7214,true
TX,48115-Precinct 5,8,94,102,-0.8431,true
TX,48115-Precinct 11,13,96,110,-0.7545,true
TX,48115-Precinct 12,8,45,53,-0.6981,true
TX,48115-Precinct 13,7,87,94,-0.8511,true
TX,48115-Precinct 17,4,59,64,-0.8594,true
TX,48117-Precinct 1,230,677,916,-0.488,true
TX,48117-Precinct 2,277,565,851,-0.3384,true
TX,48117-Precinct 3,271,1313,1595,-0.6533,true
TX,48117-Precinct 4,241,678,924,-0.4729,true
TX,48119-Precinct 1,71,551,623,-0.7705,true
TX,48119-Precinct 3,75,238,316,-0.5158,true
TX,48119-Precinct 4,63,326,391,-0.6726,true
TX,48119-Precinct 5,84,480,566,-0.6996,true
TX,48119-Precinct 7,25,172,199,-0.7387,true
TX,48119-Precinct 9,23,217,240,-0.8083,true
TX,48119-Precinct 10,56,266,323,-0.6502,true
TX,48121-1000,398,2210,2623,-0.6908,true
TX,48121-1001,239,1168,1413,-0.6575,true
TX,48121-1003,366,1408,1783,-0.5844,true
TX,48121-1008,612,2419,3057,-0.5911,true
TX,48121-1010,744,2176,2941,-0.4869,true
TX,48121-4191,313,1176,1507,-0.5727,true
TX,48121-4192,389,1277,1679,-0.5289,true
TX,48121-1057,571,472,1060,0.0934,true
TX,48121-1061,1425,965,2430,0.1893,true
TX,48121-1062,1087,633,1768,0.2568,true
TX,48121-4168,797,289,1124,0.452,true
TX,48121-4171,1178,228,1456,0.6525,true
TX,48121-2069,892,1059,1982,-0.0843,true
TX,48121-4177,278,153,440,0.2841,true
TX,48121-3143,554,729,1301,-0.1345,true
TX,48121-2085,1144,1549,2730,-0.1484,true
TX,48121-3153,823,1577,2433,-0.3099,true
TX,48121-3152,577,1120,1712,-0.3172,true
TX,48121-2090,1462,1423,2924,0.0133,true
TX,48121-3133,1146,1488,2687,-0.1273,true
TX,48121-3132,1876,1823,3756,0.0141,true
TX,48121-3148,805,1015,1842,-0.114,true
TX,48121-3140,1378,2004,3443,-0.1818,true
TX,48121-2106,1467,1243,2758,0.0812,true
TX,48121-4174,1196,172,1400,0.7314,true
TX,48121-4175,96,34,132,0.4697,true
TX,48121-2099,1057,1535,2635,-0.1814,true
TX,48121-3144,1261,1534,2854,-0.0957,true
TX,48121-3136,877,966,1867,-0.0477,true
TX,48121-2105,786,817,1632,-0.019,true
TX,48121-2107,1440,1540,3029,-0.033,true
TX,48121-3137,863,936,1831,-0.0399,true
TX,48121-3129,760,819,1610,-0.0366,true
TX,48121-3146,819,1151,2004,-0.1657,true
TX,48121-2092,1434,1188,2672,0.0921,true
TX,48121-3139,1380,1901,3327,-0.1566,true
TX,48121-2110,915,745,1690,0.1006,true
TX,48121-2100,1157,534,1730,0.3601,true
TX,48121-3151,1108,1716,2862,-0.2124,true
TX,48121-3127,1238,593,1866,0.3457,true
TX,48121-1014,747,1153,1923,-0.2111,true
TX,48121-1007,253,750,1018,-0.4882,true
TX,48121-1054,1272,1189,2489,0.0333,true
TX,48121-1056,310,477,803,-0.208,true
TX,48121-1064,1205,915,2158,0.1344,true
TX,48121-4167,1804,781,2629,0.3891,true
TX,48121-4164,1348,1637,3034,-0.0953,true
TX,48121-4179,1247,1742,3039,-0.1629,true
TX,48121-2071,1201,2169,3413,-0.2836,true
TX,48121-2084,1044,1187,2260,-0.0633,true
TX,48121-2088,679,769,1472,-0.0611,true
TX,48121-3120,486,671,1173,-0.1577,true
TX,48121-2086,908,1262,2197,-0.1611,true
TX,48121-2091,1313,2079,3446,-0.2223,true
TX,48121-3131,1205,1298,2550,-0.0365,true
TX,48121-4204,863,1562,2462,-0.2839,true
TX,48121-2101,1303,509,1855,0.428,true
TX,48121-2089,827,1478,2349,-0.2771,true
TX,48121-3145,1410,1941,3418,-0.1554,true
TX,48121-1059,1664,1262,2998,0.1341,true
TX,48121-4169,1509,667,2236,0.3766,true
TX,48121-4043,989,446,1468,0.3699,true
TX,48121-3147,1352,1837,3241,-0.1496,true
TX,48121-3138,1329,1712,3098,-0.1236,true
TX,48121-3134,596,797,1417,-0.1418,true
TX,48121-3130,1410,1365,2809,0.016,true
TX,48121-3149,959,1400,2395,-0.1841,true
TX,48121-4176,980,1021,2025,-0.0202,true
TX,48121-2104,1162,1083,2276,0.0347,true
TX,48121-2108,512,398,928,0.1228,true
TX,48121-3158,1215,2241,3500,-0.2931,true
TX,48121-2073,1131,1897,3095,-0.2475,true
TX,48121-1032,1471,1989,3531,-0.1467,true
TX,48121-2074,559,1415,2001,-0.4278,true
TX,48121-3159,1116,1915,3063,-0.2609,true
TX,48121-1021,1086,1443,2566,-0.1391,true
TX,48121-2111,1524,1379,2949,0.0492,true
TX,48121-2113,1152,1288,2500,-0.0544,true
TX,48121-2103,795,644,1451,0.1041,true
TX,48121-2109,1334,964,2352,0.1573,true
TX,48121-1022,1433,1829,3347,-0.1183,true
TX,48121-4187,1104,333,1458,0.5288,true
TX,48121-4219,750,2553,3329,-0.5416,true
TX,48121-4185,530,1380,1925,-0.4416,true
TX,48121-3155,1244,2111,3406,-0.2546,true
TX,48121-1018,473,540,1039,-0.0645,true
TX,48121-4161,907,1039,1979,-0.0667,true
TX,48121-1055,180,515,700,-0.4786,true
TX,48121-1035,1129,1044,2206,0.0385,true
TX,48121-4221,110,306,421,-0.4656,true
TX,48121-2098,264,274,551,-0.0181,true
TX,48121-2097,1571,1620,3257,-0.015,true
TX,48121-4212,134,299,438,-0.3767,true
TX,48121-3124,70,118,191,-0.2513,true
TX,48121-1048,2024,1569,3646,0.1248,true
TX,48121-2087,1331,1447,2824,-0.0411,true
TX,48121-3142,143,465,617,-0.5219,true
TX,48121-1023,753,1346,2130,-0.2784,true
TX,48121-1031,1318,1347,2708,-0.0107,true
TX,48121-4214,540,1155,1721,-0.3574,true
TX,48121-2082,613,662,1315,-0.0373,true
TX,48121-1041,1428,1595,3092,-0.054,true
TX,48121-1040,381,360,754,0.0279,true
TX,48121-3157,73,232,310,-0.5129,true
TX,48121-4205,1079,2069,3195,-0.3099,true
TX,48121-2102,1586,970,2604,0.2366,true
TX,48121-3154,826,1589,2451,-0.3113,true
TX,48121-3156,271,654,936,-0.4092,true
TX,48121-4211,1004,2518,3567,-0.4244,true
TX,48121-4210,743,1618,2395,-0.3653,true
TX,48121-4183,101,370,475,-0.5663,true
TX,48121-4181,1522,1707,3284,-0.0563,true
TX,48121-2114,805,658,1490,0.0987,true
TX,48121-3115,1035,788,1882,0.1312,true
TX,48121-3117,419,291,724,0.1768,true
TX,48121-2096,1108,1763,2924,-0.224,true
TX,48121-3121,985,904,1916,0.0423,true
TX,48121-2072,1054,1713,2805,-0.2349,true
TX,48121-3160,927,1796,2755,-0.3154,true
TX,48121-2067,375,685,1072,-0.2892,true
TX,48121-4166,845,537,1419,0.2171,true
TX,48121-1026,938,1519,2485,-0.2338,true
TX,48121-4201,530,1184,1735,-0.3769,true
TX,48121-4198,750,2656,3437,-0.5546,true
TX,48121-3141,1007,2171,3228,-0.3606,true
TX,48121-4206,598,1439,2054,-0.4094,true
TX,48121-4207,208,888,1109,-0.6132,true
TX,48121-2076,1039,1142,2212,-0.0466,true
TX,48121-2079,1277,2325,3640,-0.2879,true
TX,48121-3126,763,502,1286,0.203,true
TX,48121-3122,793,447,1261,0.2744,true
TX,48121-3125,164,163,333,0.003,true
TX,48121-4178,966,619,1616,0.2147,true
TX,48121-4189,101,293,396,-0.4848,true
TX,48121-2070,114,125,239,-0.046,true
TX,48121-1060,525,386,928,0.1498,true
TX,48121-4163,1113,1039,2197,0.0337,true
TX,48121-3123,1805,1236,3092,0.184,true
TX,48121-3116,1880,1535,3478,0.0992,true
TX,48121-1033,851,1380,2271,-0.2329,true
TX,48121-4203,814,1838,2695,-0.38,true
TX,48121-3135,1237,1292,2566,-0.0214,true
TX,48121-3128,865,733,1627,0.0811,true
TX,48121-4218,722,1655,2400,-0.3887,true
TX,48121-4193,665,2722,3428,-0.6001,true
TX,48121-1009,172,339,514,-0.3249,true
TX,48121-1015,882,1026,1953,-0.0737,true
TX,48121-1017,1078,1623,2760,-0.1975,true
TX,48121-1049,1576,1599,3220,-0.0071,true
TX,48121-1011,292,1123,1429,-0.5815,true
TX,48121-4180,538,683,1247,-0.1163,true
TX,48121-2075,207,353,565,-0.2584,true
TX,48121-1046,192,441,642,-0.3879,true
TX,48121-1045,1162,2147,3344,-0.2946,true
TX,48121-1036,1265,1487,2818,-0.0788,true
TX,48121-1019,1044,1493,2609,-0.1721,true
TX,48121-1020,692,1067,1785,-0.2101,true
TX,48121-1024,1182,1665,2912,-0.1659,true
TX,48121-2094,1797,1415,3271,0.1168,true
TX,48121-2078,646,802,1474,-0.1058,true
TX,48121-3150,781,1105,1917,-0.169,true
TX,48121-4184,1056,2547,3664,-0.4069,true
TX,48121-4170,2623,479,3168,0.6768,true
TX,48121-4202,1081,2161,3280,-0.3293,true
TX,48121-4213,374,623,1017,-0.2448,true
TX,48121-4223,632,1303,1958,-0.3427,true
TX,48121-4220,1305,3113,4475,-0.404,true
TX,48121-1004,668,1777,2473,-0.4484,true
TX,48121-1047,2025,1504,3600,0.1447,true
TX,48121-1037,653,649,1343,0.003,true
TX,48121-2083,624,876,1548,-0.1628,true
TX,48121-1028,69,94,163,-0.1534,true
TX,48121-2095,943,1103,2093,-0.0764,true
TX,48121-1002,28,103,133,-0.5639,true
TX,48121-1006,0,4,4,-1,true
TX,48121-4190,747,2051,2836,-0.4598,true
TX,48121-4188,0,1,1,-1,true
TX,48121-4222,1501,2944,4503,-0.3205,true
TX,48121-2081,1446,1384,2909,0.0213,true
TX,48121-2080,1051,943,2049,0.0527,true
TX,48121-2112,574,574,1170,0,true
TX,48121-1051,1132,1119,2292,0.0057,true
TX,48121-1052,1046,883,1969,0.0828,true
TX,48121-1050,214,255,476,-0.0861,true
TX,48121-1016,1460,2517,4034,-0.262,true
TX,48121-2093,480,367,870,0.1299,true
TX,48121-3118,836,684,1536,0.099,true
TX,48121-3119,61,97,160,-0.225,true
TX,48121-4197,236,1007,1251,-0.6163,true
TX,48121-4196,1359,3542,4944,-0.4415,true
TX,48121-4195,160,550,720,-0.5417,true
TX,48121-4217,560,1162,1750,-0.344,true
TX,48121-4216,256,305,568,-0.0863,true
TX,48121-4215,1026,1884,2943,-0.2915,true
TX,48121-4209,637,1252,1907,-0.3225,true
TX,48121-4194,83,593,680,-0.75,true
TX,48121-4186,821,2328,3169,-0.4755,true
TX,48121-1044,1186,1370,2605,-0.0706,true
TX,48121-1034,406,497,928,-0.0981,true
TX,48121-1030,10,18,28,-0.2857,true
TX,48121-1039,465,472,976,-0.0072,true
TX,48121-1029,13,21,34,-0.2353,true
TX,48121-2077,1090,944,2074,0.0704,true
TX,48121-1053,228,121,356,0.3006,true
TX,48121-1013,1108,1342,2489,-0.094,true
TX,48121-1042,875,983,1894,-0.057,true
TX,48121-2068,1398,1607,3046,-0.0686,true
TX,48121-1058,1129,874,2028,0.1257,true
TX,48121-1027,278,232,516,0.0891,true
TX,48121-1012,1412,1737,3191,-0.1018,true
TX,48121-1066,167,132,305,0.1148,true
TX,48121-1063,751,715,1495,0.0241,true
TX,48121-4173,5,5,10,0,true
TX,48121-4199,13,45,58,-0.5517,true
TX,48121-4200,19,37,56,-0.3214,true
TX,48121-4182,15,72,87,-0.6552,true
TX,48121-1065,446,312,769,0.1743,true
TX,48121-4208,459,1165,1642,-0.43,true
TX,48121-1038,488,456,969,0.033,true
TX,48121-4162,254,368,629,-0.1812,true
TX,48121-1025,447,576,1043,-0.1237,true
TX,48121-1225,795,727,1545,0.044,true
TX,48121-1224,834,786,1644,0.0292,true
TX,48121-1172,890,1310,2218,-0.1894,true
TX,48121-4226,538,1210,1776,-0.3784,true
TX,48121-4165,1420,666,2113,0.3568,true
TX,48123-Precinct 101,214,905,1122,-0.6159,true
TX,48123-Precinct 102,254,260,518,-0.0116,true
TX,48123-Precinct 201,49,316,365,-0.7315,true
TX,48123-Precinct 202,122,622,747,-0.6693,true
TX,48123-Precinct 203,79,669,752,-0.7846,true
TX,48123-Precinct 301,89,832,929,-0.7998,true
TX,48123-Precinct 302,116,667,786,-0.701,true
TX,48123-Precinct 303,53,244,303,-0.6304,true
TX,48123-Precinct 401,224,1166,1396,-0.6748,true
TX,48123-Precinct 402,70,834,907,-0.8423,true
TX,48125-Precinct 1,9,72,81,-0.7778,true
TX,48125-Precinct 2,12,114,127,-0.8031,true
TX,48125-Precinct 3,50,176,227,-0.5551,true
TX,48125-Precinct 4,29,136,165,-0.6485,true
TX,48125-Precinct 5,19,145,164,-0.7683,true
TX,48125-Precinct 6,27,201,229,-0.7598,true
TX,48127-Precinct 1,407,475,888,-0.0766,true
TX,48127-Precinct 2,440,362,802,0.0973,true
TX,48127-Precinct 3,101,116,217,-0.0691,true
TX,48127-Precinct 4,26,22,48,0.0833,true
TX,48127-Precinct 5,320,192,513,0.2495,true
TX,48127-Precinct 6,267,293,562,-0.0463,true
TX,48127-Precinct 7,189,188,377,0.0027,true
TX,48129-Precinct 101,47,387,443,-0.7675,true
TX,48129-Precinct 201,54,432,493,-0.7667,true
TX,48129-Precinct 301,3,176,180,-0.9611,true
TX,48129-Precinct 303,22,198,224,-0.7857,true
TX,48129-Precinct 401,48,319,372,-0.7285,true
TX,48131-Precinct 1,543,581,1130,-0.0336,true
TX,48131-Precinct 2,397,257,657,0.2131,true
TX,48131-Precinct 3,153,96,251,0.2271,true
TX,48131-Precinct 4,27,45,72,-0.25,true
TX,48131-Precinct 5,117,159,277,-0.1516,true
TX,48131-Precinct 6,47,33,81,0.1728,true
TX,48131-Precinct 7,22,86,108,-0.5926,true
TX,48131-Precinct 8,385,884,1272,-0.3923,true
TX,48131-Precinct 9,302,294,599,0.0134,true
TX,48133-Precinct 1,222,1707,1943,-0.7643,true
TX,48133-Precinct 2,24,241,268,-0.8097,true
TX,48133-Precinct 3,125,885,1018,-0.7466,true
TX,48133-Precinct 4,18,265,285,-0.8667,true
TX,48133-Precinct 5,60,414,474,-0.7468,true
TX,48133-Precinct 6,27,219,248,-0.7742,true
TX,48133-Precinct 7,147,1453,1606,-0.8132,true
TX,48133-Precinct 8,247,1781,2042,-0.7512,true
TX,48133-Precinct 9,42,431,473,-0.8224,true
TX,48135-Precinct 101,323,1274,1601,-0.594,true
TX,48135-Precinct 102,255,931,1192,-0.5671,true
TX,48135-Precinct 103,158,660,826,-0.6077,true
TX,48135-Precinct 104,236,980,1226,-0.6069,true
TX,48135-Precinct 108,187,1186,1378,-0.725,true
TX,48135-Precinct 109,19,118,140,-0.7071,true
TX,48135-Precinct 110,545,2140,2705,-0.5896,true
TX,48135-Precinct 111,295,988,1294,-0.5355,true
TX,48135-Precinct 201,497,2208,2737,-0.6251,true
TX,48135-Precinct 202,343,1390,1751,-0.5979,true
TX,48135-Precinct 203,493,2018,2531,-0.6025,true
TX,48135-Precinct 204,390,1656,2059,-0.6149,true
TX,48135-Precinct 205,253,942,1215,-0.5671,true
TX,48135-Precinct 206,137,677,821,-0.6577,true
TX,48135-Precinct 207,118,1282,1410,-0.8255,true
TX,48135-Precinct 208,517,1889,2430,-0.5646,true
TX,48135-Precinct 209,202,739,948,-0.5665,true
TX,48135-Precinct 301,407,856,1272,-0.353,true
TX,48135-Precinct 302,170,377,554,-0.3736,true
TX,48135-Precinct 303,261,645,921,-0.4169,true
TX,48135-Precinct 304,65,148,216,-0.3843,true
TX,48135-Precinct 305,83,178,266,-0.3571,true
TX,48135-Precinct 306,171,320,498,-0.2992,true
TX,48135-Precinct 307,313,745,1071,-0.4034,true
TX,48135-Precinct 308,121,410,534,-0.5412,true
TX,48135-Precinct 309,149,497,655,-0.5313,true
TX,48135-Precinct 310,172,501,679,-0.4845,true
TX,48135-Precinct 311,175,430,609,-0.4187,true
TX,48135-Precinct 312,202,585,796,-0.4812,true
TX,48135-Precinct 313,73,464,542,-0.7214,true
TX,48135-Precinct 314,196,584,786,-0.4936,true
TX,48135-Precinct 401,113,237,356,-0.3483,true
TX,48135-Precinct 402,373,421,805,-0.0596,true
TX,48135-Precinct 403,505,473,988,0.0324,true
TX,48135-Precinct 404,202,638,847,-0.5148,true
TX,48135-Precinct 405,158,203,362,-0.1243,true
TX,48135-Precinct 406,378,742,1135,-0.3207,true
TX,48135-Precinct 407,251,1079,1333,-0.6212,true
TX,48135-Precinct 408,114,172,289,-0.2007,true
TX,48135-Precinct 409,176,516,698,-0.4871,true
TX,48135-Precinct 412,104,168,272,-0.2353,true
TX,48137-Precinct 1,21,119,140,-0.7,true
TX,48137-Precinct 2,41,289,332,-0.747,true
TX,48137-Precinct 3,24,274,299,-0.8361,true
TX,48137-Precinct 4,47,187,234,-0.5983,true
TX,48139-Precinct 1001,931,572,1518,0.2365,true
TX,48139-Precinct 1002,40,106,146,-0.4521,true
TX,48139-Precinct 1003,869,1302,2207,-0.1962,true
TX,48139-Precinct 1004,67,80,152,-0.0855,true
TX,48139-Precinct 1005,1022,1781,2837,-0.2675,true
TX,48139-Precinct 1006,1592,1936,3580,-0.0961,true
TX,48139-Precinct 1007,404,1098,1523,-0.4557,true
TX,48139-Precinct 1008,39,73,114,-0.2982,true
TX,48139-Precinct 1009,524,1904,2447,-0.564,true
TX,48139-Precinct 1010,382,989,1387,-0.4376,true
TX,48139-Precinct 1011,649,1221,1890,-0.3026,true
TX,48139-Precinct 1012,1053,1306,2390,-0.1059,true
TX,48139-Precinct 1013,404,953,1367,-0.4016,true
TX,48139-Precinct 1014,249,1206,1464,-0.6537,true
TX,48139-Precinct 1015,638,1679,2332,-0.4464,true
TX,48139-Precinct 1016,441,414,859,0.0314,true
TX,48139-Precinct 1017,542,1301,1863,-0.4074,true
TX,48139-Precinct 1018,726,812,1566,-0.0549,true
TX,48139-Precinct 1019,391,1317,1734,-0.534,true
TX,48139-Precinct 1020,272,1016,1304,-0.5706,true
TX,48139-Precinct 1021,197,871,1083,-0.6223,true
TX,48139-Precinct 1022,717,1519,2264,-0.3542,true
TX,48139-Precinct 1024,448,1014,1477,-0.3832,true
TX,48139-Precinct 1025,581,1167,1767,-0.3316,true
TX,48139-Precinct 1026,510,1131,1666,-0.3727,true
TX,48139-Precinct 1027,633,1584,2245,-0.4236,true
TX,48139-Precinct 1028,482,1657,2158,-0.5445,true
TX,48139-Precinct 1029,91,402,494,-0.6296,true
TX,48139-Precinct 1030,304,1069,1379,-0.5547,true
TX,48139-Precinct 1031,131,355,490,-0.4571,true
TX,48139-Precinct 1032,458,2574,3048,-0.6942,true
TX,48139-Precinct 1033,584,1547,2153,-0.4473,true
TX,48139-Precinct 1034,872,2321,3224,-0.4494,true
TX,48139-Precinct 1035,323,852,1188,-0.4453,true
TX,48139-Precinct 1036,989,2020,3048,-0.3383,true
TX,48139-Precinct 1037,494,1292,1816,-0.4394,true
TX,48139-Precinct 1038,1208,2667,3921,-0.3721,true
TX,48139-Precinct 1039,629,1834,2496,-0.4828,true
TX,48139-Precinct 1040,81,310,395,-0.5797,true
TX,48139-Precinct 1041,605,1790,2421,-0.4895,true
TX,48139-Precinct 1042,101,248,352,-0.4176,true
TX,48139-Precinct 1043,910,2156,3095,-0.4026,true
TX,48139-Precinct 1044,103,376,488,-0.5594,true
TX,48139-Precinct 1045,20,103,125,-0.664,true
TX,48139-Precinct 1046,149,249,401,-0.2494,true
TX,48139-Precinct 1047,44,193,240,-0.6208,true
TX,48139-Precinct 1048,532,1021,1574,-0.3107,true
TX,48139-Precinct 1049,115,360,477,-0.5136,true
TX,48139-Precinct 1050,1465,962,2465,0.2041,true
TX,48139-Precinct 1051,1319,1216,2565,0.0402,true
TX,48139-Precinct 1052,1307,780,2120,0.2486,true
TX,48139-Precinct 1053,769,889,1694,-0.0708,true
TX,48139-Precinct 1054,1829,702,2575,0.4377,true
TX,48139-Precinct 1055,834,1620,2497,-0.3148,true
TX,48139-Precinct 1056,559,1800,2391,-0.519,true
TX,48139-Precinct 1057,1570,1790,3409,-0.0645,true
TX,48139-Precinct 1058,536,762,1323,-0.1708,true
TX,48139-Precinct 1059,116,494,614,-0.6156,true
TX,48141-086,15,28,44,-0.2955,true
TX,48141-073,414,174,595,0.4034,true
TX,48141-072,507,196,718,0.4331,true
TX,48141-071,757,322,1108,0.3926,true
TX,48141-076,380,198,593,0.3069,true
TX,48141-074,606,322,950,0.2989,true
TX,48141-013,1139,861,2028,0.1371,true
TX,48141-014,1386,1250,2688,0.0506,true
TX,48141-012,1259,1154,2467,0.0426,true
TX,48141-015,959,878,1866,0.0434,true
TX,48141-177,189,154,348,0.1006,true
TX,48141-018,1101,1037,2173,0.0295,true
TX,48141-021,765,752,1545,0.0084,true
TX,48141-023,491,453,973,0.0391,true
TX,48141-176,377,290,673,0.1293,true
TX,48141-020,452,273,738,0.2425,true
TX,48141-017,604,513,1139,0.0799,true
TX,48141-016,1235,733,1995,0.2516,true
TX,48141-010,1275,765,2070,0.2464,true
TX,48141-022,916,667,1605,0.1551,true
TX,48141-007,946,838,1802,0.0599,true
TX,48141-006,683,980,1684,-0.1764,true
TX,48141-027,698,385,1098,0.2851,true
TX,48141-026,621,446,1083,0.1616,true
TX,48141-019,1202,822,2055,0.1849,true
TX,48141-029,879,459,1361,0.3086,true
TX,48141-032,722,370,1103,0.3191,true
TX,48141-033,893,401,1325,0.3713,true
TX,48141-069,1172,624,1834,0.2988,true
TX,48141-188,33,33,69,0,true
TX,48141-067,667,384,1075,0.2633,true
TX,48141-066,632,344,997,0.2889,true
TX,48141-186,227,171,404,0.1386,true
TX,48141-061,445,382,846,0.0745,true
TX,48141-185,222,202,429,0.0466,true
TX,48141-063,644,465,1129,0.1585,true
TX,48141-062,356,233,604,0.2036,true
TX,48141-059,706,476,1203,0.1912,true
TX,48141-064,747,422,1182,0.275,true
TX,48141-193,998,828,1846,0.0921,true
TX,48141-005,1057,914,1992,0.0718,true
TX,48141-024,1126,1008,2164,0.0545,true
TX,48141-025,987,772,1813,0.1186,true
TX,48141-040,296,92,391,0.5217,true
TX,48141-070,857,382,1259,0.3773,true
TX,48141-038,624,297,940,0.3479,true
TX,48141-041,293,124,431,0.3921,true
TX,48141-042,409,256,677,0.226,true
TX,48141-039,151,71,232,0.3448,true
TX,48141-036,680,262,965,0.4332,true
TX,48141-037,522,317,853,0.2403,true
TX,48141-030,63,27,91,0.3956,true
TX,48141-034,218,107,333,0.3333,true
TX,48141-009,1105,1001,2127,0.0489,true
TX,48141-068,181,121,312,0.1923,true
TX,48141-060,686,735,1445,-0.0339,true
TX,48141-055,765,605,1381,0.1159,true
TX,48141-056,644,573,1243,0.0571,true
TX,48141-057,461,313,784,0.1888,true
TX,48141-058,462,414,888,0.0541,true
TX,48141-178,310,281,598,0.0485,true
TX,48141-051,667,537,1227,0.1059,true
TX,48141-047,770,662,1459,0.074,true
TX,48141-052,616,434,1069,0.1703,true
TX,48141-048,593,357,972,0.2428,true
TX,48141-046,416,290,716,0.176,true
TX,48141-049,556,461,1030,0.0922,true
TX,48141-045,1191,837,2059,0.1719,true
TX,48141-053,793,549,1362,0.1791,true
TX,48141-054,699,540,1267,0.1255,true
TX,48141-078,379,233,623,0.2343,true
TX,48141-075,559,314,894,0.274,true
TX,48141-077,735,394,1146,0.2976,true
TX,48141-081,88,51,140,0.2643,true
TX,48141-079,185,87,279,0.3513,true
TX,48141-083,373,178,560,0.3482,true
TX,48141-082,623,281,919,0.3721,true
TX,48141-091,335,167,507,0.3314,true
TX,48141-090,677,436,1136,0.2121,true
TX,48141-089,962,513,1500,0.2993,true
TX,48141-092,1029,736,1789,0.1638,true
TX,48141-175,98,48,147,0.3401,true
TX,48141-093,522,337,872,0.2122,true
TX,48141-094,886,554,1457,0.2279,true
TX,48141-095,980,624,1623,0.2193,true
TX,48141-096,1119,786,1931,0.1724,true
TX,48141-099,399,289,697,0.1578,true
TX,48141-101,856,593,1466,0.1794,true
TX,48141-100,1078,650,1752,0.2443,true
TX,48141-105,891,583,1497,0.2057,true
TX,48141-106,962,623,1610,0.2106,true
TX,48141-107,725,453,1190,0.2286,true
TX,48141-102,786,493,1291,0.227,true
TX,48141-111,519,286,814,0.2862,true
TX,48141-113,904,603,1534,0.1962,true
TX,48141-118,815,515,1347,0.2227,true
TX,48141-117,1081,584,1688,0.2944,true
TX,48141-133,772,336,1123,0.3882,true
TX,48141-097,665,464,1145,0.1755,true
TX,48141-098,720,505,1245,0.1727,true
TX,48141-109,600,409,1018,0.1876,true
TX,48141-108,655,543,1211,0.0925,true
TX,48141-103,648,516,1182,0.1117,true
TX,48141-104,952,670,1639,0.1721,true
TX,48141-110,1037,634,1686,0.239,true
TX,48141-139,616,351,982,0.2699,true
TX,48141-144,779,379,1176,0.3401,true
TX,48141-137,526,213,752,0.4162,true
TX,48141-138,680,326,1025,0.3454,true
TX,48141-140,491,283,788,0.264,true
TX,48141-141,385,204,600,0.3017,true
TX,48141-146,398,169,573,0.3997,true
TX,48141-134,353,228,588,0.2126,true
TX,48141-132,100,77,180,0.1278,true
TX,48141-112,1466,996,2491,0.1887,true
TX,48141-114,1469,994,2497,0.1902,true
TX,48141-120,962,619,1596,0.2149,true
TX,48141-122,1191,681,1899,0.2686,true
TX,48141-121,707,379,1102,0.2976,true
TX,48141-119,839,559,1410,0.1986,true
TX,48141-116,1168,971,2167,0.0909,true
TX,48141-088,223,264,495,-0.0828,true
TX,48141-065,115,200,317,-0.2681,true
TX,48141-087,1,1,2,0,true
TX,48141-035,861,378,1277,0.3782,true
TX,48141-008,804,1022,1852,-0.1177,true
TX,48141-124,972,604,1596,0.2306,true
TX,48141-123,957,537,1517,0.2769,true
TX,48141-125,1205,844,2074,0.1741,true
TX,48141-131,1083,790,1888,0.1552,true
TX,48141-126,1560,1196,2796,0.1302,true
TX,48141-145,727,382,1135,0.304,true
TX,48141-152,610,277,897,0.3712,true
TX,48141-154,628,308,957,0.3344,true
TX,48141-153,728,364,1110,0.3279,true
TX,48141-149,734,420,1169,0.2686,true
TX,48141-150,543,261,813,0.3469,true
TX,48141-147,420,263,698,0.2249,true
TX,48141-155,267,180,457,0.1904,true
TX,48141-160,849,648,1513,0.1328,true
TX,48141-162,950,682,1660,0.1614,true
TX,48141-159,383,326,718,0.0794,true
TX,48141-161,336,323,669,0.0194,true
TX,48141-163,712,601,1332,0.0833,true
TX,48141-180,509,401,918,0.1176,true
TX,48141-203,2190,2114,4356,0.0174,true
TX,48141-181,1494,1615,3153,-0.0384,true
TX,48141-115,835,697,1559,0.0885,true
TX,48141-164,898,666,1594,0.1455,true
TX,48141-219,347,134,484,0.4401,true
TX,48141-173,299,374,675,-0.1111,true
TX,48141-170,794,854,1673,-0.0359,true
TX,48141-172,892,771,1679,0.0721,true
TX,48141-208,326,294,631,0.0507,true
TX,48141-130,1341,911,2283,0.1883,true
TX,48141-129,1472,1421,2922,0.0175,true
TX,48141-169,583,548,1146,0.0305,true
TX,48141-168,86,98,185,-0.0649,true
TX,48141-167,888,705,1606,0.1139,true
TX,48141-166,677,796,1489,-0.0799,true
TX,48141-127,89,84,177,0.0282,true
TX,48141-182,1092,923,2046,0.0826,true
TX,48141-043,698,684,1404,0.01,true
TX,48141-080,414,210,633,0.3223,true
TX,48141-084,637,296,945,0.3608,true
TX,48141-085,448,234,693,0.3088,true
TX,48141-135,648,287,951,0.3796,true
TX,48141-136,465,264,744,0.2702,true
TX,48141-142,325,154,485,0.3526,true
TX,48141-143,773,340,1129,0.3835,true
TX,48141-148,691,361,1078,0.3061,true
TX,48141-151,640,321,980,0.3255,true
TX,48141-179,159,103,264,0.2121,true
TX,48141-128,1084,1062,2164,0.0102,true
TX,48141-157,134,62,196,0.3673,true
TX,48141-165,973,816,1821,0.0862,true
TX,48141-001,585,492,1101,0.0845,true
TX,48141-004,497,480,987,0.0172,true
TX,48141-003,858,809,1687,0.029,true
TX,48141-028,106,55,167,0.3054,true
TX,48141-031,552,304,872,0.2844,true
TX,48141-192,1485,1512,3041,-0.0089,true
TX,48141-011,1316,889,2232,0.1913,true
TX,48141-194,990,800,1826,0.1041,true
TX,48141-195,1025,1047,2102,-0.0105,true
TX,48141-196,860,686,1572,0.1107,true
TX,48141-197,1010,788,1825,0.1216,true
TX,48141-198,789,684,1495,0.0702,true
TX,48141-200,243,280,523,-0.0707,true
TX,48141-199,438,488,938,-0.0533,true
TX,48141-201,1220,1284,2523,-0.0254,true
TX,48141-202,902,935,1855,-0.0178,true
TX,48141-204,921,1003,1942,-0.0422,true
TX,48141-205,835,820,1688,0.0089,true
TX,48141-206,145,129,277,0.0578,true
TX,48141-207,438,317,762,0.1588,true
TX,48141-171,509,434,959,0.0782,true
TX,48141-044,995,821,1836,0.0948,true
TX,48141-158,502,542,1054,-0.038,true
TX,48141-050,634,492,1145,0.124,true
TX,48141-209,140,217,364,-0.2115,true
TX,48141-214,0,4,4,-1,true
TX,48141-215,1107,1081,2218,0.0117,true
TX,48141-216,1,6,7,-0.7143,true
TX,48141-156,493,274,780,0.2808,true
TX,48141-220,301,150,462,0.3268,true
TX,48141-217,203,167,380,0.0947,true
TX,48141-174,7,10,17,-0.1765,true
TX,48141-191,81,56,140,0.1786,true
TX,48141-190,30,19,49,0.2245,true
TX,48141-221,8,15,23,-0.3043,true
TX,48141-002,639,589,1238,0.0404,true
TX,48141-212,387,340,734,0.064,true
TX,48141-213,42,47,89,-0.0562,true
TX,48141-189,12,25,38,-0.3421,true
TX,48141-218,18,21,39,-0.0769,true
TX,48143-Precinct 10,165,637,806,-0.5856,true
TX,48143-Precinct 11,100,268,375,-0.448,true
TX,48143-Precinct 12,177,776,967,-0.6194,true
TX,48143-Precinct 18,203,1253,1468,-0.7153,true
TX,48143-Precinct 19,136,1006,1151,-0.7559,true
TX,48143-Precinct 20,146,729,880,-0.6625,true
TX,48143-Precinct 21,187,897,1095,-0.6484,true
TX,48143-Precinct 23,75,356,435,-0.646,true
TX,48143-Precinct 24,222,856,1091,-0.5811,true
TX,48143-Precinct 25,59,579,645,-0.8062,true
TX,48143-Precinct 30,48,523,574,-0.8275,true
TX,48143-Precinct 31,135,919,1065,-0.7362,true
TX,48143-Precinct 32,190,1115,1321,-0.7002,true
TX,48143-Precinct 33,170,415,596,-0.4111,true
TX,48143-Precinct 34,157,1108,1280,-0.743,true
TX,48143-Precinct 35,38,57,95,-0.2,true
TX,48143-Precinct 41,66,628,695,-0.8086,true
TX,48143-Precinct 44,196,1662,1865,-0.7861,true
TX,48143-Precinct 45,246,871,1131,-0.5526,true
TX,48143-Precinct 46,89,423,523,-0.6386,true
TX,48143-Precinct 47,66,271,342,-0.5994,true
TX,48145-Precinct 101,146,170,320,-0.075,true
TX,48145-Precinct 102,195,377,578,-0.3149,true
TX,48145-Precinct 103,66,466,534,-0.7491,true
TX,48145-Precinct 201,68,431,501,-0.7246,true
TX,48145-Precinct 202,385,182,570,0.3561,true
TX,48145-Precinct 203,192,37,232,0.6681,true
TX,48145-Precinct 301,110,480,593,-0.6239,true
TX,48145-Precinct 302,175,633,811,-0.5647,true
TX,48145-Precinct 303,29,341,373,-0.8365,true
TX,48145-Precinct 401,44,431,482,-0.8029,true
TX,48145-Precinct 402,172,570,748,-0.5321,true
TX,48145-Precinct 403,131,402,535,-0.5065,true
TX,48147-Precinct 1,190,834,1038,-0.6204,true
TX,48147-Precinct 2,118,963,1084,-0.7795,true
TX,48147-Precinct 3,130,287,419,-0.3747,true
TX,48147-Precinct 4,266,802,1075,-0.4986,true
TX,48147-Precinct 5,62,427,492,-0.7419,true
TX,48147-Precinct 6,78,528,608,-0.7401,true
TX,48147-Precinct 7,64,320,385,-0.6649,true
TX,48147-Precinct 9,103,697,807,-0.7361,true
TX,48147-Precinct 10,328,1891,2241,-0.6975,true
TX,48147-Precinct 11,283,1727,2026,-0.7127,true
TX,48147-Precinct 12,91,820,921,-0.7915,true
TX,48147-Precinct 13,54,273,328,-0.6677,true
TX,48147-Precinct 15,87,680,774,-0.7661,true
TX,48147-Precinct 16,23,227,255,-0.8,true
TX,48147-Precinct 17,91,543,641,-0.7051,true
TX,48147-Precinct 18,360,1558,1939,-0.6178,true
TX,48147-Precinct 19,279,1071,1362,-0.5815,true
TX,48149-Precinct 110,140,649,804,-0.6331,true
TX,48149-Precinct 112,134,737,880,-0.6852,true
TX,48149-Precinct 204,165,999,1178,-0.708,true
TX,48149-Precinct 207,280,1279,1570,-0.6363,true
TX,48149-Precinct 315,102,496,603,-0.6534,true
TX,48149-Precinct 316,320,1256,1589,-0.589,true
TX,48149-Precinct 422,94,504,602,-0.6811,true
TX,48149-Precinct 423,132,541,689,-0.5936,true
TX,48149-Precinct 425,376,1422,1821,-0.5744,true
TX,48149-Precinct 101N,336,1026,1380,-0.5,true
TX,48149-Precinct 201E,178,771,958,-0.619,true
TX,48149-Precinct 301W,271,1000,1285,-0.5673,true
TX,48151-Precinct 1,65,429,498,-0.7309,true
TX,48151-Precinct 4,72,407,482,-0.695,true
TX,48151-Precinct 10A,88,314,408,-0.5539,true
TX,48151-Precinct 12,105,337,446,-0.5202,true
TX,48153-Precinct 1,77,538,619,-0.7447,true
TX,48153-Precinct 2,83,559,647,-0.7357,true
TX,48153-Precinct 3,85,271,361,-0.5152,true
TX,48153-Precinct 4,113,347,463,-0.5054,true
TX,48155-Precinct 101,24,94,119,-0.5882,true
TX,48155-Precinct 201,26,145,174,-0.6839,true
TX,48155-Precinct 301,19,100,119,-0.6807,true
TX,48155-Precinct 401,23,109,133,-0.6466,true
TX,48157-1142,1385,1685,3171,-0.0946,true
TX,48157-3086,709,652,1509,0.0378,true
TX,48157-1014,1811,3293,5258,-0.2819,true
TX,48157-4032,417,274,732,0.1954,true
TX,48157-2091,284,166,460,0.2565,true
TX,48157-4012,562,786,1369,-0.1636,true
TX,48157-2028,954,704,1688,0.1481,true
TX,48157-2050,1613,162,1793,0.8093,true
TX,48157-1144,1363,1930,3383,-0.1676,true
TX,48157-3035,593,686,1321,-0.0704,true
TX,48157-3111,386,487,908,-0.1112,true
TX,48157-4113,2869,1516,4579,0.2955,true
TX,48157-1006,4955,8307,13523,-0.2479,true
TX,48157-3065,2079,1881,4102,0.0483,true
TX,48157-2052,1267,136,1413,0.8004,true
TX,48157-4099,1107,901,2059,0.1,true
TX,48157-2089,783,78,865,0.815,true
TX,48157-3127,1076,909,2052,0.0814,true
TX,48157-2023,936,231,1177,0.599,true
TX,48157-2061,2047,1776,3927,0.069,true
TX,48157-2085,1042,1151,2237,-0.0487,true
TX,48157-4100,929,632,1581,0.1879,true
TX,48157-2081,583,290,885,0.3311,true
TX,48157-1133,1042,1686,2803,-0.2298,true
TX,48157-4026,1007,1041,2165,-0.0157,true
TX,48157-3078,235,171,410,0.1561,true
TX,48157-2136,611,324,954,0.3008,true
TX,48157-2094,0,1,1,-1,true
TX,48157-3060,1339,777,2162,0.2599,true
TX,48157-4101,1238,716,1993,0.2619,true
TX,48157-1130,1363,2060,3519,-0.1981,true
TX,48157-3016,1090,1251,2469,-0.0652,true
TX,48157-4069,2114,1548,3847,0.1471,true
TX,48157-1019,170,616,792,-0.5631,true
TX,48157-2070,716,470,1208,0.2036,true
TX,48157-1063,761,1657,2451,-0.3656,true
TX,48157-2034,2834,428,3292,0.7309,true
TX,48157-4072,15,57,73,-0.5753,true
TX,48157-2030,986,987,1990,-0.0005,true
TX,48157-3110,807,891,1759,-0.0478,true
TX,48157-4037,653,881,1552,-0.1469,true
TX,48157-4066,1732,878,2660,0.3211,true
TX,48157-2017,1298,151,1464,0.7835,true
TX,48157-2152,475,767,1258,-0.2321,true
TX,48157-2059,1161,182,1357,0.7214,true
TX,48157-2090,289,235,527,0.1025,true
TX,48157-3053,2,2,4,0,true
TX,48157-2120,876,1439,2373,-0.2373,true
TX,48157-4095,1878,1866,3904,0.0031,true
TX,48157-4073,276,510,796,-0.294,true
TX,48157-3102,805,719,1603,0.0536,true
TX,48157-3107,511,820,1368,-0.2259,true
TX,48157-2116,1126,129,1263,0.7894,true
TX,48157-3137,189,130,323,0.1827,true
TX,48157-3011,516,602,1150,-0.0748,true
TX,48157-3080,501,484,1020,0.0167,true
TX,48157-3020,738,1316,2091,-0.2764,true
TX,48157-3044,1389,1559,3070,-0.0554,true
TX,48157-2031,1310,230,1552,0.6959,true
TX,48157-3022,1042,1203,2299,-0.07,true
TX,48157-3029,541,843,1429,-0.2113,true
TX,48157-3121,271,205,498,0.1325,true
TX,48157-4150,2767,1792,4756,0.205,true
TX,48157-3049,1410,915,2409,0.2055,true
TX,48157-4067,1231,869,2207,0.164,true
TX,48157-3042,276,457,746,-0.2426,true
TX,48157-4048,494,370,880,0.1409,true
TX,48157-2108,3618,1567,5268,0.3893,true
TX,48157-1132,1560,1864,3529,-0.0861,true
TX,48157-3062,1485,1135,2663,0.1314,true
TX,48157-1160,778,814,1656,-0.0217,true
TX,48157-4082,2266,2986,5408,-0.1331,true
TX,48157-3064,893,1073,2019,-0.0892,true
TX,48157-3131,624,681,1351,-0.0422,true
TX,48157-3096,991,534,1563,0.2924,true
TX,48157-2115,928,361,1314,0.4315,true
TX,48157-3098,797,714,1569,0.0529,true
TX,48157-2068,27,308,338,-0.8314,true
TX,48157-3125,1302,1114,2609,0.0721,true
TX,48157-4106,2849,1614,4638,0.2663,true
TX,48157-3138,183,124,325,0.1815,true
TX,48157-1038,1755,2288,4176,-0.1276,true
TX,48157-3079,150,168,330,-0.0545,true
TX,48157-1122,1065,1658,2787,-0.2128,true
TX,48157-2161,107,439,554,-0.5993,true
TX,48157-1013,857,955,1841,-0.0532,true
TX,48157-2056,236,125,364,0.3049,true
TX,48157-4039,339,272,647,0.1036,true
TX,48157-2077,1128,303,1448,0.5698,true
TX,48157-1104,1728,2713,4577,-0.2152,true
TX,48157-3084,541,515,1093,0.0238,true
TX,48157-2018,418,1400,1829,-0.5369,true
TX,48157-2128,866,1731,2656,-0.3257,true
TX,48157-2087,595,899,1547,-0.1965,true
TX,48157-1143,2137,2839,5168,-0.1358,true
TX,48157-2021,72,529,608,-0.7516,true
TX,48157-3093,211,105,319,0.3323,true
TX,48157-2109,541,459,1009,0.0813,true
TX,48157-2009,921,1612,2611,-0.2646,true
TX,48157-3119,920,1304,2317,-0.1657,true
TX,48157-2134,2105,861,3050,0.4079,true
TX,48157-2058,2762,825,3621,0.5349,true
TX,48157-1103,1755,2794,4644,-0.2237,true
TX,48157-2055,541,72,617,0.7601,true
TX,48157-2123,979,117,1099,0.7843,true
TX,48157-3092,323,209,539,0.2115,true
TX,48157-1008,172,555,730,-0.5247,true
TX,48157-3112,160,94,256,0.2578,true
TX,48157-2075,995,161,1170,0.7128,true
TX,48157-3043,289,122,425,0.3929,true
TX,48157-4040,781,409,1202,0.3095,true
TX,48157-2097,1966,1871,3893,0.0244,true
TX,48157-3140,988,1175,2203,-0.0849,true
TX,48157-4074,1477,1180,2701,0.11,true
TX,48157-2036,585,56,645,0.8202,true
TX,48157-2003,1329,551,1896,0.4103,true
TX,48157-1041,449,1013,1468,-0.3842,true
TX,48157-3129,2739,2711,5804,0.0048,true
TX,48157-3071,193,205,442,-0.0271,true
TX,48157-2051,1374,146,1540,0.7974,true
TX,48157-2118,4147,3583,7879,0.0716,true
TX,48157-2033,530,213,752,0.4215,true
TX,48157-3045,608,559,1212,0.0404,true
TX,48157-1005,327,998,1346,-0.4985,true
TX,48157-4076,1130,845,2041,0.1396,true
TX,48157-4001,813,1067,1929,-0.1317,true
TX,48157-3046,1015,1014,2113,0.0005,true
TX,48157-2114,2277,364,2667,0.7173,true
TX,48157-3047,312,256,586,0.0956,true
TX,48157-3175,484,277,768,0.2695,true
TX,48157-2007,3997,3912,8152,0.0104,true
TX,48157-4141,1766,1928,3810,-0.0425,true
TX,48157-2151,1433,806,2271,0.2761,true
TX,48157-1148,3961,6342,10534,-0.226,true
TX,48157-1149,1263,4461,5797,-0.5517,true
TX,48157-1145,783,1137,1974,-0.1793,true
TX,48157-4083,2024,1432,3619,0.1636,true
TX,48157-1146,2101,2541,4767,-0.0923,true
TX,48157-4173,353,311,705,0.0596,true
TX,48157-2153,1193,152,1360,0.7654,true
TX,48157-4154,1754,1477,3288,0.0842,true
TX,48157-3155,834,764,1717,0.0408,true
TX,48157-1156,564,1343,1940,-0.4015,true
TX,48157-2171,967,1005,1996,-0.019,true
TX,48157-3158,942,693,1764,0.1412,true
TX,48157-1159,915,1276,2279,-0.1584,true
TX,48157-1004,960,1526,2574,-0.2199,true
TX,48157-1057,2145,2718,4980,-0.1151,true
TX,48157-4024,88,293,383,-0.5352,true
TX,48157-4002,289,84,375,0.5467,true
TX,48157-4025,1767,2162,3976,-0.0993,true
TX,48157-2010,532,2356,2912,-0.6264,true
TX,48157-4162,117,367,489,-0.5112,true
TX,48157-4015,232,808,1053,-0.547,true
TX,48157-4164,496,411,960,0.0885,true
TX,48157-4163,518,295,886,0.2517,true
TX,48157-1165,844,1837,2749,-0.3612,true
TX,48157-3105,229,232,498,-0.006,true
TX,48157-4117,737,554,1357,0.1349,true
TX,48157-3147,1819,1575,3830,0.0637,true
TX,48157-3139,773,696,1642,0.0469,true
TX,48157-4124,1095,1049,2289,0.0201,true
TX,48157-3135,2438,2129,4871,0.0634,true
TX,48157-4167,0,2,2,-1,true
TX,48157-1054,82,159,248,-0.3105,true
TX,48157-3168,152,130,302,0.0728,true
TX,48157-4170,239,194,471,0.0955,true
TX,48157-3169,205,229,506,-0.0474,true
TX,48157-3157,361,410,797,-0.0615,true
TX,48157-2088,633,274,918,0.3911,true
TX,48157-3172,536,421,997,0.1153,true
TX,48157-3126,261,278,593,-0.0287,true
TX,48157-3174,584,449,1076,0.1255,true
TX,48159-Precinct 101,120,808,933,-0.7374,true
TX,48159-Precinct 102,41,378,421,-0.8005,true
TX,48159-Precinct 201,64,380,445,-0.7101,true
TX,48159-Precinct 202,159,502,667,-0.5142,true
TX,48159-Precinct 301,83,495,579,-0.7116,true
TX,48159-Precinct 302,86,485,573,-0.6963,true
TX,48159-Precinct 401,165,840,1010,-0.6683,true
TX,48159-Precinct 402,95,585,683,-0.7174,true
TX,48161-Precinct 1,262,1744,2018,-0.7344,true
TX,48161-Precinct 2,269,937,1213,-0.5507,true
TX,48161-Precinct 3,9,138,147,-0.8776,true
TX,48161-Precinct 4A,33,280,315,-0.7841,true
TX,48161-Precinct 4B,4,28,32,-0.75,true
TX,48161-Precinct 5A,229,928,1163,-0.601,true
TX,48161-Precinct 5B,111,444,559,-0.5957,true
TX,48161-Precinct 6A,41,350,393,-0.7863,true
TX,48161-Precinct 6B,2,16,18,-0.7778,true
TX,48161-Precinct 7A,89,412,504,-0.6409,true
TX,48161-Precinct 7B,6,40,46,-0.7391,true
TX,48161-Precinct 8,74,420,498,-0.6948,true
TX,48161-Precinct 9A,29,152,181,-0.6796,true
TX,48161-Precinct 9B,27,146,173,-0.6879,true
TX,48161-Precinct 9C,0,4,4,-1,true
TX,48161-Precinct 10,26,261,288,-0.816,true
TX,48161-Precinct 11A,107,205,313,-0.3131,true
TX,48161-Precinct 11B,80,153,235,-0.3106,true
TX,48161-Precinct 13,73,607,681,-0.7841,true
TX,48161-Precinct 15,29,244,275,-0.7818,true
TX,48163-Precinct 1,306,376,690,-0.1014,true
TX,48163-Precinct 2,214,254,470,-0.0851,true
TX,48163-Precinct 3,170,133,305,0.1213,true
TX,48163-Precinct 4,247,477,731,-0.3146,true
TX,48163-Precinct 5,112,400,513,-0.5614,true
TX,48163-Precinct 6,123,410,535,-0.5364,true
TX,48163-Precinct 8,265,361,629,-0.1526,true
TX,48163-Precinct 9,256,267,526,-0.0209,true
TX,48163-Precinct 10,155,382,540,-0.4204,true
TX,48165-Precinct 2,97,1208,1314,-0.8455,true
TX,48165-Precinct 3,118,1988,2115,-0.8842,true
TX,48165-Precinct 4,97,1120,1226,-0.8344,true
TX,48165-Precinct 5,10,140,152,-0.8553,true
TX,48165-Precinct 6,21,145,171,-0.7251,true
TX,48165-Precinct 8,123,763,889,-0.7199,true
TX,48165-Precinct 9,72,476,549,-0.7359,true
TX,48167-Precinct 137,937,2149,3113,-0.3893,true
TX,48167-Precinct 142,1207,1133,2366,0.0313,true
TX,48167-Precinct 143,544,538,1090,0.0055,true
TX,48167-Precinct 144,591,1277,1891,-0.3628,true
TX,48167-Precinct 146,747,1279,2042,-0.2605,true
TX,48167-Precinct 148,881,1476,2375,-0.2505,true
TX,48167-Precinct 150,531,985,1530,-0.2967,true
TX,48167-Precinct 151,549,1799,2361,-0.5294,true
TX,48167-Precinct 152,397,916,1322,-0.3926,true
TX,48167-Precinct 159,864,1882,2778,-0.3665,true
TX,48167-Precinct 165,578,1319,1922,-0.3855,true
TX,48167-Precinct 166,827,1790,2650,-0.3634,true
TX,48167-Precinct 167,717,1664,2406,-0.3936,true
TX,48167-Precinct 168,0,2,2,-1,true
TX,48167-Precinct 172,92,274,367,-0.4959,true
TX,48167-Precinct 173,294,566,881,-0.3087,true
TX,48167-Precinct 185,665,1410,2101,-0.3546,true
TX,48167-Precinct 191,740,1452,2227,-0.3197,true
TX,48167-Precinct 193,743,1325,2102,-0.2769,true
TX,48167-Precinct 196,411,148,562,0.468,true
TX,48167-Precinct 197,216,441,664,-0.3389,true
TX,48167-Precinct 202,624,457,1097,0.1522,true
TX,48167-Precinct 203,153,850,1004,-0.6942,true
TX,48167-Precinct 204,151,673,828,-0.6304,true
TX,48167-Precinct 206,1349,1033,2423,0.1304,true
TX,48167-Precinct 211,565,305,889,0.2925,true
TX,48167-Precinct 214,1376,661,2062,0.3468,true
TX,48167-Precinct 215,1319,850,2194,0.2138,true
TX,48167-Precinct 216,766,537,1320,0.1735,true
TX,48167-Precinct 218,1072,1024,2129,0.0225,true
TX,48167-Precinct 221,541,1285,1841,-0.4041,true
TX,48167-Precinct 223,959,1034,2023,-0.0371,true
TX,48167-Precinct 224,946,1124,2103,-0.0846,true
TX,48167-Precinct 225,459,1911,2400,-0.605,true
TX,48167-Precinct 226,546,1335,1899,-0.4155,true
TX,48167-Precinct 227,462,2166,2643,-0.6447,true
TX,48167-Precinct 230,877,587,1480,0.1959,true
TX,48167-Precinct 245,291,110,404,0.448,true
TX,48167-Precinct 274,164,487,654,-0.4939,true
TX,48167-Precinct 275,96,185,283,-0.3145,true
TX,48167-Precinct 276,737,926,1679,-0.1126,true
TX,48167-Precinct 277,307,1737,2056,-0.6955,true
TX,48167-Precinct 278,437,2524,2982,-0.6999,true
TX,48167-Precinct 333,959,1913,2938,-0.3247,true
TX,48167-Precinct 340,249,71,322,0.5528,true
TX,48167-Precinct 341,360,471,841,-0.132,true
TX,48167-Precinct 353,1066,1968,3079,-0.293,true
TX,48167-Precinct 354,1248,1957,3280,-0.2162,true
TX,48167-Precinct 355,730,1167,1926,-0.2269,true
TX,48167-Precinct 356,690,2084,2814,-0.4954,true
TX,48167-Precinct 357,918,2475,3440,-0.4526,true
TX,48167-Precinct 363,847,1768,2655,-0.3469,true
TX,48167-Precinct 364,710,1593,2335,-0.3782,true
TX,48167-Precinct 370,689,1412,2128,-0.3398,true
TX,48167-Precinct 371,729,1164,1938,-0.2245,true
TX,48167-Precinct 384,325,557,889,-0.261,true
TX,48167-Precinct 386,620,1162,1813,-0.299,true
TX,48167-Precinct 387,685,1848,2565,-0.4534,true
TX,48167-Precinct 388,1016,2016,3075,-0.3252,true
TX,48167-Precinct 389,267,178,446,0.1996,true
TX,48167-Precinct 390,943,1879,2864,-0.3268,true
TX,48167-Precinct 392,199,381,585,-0.3111,true
TX,48167-Precinct 398,137,139,278,-0.0072,true
TX,48167-Precinct 399,83,110,194,-0.1392,true
TX,48167-Precinct 401,538,1131,1708,-0.3472,true
TX,48167-Precinct 419,1114,1389,2525,-0.1089,true
TX,48167-Precinct 420,1066,2093,3190,-0.3219,true
TX,48167-Precinct 422,426,935,1372,-0.371,true
TX,48167-Precinct 428,412,2201,2628,-0.6807,true
TX,48167-Precinct 429,615,1033,1667,-0.2507,true
TX,48167-Precinct 431,1108,488,1614,0.3841,true
TX,48167-Precinct 432,586,664,1270,-0.0614,true
TX,48167-Precinct 434,549,241,798,0.386,true
TX,48167-Precinct 435,757,774,1550,-0.011,true
TX,48167-Precinct 436,1586,272,1870,0.7027,true
TX,48167-Precinct 438,1461,1210,2701,0.0929,true
TX,48167-Precinct 439,806,1699,2534,-0.3524,true
TX,48167-Precinct 458,155,936,1099,-0.7106,true
TX,48167-Precinct 460,632,1948,2610,-0.5042,true
TX,48167-Precinct 461,711,2227,2984,-0.508,true
TX,48167-Precinct 462,708,1951,2735,-0.4545,true
TX,48167-Precinct 479,163,915,1084,-0.6937,true
TX,48167-Precinct 480,1255,1745,3028,-0.1618,true
TX,48167-Precinct 481,32,119,154,-0.5649,true
TX,48167-Precinct 482,50,184,236,-0.5678,true
TX,48167-Precinct 483,916,1582,2534,-0.2628,true
TX,48167-Precinct 492,328,953,1294,-0.483,true
TX,48167-Precinct 495,497,1356,1886,-0.4555,true
TX,48167-Precinct 2323,56,296,354,-0.678,true
TX,48167-Precinct 4391,7,14,21,-0.3333,true
TX,48169-Precinct 1,53,352,409,-0.7311,true
TX,48169-Precinct 2,43,369,415,-0.7855,true
TX,48169-Precinct 3,45,266,313,-0.7061,true
TX,48169-Precinct 4,39,184,227,-0.6388,true
TX,48169-Precinct 5,13,79,93,-0.7097,true
TX,48169-Precinct 6,20,124,145,-0.7172,true
TX,48171-Precinct 1,400,1247,1659,-0.5105,true
TX,48171-Precinct 2,320,893,1223,-0.4685,true
TX,48171-Precinct 3,200,678,892,-0.5359,true
TX,48171-Precinct 4,578,1628,2230,-0.4709,true
TX,48171-Precinct 5,171,1406,1588,-0.7777,true
TX,48171-Precinct 6,111,445,561,-0.5954,true
TX,48171-Precinct 7,393,1836,2237,-0.6451,true
TX,48171-Precinct 8,34,277,313,-0.7764,true
TX,48171-Precinct 9,12,149,162,-0.8457,true
TX,48171-Precinct 10,145,682,838,-0.6408,true
TX,48171-Precinct 12,381,1866,2259,-0.6574,true
TX,48171-Precinct 13,273,1514,1801,-0.6891,true
TX,48171-Precinct 15,142,581,729,-0.6022,true
TX,48173-Precinct 1,5,182,187,-0.9465,true
TX,48173-Precinct 2,17,128,145,-0.7655,true
TX,48173-Precinct 3,5,164,170,-0.9353,true
TX,48173-Precinct 4,11,149,161,-0.8571,true
TX,48175-Precinct 11,193,412,609,-0.3596,true
TX,48175-Precinct 12,35,327,365,-0.8,true
TX,48175-Precinct 21,236,448,692,-0.3064,true
TX,48175-Precinct 22,35,150,186,-0.6183,true
TX,48175-Precinct 31,84,369,460,-0.6196,true
TX,48175-Precinct 32,53,452,510,-0.7824,true
TX,48175-Precinct 41,46,262,308,-0.7013,true
TX,48175-Precinct 42,58,454,515,-0.7689,true
TX,48175-Precinct 43,38,304,345,-0.771,true
TX,48177-Precinct 1,389,1318,1723,-0.5392,true
TX,48177-Precinct 2,278,746,1033,-0.453,true
TX,48177-Precinct 3,241,704,953,-0.4858,true
TX,48177-Precinct 5,88,430,523,-0.6539,true
TX,48177-Precinct 7,64,342,411,-0.6764,true
TX,48177-Precinct 8,46,240,290,-0.669,true
TX,48177-Precinct 9,263,450,717,-0.2608,true
TX,48177-Precinct 10,61,347,410,-0.6976,true
TX,48177-Precinct 11,16,187,203,-0.8424,true
TX,48177-Precinct 12,28,92,120,-0.5333,true
TX,48177-Precinct 13,37,224,263,-0.711,true
TX,48177-Precinct 14,9,63,72,-0.75,true
TX,48177-Precinct 15,33,242,278,-0.7518,true
TX,48177-Precinct 4/6,176,596,773,-0.5433,true
TX,48179-Precinct 1,10,299,312,-0.9263,true
TX,48179-Precinct 2,164,1349,1522,-0.7786,true
TX,48179-Precinct 3,3,94,98,-0.9286,true
TX,48179-Precinct 4,23,460,486,-0.8992,true
TX,48179-Precinct 5,218,1781,2013,-0.7765,true
TX,48179-Precinct 6,222,1712,1940,-0.768,true
TX,48179-Precinct 7,205,996,1210,-0.6537,true
TX,48181-Precinct 101,466,672,1158,-0.1779,true
TX,48181-Precinct 102,527,414,947,0.1193,true
TX,48181-Precinct 103,520,760,1286,-0.1866,true
TX,48181-Precinct 104,165,826,1005,-0.6577,true
TX,48181-Precinct 105,214,1215,1447,-0.6918,true
TX,48181-Precinct 106,355,1917,2286,-0.6833,true
TX,48181-Precinct 107,198,1431,1645,-0.7495,true
TX,48181-Precinct 108,338,2158,2516,-0.7234,true
TX,48181-Precinct 109,1071,3866,5006,-0.5583,true
TX,48181-Precinct 201,681,1578,2291,-0.3915,true
TX,48181-Precinct 202,885,2122,3049,-0.4057,true
TX,48181-Precinct 203,297,442,748,-0.1939,true
TX,48181-Precinct 204,9,28,37,-0.5135,true
TX,48181-Precinct 205,491,2572,3089,-0.6737,true
TX,48181-Precinct 206,442,1037,1505,-0.3953,true
TX,48181-Precinct 207,137,743,886,-0.684,true
TX,48181-Precinct 208,221,922,1153,-0.608,true
TX,48181-Precinct 209,193,1034,1239,-0.6788,true
TX,48181-Precinct 210,204,1566,1785,-0.763,true
TX,48181-Precinct 301,517,1061,1598,-0.3404,true
TX,48181-Precinct 302,811,1332,2162,-0.241,true
TX,48181-Precinct 303,44,231,276,-0.6775,true
TX,48181-Precinct 304,821,2181,3031,-0.4487,true
TX,48181-Precinct 305,147,1010,1165,-0.7408,true
TX,48181-Precinct 306,401,2622,3040,-0.7306,true
TX,48181-Precinct 307,225,1673,1911,-0.7577,true
TX,48181-Precinct 308,166,971,1142,-0.7049,true
TX,48181-Precinct 309,102,525,637,-0.6641,true
TX,48181-Precinct 310,36,139,179,-0.5754,true
TX,48181-Precinct 401,412,533,964,-0.1255,true
TX,48181-Precinct 402,532,1264,1823,-0.4015,true
TX,48181-Precinct 403,571,2410,3008,-0.6114,true
TX,48181-Precinct 404,554,2883,3467,-0.6718,true
TX,48181-Precinct 405,160,284,449,-0.2762,true
TX,48181-Precinct 406,360,2161,2539,-0.7093,true
TX,48181-Precinct 407,53,55,110,-0.0182,true
TX,48181-Precinct 408,193,528,732,-0.4577,true
TX,48181-Precinct 409,515,1293,1830,-0.4251,true
TX,48181-Precinct 410,441,1180,1639,-0.4509,true
TX,48181-Precinct 411,25,155,182,-0.7143,true
TX,48181-Precinct 412,300,762,1079,-0.4282,true
TX,48183-Precinct 1,362,824,1199,-0.3853,true
TX,48183-Precinct 2,764,1783,2570,-0.3965,true
TX,48183-Precinct 3,427,981,1426,-0.3885,true
TX,48183-Precinct 4,562,2021,2605,-0.5601,true
TX,48183-Precinct 5,640,2199,2863,-0.5445,true
TX,48183-Precinct 6,302,1579,1900,-0.6721,true
TX,48183-Precinct 7,396,1829,2243,-0.6389,true
TX,48183-Precinct 8,758,2284,3080,-0.4955,true
TX,48183-Precinct 9,870,1991,2885,-0.3886,true
TX,48183-Precinct 10,931,1616,2565,-0.2671,true
TX,48183-Precinct 11,716,2152,2893,-0.4964,true
TX,48183-Precinct 12,403,2966,3391,-0.7558,true
TX,48183-Precinct 13,409,1548,1968,-0.5788,true
TX,48183-Precinct 14,462,2833,3317,-0.7148,true
TX,48183-Precinct 15,255,617,880,-0.4114,true
TX,48183-Precinct 16,481,2324,2822,-0.6531,true
TX,48183-Precinct 17,215,297,514,-0.1595,true
TX,48183-Precinct 18,1049,1186,2258,-0.0607,true
TX,48183-Precinct 19,1300,312,1637,0.6035,true
TX,48183-Precinct 20,892,437,1343,0.3388,true
TX,48183-Precinct 21,1100,1247,2379,-0.0618,true
TX,48185-Precinct 1,217,1464,1697,-0.7348,true
TX,48185-Precinct 2,75,779,861,-0.8177,true
TX,48185-Precinct 3,625,792,1429,-0.1169,true
TX,48185-Precinct 4,128,937,1071,-0.7554,true
TX,48185-Precinct 5,266,849,1128,-0.5168,true
TX,48185-Precinct 6,374,716,1107,-0.3089,true
TX,48185-Precinct 7,152,893,1053,-0.7037,true
TX,48185-Precinct 8,81,530,615,-0.7301,true
TX,48185-Precinct 9,33,280,315,-0.7841,true
TX,48185-Precinct 10,195,1484,1687,-0.7641,true
TX,48185-Precinct 12,174,627,806,-0.562,true
TX,48185-Precinct 14,263,988,1264,-0.5736,true
TX,48185-Precinct 15,151,858,1018,-0.6945,true
TX,48187-Precinct 102,418,976,1416,-0.3941,true
TX,48187-Precinct 103,148,371,531,-0.42,true
TX,48187-Precinct 104,233,308,548,-0.1369,true
TX,48187-Precinct 105,469,1809,2304,-0.5816,true
TX,48187-Precinct 106,815,1656,2495,-0.3371,true
TX,48187-Precinct 107,180,783,971,-0.621,true
TX,48187-Precinct 109,79,341,427,-0.6136,true
TX,48187-Precinct 110,63,98,164,-0.2134,true
TX,48187-Precinct 112,56,50,108,0.0556,true
TX,48187-Precinct 113,210,595,814,-0.473,true
TX,48187-Precinct 114,263,667,941,-0.4293,true
TX,48187-Precinct 115,76,295,372,-0.5887,true
TX,48187-Precinct 116,404,1341,1765,-0.5309,true
TX,48187-Precinct 117,630,1437,2096,-0.385,true
TX,48187-Precinct 119,320,1090,1418,-0.543,true
TX,48187-Precinct 120,197,711,917,-0.5605,true
TX,48187-Precinct 123,3,6,9,-0.3333,true
TX,48187-Precinct 124,2,4,6,-0.3333,true
TX,48187-Precinct 125,27,118,148,-0.6149,true
TX,48187-Precinct 126,4,18,22,-0.6364,true
TX,48187-Precinct 127,1,13,14,-0.8571,true
TX,48187-Precinct 128,757,1725,2515,-0.3849,true
TX,48187-Precinct 129,658,1447,2127,-0.3709,true
TX,48187-Precinct 201,114,180,297,-0.2222,true
TX,48187-Precinct 202,315,283,612,0.0523,true
TX,48187-Precinct 203,161,219,385,-0.1506,true
TX,48187-Precinct 204,529,718,1262,-0.1498,true
TX,48187-Precinct 205,224,761,997,-0.5386,true
TX,48187-Precinct 206,748,692,1450,0.0386,true
TX,48187-Precinct 207,295,283,587,0.0204,true
TX,48187-Precinct 208,1322,3401,4781,-0.4348,true
TX,48187-Precinct 209,200,177,381,0.0604,true
TX,48187-Precinct 210,236,317,560,-0.1446,true
TX,48187-Precinct 211,43,47,93,-0.043,true
TX,48187-Precinct 212,90,99,192,-0.0469,true
TX,48187-Precinct 213,769,1827,2633,-0.4018,true
TX,48187-Precinct 214,164,562,737,-0.54,true
TX,48187-Precinct 215,246,638,890,-0.4404,true
TX,48187-Precinct 216,68,198,270,-0.4815,true
TX,48187-Precinct 217,43,50,93,-0.0753,true
TX,48187-Precinct 218,24,18,42,0.1429,true
TX,48187-Precinct 219,26,30,57,-0.0702,true
TX,48187-Precinct 220,33,28,61,0.082,true
TX,48187-Precinct 221,5,13,20,-0.4,true
TX,48187-Precinct 222,2,0,2,1,true
TX,48187-Precinct 223,81,79,162,0.0123,true
TX,48187-Precinct 224,49,34,83,0.1807,true
TX,48187-Precinct 225,7,6,14,0.0714,true
TX,48187-Precinct 226,66,154,224,-0.3929,true
TX,48187-Precinct 227,103,307,415,-0.4916,true
TX,48187-Precinct 228,186,388,579,-0.3489,true
TX,48187-Precinct 229,39,68,108,-0.2685,true
TX,48187-Precinct 230,51,152,203,-0.4975,true
TX,48187-Precinct 231,24,76,102,-0.5098,true
TX,48187-Precinct 232,7,21,29,-0.4828,true
TX,48187-Precinct 303,381,586,992,-0.2067,true
TX,48187-Precinct 304,1117,1693,2854,-0.2018,true
TX,48187-Precinct 305,1334,1869,3248,-0.1647,true
TX,48187-Precinct 306,1174,1698,2920,-0.1795,true
TX,48187-Precinct 307,1445,1815,3312,-0.1117,true
TX,48187-Precinct 308,529,973,1524,-0.2913,true
TX,48187-Precinct 309,1084,1589,2716,-0.1859,true
TX,48187-Precinct 310,508,724,1245,-0.1735,true
TX,48187-Precinct 311,883,1156,2062,-0.1324,true
TX,48187-Precinct 401,566,1466,2054,-0.4382,true
TX,48187-Precinct 404,1322,1733,3102,-0.1325,true
TX,48187-Precinct 405,407,1497,1931,-0.5645,true
TX,48187-Precinct 406,192,1035,1234,-0.6831,true
TX,48187-Precinct 407,273,1297,1581,-0.6477,true
TX,48187-Precinct 408,453,938,1407,-0.3447,true
TX,48187-Precinct 409,1203,1080,2311,0.0532,true
TX,48187-Precinct 410,55,165,221,-0.4977,true
TX,48187-Precinct 412,1142,1212,2382,-0.0294,true
TX,48187-Precinct 413,57,534,598,-0.7977,true
TX,48187-Precinct 414,1330,1725,3097,-0.1275,true
TX,48187-Precinct 415,1835,2221,4110,-0.0939,true
TX,48189-Precinct 101,30,183,215,-0.7116,true
TX,48189-Precinct 102,12,52,65,-0.6154,true
TX,48189-Precinct 103,82,154,240,-0.3,true
TX,48189-Precinct 104,94,179,273,-0.3114,true
TX,48189-Precinct 105,34,101,137,-0.4891,true
TX,48189-Precinct 108,9,30,39,-0.5385,true
TX,48189-Precinct 110,21,242,264,-0.8371,true
TX,48189-Precinct 111,89,299,391,-0.5371,true
TX,48189-Precinct 112,29,398,431,-0.8561,true
TX,48189-Precinct 202,48,66,121,-0.1488,true
TX,48189-Precinct 203,87,122,212,-0.1651,true
TX,48189-Precinct 204,81,220,309,-0.4498,true
TX,48189-Precinct 205,46,91,137,-0.3285,true
TX,48189-Precinct 206,10,21,32,-0.3438,true
TX,48189-Precinct 213,26,137,164,-0.6768,true
TX,48189-Precinct 214,80,290,376,-0.5585,true
TX,48189-Precinct 215,56,170,231,-0.4935,true
TX,48189-Precinct 304,126,416,548,-0.5292,true
TX,48189-Precinct 305,120,611,737,-0.6662,true
TX,48189-Precinct 306,18,28,47,-0.2128,true
TX,48189-Precinct 307,43,137,181,-0.5193,true
TX,48189-Precinct 316,115,591,712,-0.6685,true
TX,48189-Precinct 317,14,72,87,-0.6667,true
TX,48189-Precinct 318,131,647,782,-0.6598,true
TX,48189-Precinct 406,84,192,279,-0.3871,true
TX,48189-Precinct 407,186,699,898,-0.5713,true
TX,48189-Precinct 408,85,403,492,-0.6463,true
TX,48189-Precinct 409,109,347,461,-0.5163,true
TX,48189-Precinct 419,15,149,164,-0.8171,true
TX,48189-Precinct 420,23,236,260,-0.8192,true
TX,48191-Precinct 101,47,188,238,-0.5924,true
TX,48191-Precinct 201,7,54,61,-0.7705,true
TX,48191-Precinct 202,36,202,240,-0.6917,true
TX,48191-Precinct 301,9,55,64,-0.7188,true
TX,48191-Precinct 302,30,186,218,-0.7156,true
TX,48191-Precinct 401,7,202,210,-0.9286,true
TX,48191-Precinct 402,13,105,119,-0.7731,true
TX,48193-Precinct 1,106,619,729,-0.7037,true
TX,48193-Precinct 4,9,77,88,-0.7727,true
TX,48193-Precinct 5,9,114,127,-0.8268,true
TX,48193-Precinct 7,178,966,1158,-0.6805,true
TX,48193-Precinct 9,16,121,142,-0.7394,true
TX,48193-Precinct 12,16,185,203,-0.8325,true
TX,48193-Precinct 14,16,135,151,-0.7881,true
TX,48193-Precinct 15,15,149,166,-0.8072,true
TX,48193-Precinct 17,19,129,148,-0.7432,true
TX,48193-Precinct 22,129,667,806,-0.6675,true
TX,48193-Precinct 23,112,647,762,-0.7021,true
TX,48195-Precinct 1,33,439,474,-0.8565,true
TX,48195-Precinct 2,3,24,27,-0.7778,true
TX,48195-Precinct 3,8,180,190,-0.9053,true
TX,48195-Precinct 4,26,379,408,-0.8652,true
TX,48195-Precinct 5,26,306,332,-0.8434,true
TX,48195-Precinct 6,39,404,445,-0.8202,true
TX,48195-Precinct 7,2,29,32,-0.8438,true
TX,48195-Precinct 9,9,81,91,-0.7912,true
TX,48197-Precinct 1,56,320,380,-0.6947,true
TX,48197-Precinct 2,35,267,303,-0.7657,true
TX,48197-Precinct 3,43,285,328,-0.7378,true
TX,48197-Precinct 4,54,338,394,-0.7208,true
TX,48199-Precinct 1,254,841,1101,-0.5332,true
TX,48199-Precinct 2,336,2807,3159,-0.7822,true
TX,48199-Precinct 3,29,437,468,-0.8718,true
TX,48199-Precinct 4,51,619,672,-0.8452,true
TX,48199-Precinct 5,27,434,461,-0.8829,true
TX,48199-Precinct 6,365,3089,3464,-0.7864,true
TX,48199-Precinct 7,33,565,598,-0.8896,true
TX,48199-Precinct 8,53,626,679,-0.8439,true
TX,48199-Precinct 9,306,1443,1760,-0.646,true
TX,48199-Precinct 10,434,493,932,-0.0633,true
TX,48199-Precinct 11,108,1050,1161,-0.8114,true
TX,48199-Precinct 12,118,989,1109,-0.7854,true
TX,48199-Precinct 13,226,2037,2269,-0.7981,true
TX,48199-Precinct 14,102,967,1072,-0.8069,true
TX,48199-Precinct 15,161,1474,1646,-0.7977,true
TX,48199-Precinct 16,178,1596,1783,-0.7953,true
TX,48199-Precinct 17,71,959,1030,-0.8621,true
TX,48199-Precinct 18,366,3053,3446,-0.7797,true
TX,48199-Precinct 19,129,1212,1347,-0.804,true
TX,48201-0001,923,347,1292,0.4458,true
TX,48201-0010,624,296,949,0.3456,true
TX,48201-0100,361,405,777,-0.0566,true
TX,48201-1000,82,57,143,0.1748,true
TX,48201-1001,457,287,747,0.2276,true
TX,48201-1002,239,74,322,0.5124,true
TX,48201-1003,63,23,87,0.4598,true
TX,48201-1004,313,217,537,0.1788,true
TX,48201-1006,721,117,849,0.7114,true
TX,48201-1007,928,438,1377,0.3558,true
TX,48201-1008,260,843,1110,-0.5252,true
TX,48201-1009,82,89,174,-0.0402,true
TX,48201-0101,165,96,265,0.2604,true
TX,48201-1010,702,297,1018,0.3978,true
TX,48201-1011,16,10,27,0.2222,true
TX,48201-1012,538,428,977,0.1126,true
TX,48201-1016,772,1226,2024,-0.2243,true
TX,48201-1017,42,27,71,0.2113,true
TX,48201-1019,63,35,100,0.28,true
TX,48201-0102,437,306,750,0.1747,true
TX,48201-1020,1124,487,1629,0.391,true
TX,48201-1021,213,188,409,0.0611,true
TX,48201-1022,635,985,1643,-0.213,true
TX,48201-1023,336,174,514,0.3152,true
TX,48201-1024,51,179,230,-0.5565,true
TX,48201-1025,333,305,644,0.0435,true
TX,48201-1026,237,462,708,-0.3178,true
TX,48201-1027,213,296,513,-0.1618,true
TX,48201-1028,1216,1256,2505,-0.016,true
TX,48201-1029,803,895,1762,-0.0522,true
TX,48201-0103,804,867,1686,-0.0374,true
TX,48201-1030,95,61,159,0.2138,true
TX,48201-1031,347,632,987,-0.2888,true
TX,48201-1032,155,109,273,0.1685,true
TX,48201-1033,210,176,389,0.0874,true
TX,48201-1034,497,348,851,0.1751,true
TX,48201-1036,38,33,74,0.0676,true
TX,48201-1037,856,732,1622,0.0764,true
TX,48201-1038,898,1143,2070,-0.1184,true
TX,48201-0104,845,103,955,0.777,true
TX,48201-1040,219,148,371,0.1914,true
TX,48201-1041,190,116,307,0.241,true
TX,48201-1042,821,661,1546,0.1035,true
TX,48201-1043,588,854,1467,-0.1813,true
TX,48201-1044,47,91,138,-0.3188,true
TX,48201-1045,202,272,507,-0.1381,true
TX,48201-1046,400,428,839,-0.0334,true
TX,48201-1047,304,205,517,0.1915,true
TX,48201-1048,258,234,503,0.0477,true
TX,48201-1049,143,116,263,0.1027,true
TX,48201-0105,620,473,1105,0.133,true
TX,48201-1050,671,61,738,0.8266,true
TX,48201-1053,321,149,476,0.3613,true
TX,48201-1054,958,1458,2463,-0.203,true
TX,48201-1055,1333,1744,3141,-0.1309,true
TX,48201-1056,1327,1682,3079,-0.1153,true
TX,48201-1057,2,0,2,1,true
TX,48201-1058,45,23,71,0.3099,true
TX,48201-1059,425,417,857,0.0093,true
TX,48201-0106,64,64,128,0,true
TX,48201-1060,877,136,1025,0.7229,true
TX,48201-1061,926,336,1273,0.4635,true
TX,48201-1062,458,1152,1625,-0.4271,true
TX,48201-1063,765,778,1560,-0.0083,true
TX,48201-1064,847,1068,2003,-0.1103,true
TX,48201-1065,718,1317,2063,-0.2904,true
TX,48201-1067,612,299,929,0.3369,true
TX,48201-1068,950,690,1662,0.1564,true
TX,48201-0107,606,346,962,0.2703,true
TX,48201-1070,67,73,143,-0.042,true
TX,48201-1071,1199,880,2101,0.1518,true
TX,48201-1072,574,321,921,0.2747,true
TX,48201-1074,354,92,451,0.5809,true
TX,48201-1076,1208,955,2207,0.1146,true
TX,48201-1077,1344,504,1869,0.4494,true
TX,48201-1078,834,981,1844,-0.0797,true
TX,48201-1079,787,413,1211,0.3088,true
TX,48201-0108,769,927,1717,-0.092,true
TX,48201-1080,217,206,430,0.0256,true
TX,48201-1081,89,45,134,0.3284,true
TX,48201-1084,151,178,340,-0.0794,true
TX,48201-1085,248,1440,1705,-0.6991,true
TX,48201-1086,881,2462,3391,-0.4662,true
TX,48201-1087,1104,628,1757,0.2709,true
TX,48201-1088,241,229,477,0.0252,true
TX,48201-1089,8,3,11,0.4545,true
TX,48201-0109,1080,161,1250,0.7352,true
TX,48201-1090,195,204,404,-0.0223,true
TX,48201-1091,634,906,1559,-0.1745,true
TX,48201-1092,238,233,477,0.0105,true
TX,48201-1093,357,1108,1489,-0.5044,true
TX,48201-1095,615,1248,1892,-0.3346,true
TX,48201-1096,838,2081,2942,-0.4225,true
TX,48201-1097,418,178,609,0.3941,true
TX,48201-1098,711,256,974,0.4671,true
TX,48201-1099,2,1,3,0.3333,true
TX,48201-0011,682,306,1004,0.3745,true
TX,48201-0110,1232,1184,2457,0.0195,true
TX,48201-1100,226,299,531,-0.1375,true
TX,48201-1101,494,745,1278,-0.1964,true
TX,48201-1102,1076,1215,2338,-0.0595,true
TX,48201-1103,623,616,1265,0.0055,true
TX,48201-1104,637,977,1644,-0.2068,true
TX,48201-1105,48,17,66,0.4697,true
TX,48201-1106,282,151,439,0.2984,true
TX,48201-1107,55,64,120,-0.075,true
TX,48201-1108,3,2,5,0.2,true
TX,48201-1109,48,78,127,-0.2362,true
TX,48201-0111,853,1290,2186,-0.1999,true
TX,48201-1110,575,934,1571,-0.2285,true
TX,48201-1111,626,495,1141,0.1148,true
TX,48201-1112,782,1360,2174,-0.2659,true
TX,48201-1113,941,893,1882,0.0255,true
TX,48201-1114,835,249,1100,0.5327,true
TX,48201-1115,179,203,388,-0.0619,true
TX,48201-1116,1025,916,1986,0.0549,true
TX,48201-1117,842,1038,1897,-0.1033,true
TX,48201-1118,707,339,1071,0.3436,true
TX,48201-1119,1,3,4,-0.5,true
TX,48201-0112,841,1245,2153,-0.1876,true
TX,48201-1120,988,1207,2249,-0.0974,true
TX,48201-1121,193,74,268,0.444,true
TX,48201-1122,338,105,458,0.5087,true
TX,48201-1123,455,442,935,0.0139,true
TX,48201-1126,760,384,1168,0.3219,true
TX,48201-1127,431,146,584,0.488,true
TX,48201-1128,794,1746,2577,-0.3694,true
TX,48201-0113,879,798,1703,0.0476,true
TX,48201-1130,218,302,522,-0.1609,true
TX,48201-1131,122,150,275,-0.1018,true
TX,48201-1133,37,29,68,0.1176,true
TX,48201-1134,944,1593,2616,-0.2481,true
TX,48201-1135,1413,1200,2660,0.0801,true
TX,48201-1136,1211,552,1806,0.3649,true
TX,48201-1137,1083,515,1621,0.3504,true
TX,48201-1138,524,348,975,0.1805,true
TX,48201-1139,1155,492,1667,0.3977,true
TX,48201-0114,947,2310,3287,-0.4147,true
TX,48201-1140,59,53,116,0.0517,true
TX,48201-1142,52,262,318,-0.6604,true
TX,48201-1144,347,930,1290,-0.4519,true
TX,48201-1145,1042,1733,2806,-0.2463,true
TX,48201-1146,776,1184,2000,-0.204,true
TX,48201-1147,8,9,17,-0.0588,true
TX,48201-1148,374,221,605,0.2529,true
TX,48201-1149,1501,1428,2964,0.0246,true
TX,48201-0115,512,210,726,0.416,true
TX,48201-1151,806,1910,2759,-0.4001,true
TX,48201-1152,32,180,216,-0.6852,true
TX,48201-1156,1,0,1,1,true
TX,48201-0116,969,1637,2664,-0.2508,true
TX,48201-1166,233,877,1118,-0.576,true
TX,48201-1167,1686,377,2098,0.6239,true
TX,48201-1168,274,666,956,-0.41,true
TX,48201-1169,179,559,749,-0.5073,true
TX,48201-0117,528,404,944,0.1314,true
TX,48201-1170,2442,1332,3820,0.2906,true
TX,48201-1171,650,1710,2397,-0.4422,true
TX,48201-1172,840,1001,1881,-0.0856,true
TX,48201-0118,1060,855,1949,0.1052,true
TX,48201-0119,1098,1184,2308,-0.0373,true
TX,48201-0012,167,200,371,-0.0889,true
TX,48201-0120,988,854,1880,0.0713,true
TX,48201-0121,291,572,874,-0.3215,true
TX,48201-0122,758,135,902,0.6907,true
TX,48201-0123,922,243,1207,0.5626,true
TX,48201-0124,653,1668,2362,-0.4297,true
TX,48201-0125,832,920,1781,-0.0494,true
TX,48201-0126,1212,3303,4571,-0.4574,true
TX,48201-0127,605,1343,1980,-0.3727,true
TX,48201-0128,996,834,1874,0.0864,true
TX,48201-0129,886,1288,2214,-0.1816,true
TX,48201-0013,602,1062,1678,-0.2741,true
TX,48201-0130,606,1139,1775,-0.3003,true
TX,48201-0131,392,188,587,0.3475,true
TX,48201-0132,993,75,1081,0.8492,true
TX,48201-0133,1285,920,2249,0.1623,true
TX,48201-0134,807,556,1379,0.182,true
TX,48201-0135,1339,1418,2804,-0.0282,true
TX,48201-0136,1084,101,1212,0.8111,true
TX,48201-0137,716,1135,1876,-0.2233,true
TX,48201-0138,570,115,690,0.6594,true
TX,48201-0139,2001,1026,3077,0.3169,true
TX,48201-0014,948,529,1505,0.2784,true
TX,48201-0140,1769,304,2111,0.694,true
TX,48201-0141,34,69,104,-0.3365,true
TX,48201-0142,249,175,426,0.1737,true
TX,48201-0143,1279,1881,3216,-0.1872,true
TX,48201-0144,377,57,436,0.7339,true
TX,48201-0145,593,65,667,0.7916,true
TX,48201-0146,1014,497,1541,0.3355,true
TX,48201-0147,1310,328,1652,0.5944,true
TX,48201-0148,1463,564,2081,0.432,true
TX,48201-0149,2157,2561,4826,-0.0837,true
TX,48201-0015,1428,952,2430,0.1959,true
TX,48201-0150,618,104,727,0.707,true
TX,48201-0151,258,70,331,0.568,true
TX,48201-0152,777,600,1393,0.1271,true
TX,48201-0153,564,380,957,0.1923,true
TX,48201-0154,671,435,1122,0.2103,true
TX,48201-0155,1495,1771,3347,-0.0825,true
TX,48201-0156,19,9,31,0.3226,true
TX,48201-0157,970,156,1137,0.7159,true
TX,48201-0158,1159,97,1263,0.8409,true
TX,48201-0159,645,194,856,0.5269,true
TX,48201-0016,1457,617,2109,0.3983,true
TX,48201-0160,315,31,349,0.8138,true
TX,48201-0161,533,78,620,0.7339,true
TX,48201-0162,342,322,672,0.0298,true
TX,48201-0163,621,753,1395,-0.0946,true
TX,48201-0164,622,98,727,0.7208,true
TX,48201-0165,759,878,1680,-0.0708,true
TX,48201-0166,724,329,1073,0.3681,true
TX,48201-0167,22,3,26,0.7308,true
TX,48201-0168,206,28,237,0.7511,true
TX,48201-0169,1137,154,1307,0.7521,true
TX,48201-0017,465,277,754,0.2493,true
TX,48201-0170,434,539,980,-0.1071,true
TX,48201-0171,470,100,576,0.6424,true
TX,48201-0172,213,139,356,0.2079,true
TX,48201-0173,642,1579,2255,-0.4155,true
TX,48201-0174,1304,1522,2885,-0.0756,true
TX,48201-0175,1314,835,2195,0.2182,true
TX,48201-0176,644,465,1123,0.1594,true
TX,48201-0177,892,565,1495,0.2187,true
TX,48201-0178,799,772,1604,0.0168,true
TX,48201-0179,712,697,1431,0.0105,true
TX,48201-0018,689,405,1119,0.2538,true
TX,48201-0180,933,135,1086,0.7348,true
TX,48201-0181,581,456,1047,0.1194,true
TX,48201-0182,302,105,419,0.4702,true
TX,48201-0183,1066,968,2069,0.0474,true
TX,48201-0184,299,211,513,0.1715,true
TX,48201-0185,639,422,1086,0.1998,true
TX,48201-0186,252,94,348,0.454,true
TX,48201-0187,64,57,122,0.0574,true
TX,48201-0188,391,397,800,-0.0075,true
TX,48201-0189,761,547,1333,0.1605,true
TX,48201-0019,669,185,874,0.5538,true
TX,48201-0190,373,425,806,-0.0645,true
TX,48201-0191,294,256,556,0.0683,true
TX,48201-0192,828,171,1018,0.6454,true
TX,48201-0193,465,36,514,0.8346,true
TX,48201-0194,1517,365,1931,0.5966,true
TX,48201-0195,883,274,1175,0.5183,true
TX,48201-0196,194,68,269,0.4684,true
TX,48201-0197,1025,134,1170,0.7615,true
TX,48201-0198,301,54,362,0.6823,true
TX,48201-0199,752,1721,2511,-0.3859,true
TX,48201-0002,2092,843,2996,0.4169,true
TX,48201-0020,1280,312,1632,0.5931,true
TX,48201-0200,2469,1404,3963,0.2687,true
TX,48201-0201,254,36,294,0.7415,true
TX,48201-0202,559,72,637,0.7645,true
TX,48201-0203,276,144,426,0.3099,true
TX,48201-0204,1842,1380,3285,0.1406,true
TX,48201-0205,743,103,852,0.7512,true
TX,48201-0206,1627,734,2403,0.3716,true
TX,48201-0207,580,246,841,0.3971,true
TX,48201-0208,637,520,1165,0.1004,true
TX,48201-0209,2012,857,2898,0.3986,true
TX,48201-0021,754,181,951,0.6025,true
TX,48201-0210,1637,292,1968,0.6834,true
TX,48201-0211,736,734,1492,0.0013,true
TX,48201-0212,317,251,573,0.1152,true
TX,48201-0213,756,1997,2812,-0.4413,true
TX,48201-0214,831,649,1522,0.1196,true
TX,48201-0215,1134,750,1936,0.1983,true
TX,48201-0216,853,149,1018,0.6916,true
TX,48201-0217,1131,1037,2209,0.0426,true
TX,48201-0218,1162,513,1711,0.3793,true
TX,48201-0219,1506,191,1718,0.7654,true
TX,48201-0022,921,233,1170,0.588,true
TX,48201-0220,337,716,1059,-0.3579,true
TX,48201-0221,835,728,1580,0.0677,true
TX,48201-0222,1619,699,2361,0.3897,true
TX,48201-0223,1648,421,2141,0.5731,true
TX,48201-0224,1299,623,1975,0.3423,true
TX,48201-0225,461,268,745,0.2591,true
TX,48201-0226,713,448,1175,0.2255,true
TX,48201-0227,608,738,1373,-0.0947,true
TX,48201-0228,750,59,821,0.8417,true
TX,48201-0229,183,199,385,-0.0416,true
TX,48201-0023,125,59,186,0.3548,true
TX,48201-0230,387,72,461,0.6833,true
TX,48201-0231,645,425,1084,0.203,true
TX,48201-0232,887,580,1503,0.2043,true
TX,48201-0233,1476,756,2271,0.317,true
TX,48201-0234,1433,2059,3541,-0.1768,true
TX,48201-0235,1822,167,2012,0.8226,true
TX,48201-0236,671,104,781,0.726,true
TX,48201-0237,756,85,846,0.7931,true
TX,48201-0238,679,97,781,0.7452,true
TX,48201-0239,668,101,777,0.7297,true
TX,48201-0024,782,150,949,0.666,true
TX,48201-0240,1035,117,1160,0.7914,true
TX,48201-0241,559,528,1090,0.0284,true
TX,48201-0242,388,455,855,-0.0784,true
TX,48201-0243,313,16,336,0.8839,true
TX,48201-0244,1040,974,2044,0.0323,true
TX,48201-0245,871,1500,2396,-0.2625,true
TX,48201-0246,1433,1734,3223,-0.0934,true
TX,48201-0247,793,58,861,0.8537,true
TX,48201-0248,450,362,818,0.1076,true
TX,48201-0249,625,1074,1705,-0.2633,true
TX,48201-0025,383,50,445,0.7483,true
TX,48201-0250,525,308,839,0.2586,true
TX,48201-0251,1097,337,1452,0.5234,true
TX,48201-0252,851,86,942,0.8121,true
TX,48201-0253,782,108,899,0.7497,true
TX,48201-0254,299,235,539,0.1187,true
TX,48201-0255,1194,661,1880,0.2835,true
TX,48201-0256,1061,725,1816,0.185,true
TX,48201-0257,1036,614,1666,0.2533,true
TX,48201-0258,1005,1746,2798,-0.2648,true
TX,48201-0259,1040,89,1143,0.832,true
TX,48201-0026,918,325,1271,0.4666,true
TX,48201-0260,491,500,1013,-0.0089,true
TX,48201-0261,366,281,652,0.1304,true
TX,48201-0262,1267,1346,2645,-0.0299,true
TX,48201-0263,1367,2103,3541,-0.2079,true
TX,48201-0264,805,812,1639,-0.0043,true
TX,48201-0265,1153,1877,3081,-0.235,true
TX,48201-0266,643,637,1292,0.0046,true
TX,48201-0267,356,362,724,-0.0083,true
TX,48201-0268,1045,834,1935,0.109,true
TX,48201-0269,685,1122,1825,-0.2395,true
TX,48201-0027,1439,556,2056,0.4295,true
TX,48201-0270,1362,1125,2534,0.0935,true
TX,48201-0271,1828,173,2021,0.8189,true
TX,48201-0272,668,366,1061,0.2846,true
TX,48201-0273,519,1336,1915,-0.4266,true
TX,48201-0274,772,945,1760,-0.0983,true
TX,48201-0275,494,219,725,0.3793,true
TX,48201-0276,946,77,1033,0.8412,true
TX,48201-0277,465,468,941,-0.0032,true
TX,48201-0278,740,881,1633,-0.0863,true
TX,48201-0279,335,592,932,-0.2758,true
TX,48201-0028,1140,1273,2453,-0.0542,true
TX,48201-0280,370,308,691,0.0897,true
TX,48201-0281,1218,725,1969,0.2504,true
TX,48201-0282,702,779,1523,-0.0506,true
TX,48201-0283,1024,447,1488,0.3878,true
TX,48201-0284,1100,811,1946,0.1485,true
TX,48201-0285,1196,289,1503,0.6035,true
TX,48201-0286,1723,424,2168,0.5992,true
TX,48201-0287,823,474,1334,0.2616,true
TX,48201-0288,872,71,953,0.8405,true
TX,48201-0289,426,447,882,-0.0238,true
TX,48201-0029,552,633,1199,-0.0676,true
TX,48201-0290,221,645,874,-0.4851,true
TX,48201-0291,542,275,830,0.3217,true
TX,48201-0292,517,195,726,0.4435,true
TX,48201-0293,691,345,1049,0.3298,true
TX,48201-0294,819,69,893,0.8399,true
TX,48201-0295,382,32,419,0.8353,true
TX,48201-0296,485,514,1020,-0.0284,true
TX,48201-0297,511,393,919,0.1284,true
TX,48201-0298,723,613,1373,0.0801,true
TX,48201-0299,501,331,843,0.2017,true
TX,48201-0003,1804,795,2647,0.3812,true
TX,48201-0030,1413,454,1900,0.5047,true
TX,48201-0300,796,1616,2444,-0.3355,true
TX,48201-0301,525,596,1131,-0.0628,true
TX,48201-0302,713,1061,1788,-0.1946,true
TX,48201-0303,921,1879,2849,-0.3363,true
TX,48201-0304,934,735,1696,0.1173,true
TX,48201-0305,1413,1132,2592,0.1084,true
TX,48201-0306,659,799,1477,-0.0948,true
TX,48201-0307,903,1340,2282,-0.1915,true
TX,48201-0308,572,298,877,0.3124,true
TX,48201-0309,1126,1944,3111,-0.2629,true
TX,48201-0031,1068,132,1209,0.7742,true
TX,48201-0310,707,718,1455,-0.0076,true
TX,48201-0311,634,741,1409,-0.0759,true
TX,48201-0312,939,900,1886,0.0207,true
TX,48201-0313,7,23,31,-0.5161,true
TX,48201-0314,677,962,1681,-0.1695,true
TX,48201-0315,682,595,1291,0.0674,true
TX,48201-0316,697,453,1165,0.2094,true
TX,48201-0317,425,145,578,0.4844,true
TX,48201-0318,1766,292,2075,0.7104,true
TX,48201-0319,992,177,1175,0.6936,true
TX,48201-0032,1788,496,2337,0.5528,true
TX,48201-0320,339,385,729,-0.0631,true
TX,48201-0321,552,493,1054,0.056,true
TX,48201-0322,324,143,472,0.3835,true
TX,48201-0323,730,436,1186,0.2479,true
TX,48201-0324,1068,1002,2105,0.0314,true
TX,48201-0325,767,343,1120,0.3786,true
TX,48201-0326,233,239,476,-0.0126,true
TX,48201-0327,786,160,963,0.6501,true
TX,48201-0328,397,340,745,0.0765,true
TX,48201-0329,544,348,901,0.2175,true
TX,48201-0033,2474,722,3272,0.5355,true
TX,48201-0330,1175,794,2011,0.1895,true
TX,48201-0331,1933,2062,4077,-0.0316,true
TX,48201-0332,1570,573,2159,0.4618,true
TX,48201-0333,852,1967,2854,-0.3907,true
TX,48201-0334,290,66,359,0.624,true
TX,48201-0335,447,276,728,0.2349,true
TX,48201-0336,1203,238,1457,0.6623,true
TX,48201-0337,468,148,621,0.5153,true
TX,48201-0338,1188,1054,2285,0.0586,true
TX,48201-0339,795,357,1165,0.376,true
TX,48201-0034,1659,355,2073,0.629,true
TX,48201-0340,749,1521,2301,-0.3355,true
TX,48201-0341,381,268,658,0.1717,true
TX,48201-0342,343,163,513,0.3509,true
TX,48201-0343,722,434,1173,0.2455,true
TX,48201-0344,418,98,521,0.6142,true
TX,48201-0345,603,293,912,0.3399,true
TX,48201-0347,870,1386,2289,-0.2254,true
TX,48201-0348,540,875,1427,-0.2348,true
TX,48201-0349,402,499,920,-0.1054,true
TX,48201-0035,176,43,226,0.5885,true
TX,48201-0350,1595,535,2191,0.4838,true
TX,48201-0351,791,1767,2572,-0.3795,true
TX,48201-0352,633,1401,2057,-0.3734,true
TX,48201-0353,1641,752,2411,0.3687,true
TX,48201-0354,1324,685,2032,0.3145,true
TX,48201-0355,1193,219,1433,0.6797,true
TX,48201-0356,1212,1113,2363,0.0419,true
TX,48201-0357,839,1794,2667,-0.3581,true
TX,48201-0358,444,132,584,0.5342,true
TX,48201-0359,748,256,1018,0.4833,true
TX,48201-0036,856,516,1388,0.245,true
TX,48201-0360,1647,875,2570,0.3004,true
TX,48201-0361,1242,124,1386,0.8066,true
TX,48201-0362,1329,2175,3567,-0.2372,true
TX,48201-0363,1273,868,2162,0.1873,true
TX,48201-0364,708,635,1363,0.0536,true
TX,48201-0365,842,184,1040,0.6327,true
TX,48201-0366,1420,936,2387,0.2028,true
TX,48201-0367,769,323,1100,0.4055,true
TX,48201-0368,336,187,526,0.2833,true
TX,48201-0369,297,72,379,0.5937,true
TX,48201-0037,1559,514,2127,0.4913,true
TX,48201-0370,620,1413,2061,-0.3848,true
TX,48201-0371,213,30,246,0.7439,true
TX,48201-0372,532,141,678,0.5767,true
TX,48201-0373,59,12,71,0.662,true
TX,48201-0374,192,135,330,0.1727,true
TX,48201-0375,603,641,1258,-0.0302,true
TX,48201-0376,428,505,943,-0.0817,true
TX,48201-0377,120,301,425,-0.4259,true
TX,48201-0378,616,867,1504,-0.1669,true
TX,48201-0379,870,216,1095,0.5973,true
TX,48201-0038,1836,565,2444,0.52,true
TX,48201-0380,1984,1503,3527,0.1364,true
TX,48201-0381,996,765,1772,0.1304,true
TX,48201-0382,383,573,967,-0.1965,true
TX,48201-0383,710,538,1272,0.1352,true
TX,48201-0384,1050,598,1667,0.2711,true
TX,48201-0385,599,1112,1747,-0.2936,true
TX,48201-0386,299,897,1205,-0.4963,true
TX,48201-0387,922,1991,2935,-0.3642,true
TX,48201-0388,1227,629,1876,0.3188,true
TX,48201-0389,1100,124,1250,0.7808,true
TX,48201-0039,1887,506,2469,0.5593,true
TX,48201-0390,1326,174,1523,0.7564,true
TX,48201-0391,547,511,1075,0.0335,true
TX,48201-0392,568,37,610,0.8705,true
TX,48201-0393,434,347,812,0.1071,true
TX,48201-0394,192,181,376,0.0293,true
TX,48201-0395,590,771,1382,-0.131,true
TX,48201-0396,1242,148,1404,0.7792,true
TX,48201-0397,174,181,359,-0.0195,true
TX,48201-0398,1391,1163,2606,0.0875,true
TX,48201-0399,1231,628,1874,0.3218,true
TX,48201-0004,1097,404,1519,0.4562,true
TX,48201-0040,285,139,430,0.3395,true
TX,48201-0401,797,180,990,0.6232,true
TX,48201-0402,1539,229,1781,0.7355,true
TX,48201-0403,822,559,1407,0.1869,true
TX,48201-0404,602,851,1466,-0.1698,true
TX,48201-0405,1000,2211,3257,-0.3718,true
TX,48201-0406,230,21,251,0.8327,true
TX,48201-0407,1452,1460,2964,-0.0027,true
TX,48201-0408,301,265,571,0.063,true
TX,48201-0409,410,402,823,0.0097,true
TX,48201-0041,648,492,1151,0.1355,true
TX,48201-0410,350,171,526,0.3403,true
TX,48201-0411,635,514,1164,0.104,true
TX,48201-0412,164,28,197,0.6904,true
TX,48201-0413,1109,803,1926,0.1589,true
TX,48201-0414,529,1366,1907,-0.4389,true
TX,48201-0415,559,836,1416,-0.1956,true
TX,48201-0416,1092,885,2031,0.1019,true
TX,48201-0417,367,364,743,0.004,true
TX,48201-0418,1137,939,2093,0.0946,true
TX,48201-0419,704,892,1607,-0.117,true
TX,48201-0042,348,47,397,0.7582,true
TX,48201-0420,774,2981,3772,-0.5851,true
TX,48201-0421,962,794,1782,0.0943,true
TX,48201-0422,1666,212,1898,0.7661,true
TX,48201-0423,327,241,574,0.1498,true
TX,48201-0424,555,484,1056,0.0672,true
TX,48201-0425,331,190,530,0.266,true
TX,48201-0426,335,370,717,-0.0488,true
TX,48201-0427,369,312,693,0.0823,true
TX,48201-0428,640,617,1276,0.018,true
TX,48201-0429,814,517,1351,0.2198,true
TX,48201-0043,720,556,1300,0.1262,true
TX,48201-0430,332,264,643,0.1058,true
TX,48201-0431,947,681,1669,0.1594,true
TX,48201-0432,372,224,618,0.2395,true
TX,48201-0433,133,84,222,0.2207,true
TX,48201-0434,756,625,1416,0.0925,true
TX,48201-0435,1270,1279,2597,-0.0035,true
TX,48201-0436,1598,1216,2871,0.1331,true
TX,48201-0437,863,1046,1941,-0.0943,true
TX,48201-0438,1087,1811,2946,-0.2458,true
TX,48201-0439,1389,1837,3305,-0.1356,true
TX,48201-0044,926,376,1325,0.4151,true
TX,48201-0440,726,1556,2374,-0.3496,true
TX,48201-0441,458,824,1309,-0.2796,true
TX,48201-0442,969,2222,3241,-0.3866,true
TX,48201-0443,201,314,527,-0.2144,true
TX,48201-0444,980,1074,2099,-0.0448,true
TX,48201-0445,704,744,1475,-0.0271,true
TX,48201-0446,87,62,149,0.1678,true
TX,48201-0447,556,738,1304,-0.1396,true
TX,48201-0448,1465,1270,2781,0.0701,true
TX,48201-0045,690,350,1049,0.3241,true
TX,48201-0450,874,386,1283,0.3804,true
TX,48201-0451,595,1463,2082,-0.4169,true
TX,48201-0452,906,1154,2100,-0.1181,true
TX,48201-0453,530,207,752,0.4295,true
TX,48201-0454,966,111,1080,0.7917,true
TX,48201-0455,524,64,594,0.7744,true
TX,48201-0456,1036,1330,2396,-0.1227,true
TX,48201-0458,1026,176,1216,0.699,true
TX,48201-0459,975,1940,2955,-0.3266,true
TX,48201-0046,849,386,1258,0.368,true
TX,48201-0460,1622,952,2603,0.2574,true
TX,48201-0461,1801,1769,3647,0.0088,true
TX,48201-0462,1161,678,1870,0.2583,true
TX,48201-0463,769,423,1206,0.2869,true
TX,48201-0464,730,888,1647,-0.0959,true
TX,48201-0465,1373,884,2304,0.2122,true
TX,48201-0466,1487,1302,2840,0.0651,true
TX,48201-0467,479,262,751,0.2889,true
TX,48201-0468,1389,990,2434,0.1639,true
TX,48201-0469,766,1702,2501,-0.3743,true
TX,48201-0047,534,118,660,0.6303,true
TX,48201-0470,233,660,902,-0.4734,true
TX,48201-0471,398,1426,1837,-0.5596,true
TX,48201-0472,604,233,861,0.4309,true
TX,48201-0473,600,748,1378,-0.1074,true
TX,48201-0474,335,404,754,-0.0915,true
TX,48201-0475,369,381,778,-0.0154,true
TX,48201-0476,368,355,737,0.0176,true
TX,48201-0477,1180,1917,3171,-0.2324,true
TX,48201-0478,1052,1363,2466,-0.1261,true
TX,48201-0479,1009,1779,2837,-0.2714,true
TX,48201-0048,405,103,523,0.5774,true
TX,48201-0480,696,1195,1907,-0.2617,true
TX,48201-0481,923,1766,2722,-0.3097,true
TX,48201-0482,1109,1706,2852,-0.2093,true
TX,48201-0483,1662,1380,3126,0.0902,true
TX,48201-0484,1302,1514,2856,-0.0742,true
TX,48201-0485,975,1971,2986,-0.3336,true
TX,48201-0486,1027,2254,3325,-0.369,true
TX,48201-0487,931,880,1831,0.0279,true
TX,48201-0488,582,427,1023,0.1515,true
TX,48201-0489,788,358,1166,0.3688,true
TX,48201-0049,1573,2274,3896,-0.1799,true
TX,48201-0490,926,412,1368,0.3757,true
TX,48201-0491,962,731,1748,0.1322,true
TX,48201-0492,818,750,1591,0.0427,true
TX,48201-0493,1158,983,2169,0.0807,true
TX,48201-0494,1169,476,1668,0.4155,true
TX,48201-0495,752,1145,1935,-0.2031,true
TX,48201-0496,684,575,1270,0.0858,true
TX,48201-0497,205,75,283,0.4594,true
TX,48201-0498,619,422,1057,0.1864,true
TX,48201-0499,757,1159,1939,-0.2073,true
TX,48201-0005,967,403,1393,0.4049,true
TX,48201-0050,1492,1450,2994,0.014,true
TX,48201-0500,1205,1467,2715,-0.0965,true
TX,48201-0501,1227,551,1820,0.3714,true
TX,48201-0502,451,1580,2046,-0.5518,true
TX,48201-0503,698,1368,2099,-0.3192,true
TX,48201-0504,851,931,1817,-0.044,true
TX,48201-0505,1561,984,2593,0.2225,true
TX,48201-0506,1663,494,2183,0.5355,true
TX,48201-0507,415,406,830,0.0108,true
TX,48201-0508,1203,1169,2406,0.0141,true
TX,48201-0509,459,475,950,-0.0168,true
TX,48201-0051,312,860,1182,-0.4636,true
TX,48201-0510,1487,867,2398,0.2585,true
TX,48201-0511,1271,1635,2975,-0.1224,true
TX,48201-0512,1499,1297,2846,0.071,true
TX,48201-0513,894,1252,2180,-0.1642,true
TX,48201-0514,1202,1727,3000,-0.175,true
TX,48201-0515,706,1577,2345,-0.3714,true
TX,48201-0516,926,857,1803,0.0383,true
TX,48201-0517,833,864,1718,-0.018,true
TX,48201-0518,1257,1512,2824,-0.0903,true
TX,48201-0519,788,1142,1947,-0.1818,true
TX,48201-0052,1352,693,2092,0.315,true
TX,48201-0520,85,11,96,0.7708,true
TX,48201-0521,1010,906,1961,0.053,true
TX,48201-0522,807,1550,2419,-0.3072,true
TX,48201-0523,1066,1177,2276,-0.0488,true
TX,48201-0524,1236,764,2039,0.2315,true
TX,48201-0525,1363,602,1984,0.3836,true
TX,48201-0526,227,150,382,0.2016,true
TX,48201-0527,105,111,219,-0.0274,true
TX,48201-0528,660,227,900,0.4811,true
TX,48201-0529,703,2315,3067,-0.5256,true
TX,48201-0053,1252,566,1858,0.3692,true
TX,48201-0530,323,194,525,0.2457,true
TX,48201-0531,388,1293,1686,-0.5368,true
TX,48201-0532,236,369,616,-0.2159,true
TX,48201-0533,264,310,579,-0.0794,true
TX,48201-0534,342,740,1086,-0.3665,true
TX,48201-0535,95,85,181,0.0552,true
TX,48201-0536,1208,1199,2430,0.0037,true
TX,48201-0537,739,1717,2502,-0.3909,true
TX,48201-0538,949,104,1061,0.7964,true
TX,48201-0539,741,635,1411,0.0751,true
TX,48201-0054,895,519,1442,0.2607,true
TX,48201-0540,1312,393,1744,0.5269,true
TX,48201-0541,679,88,787,0.751,true
TX,48201-0542,1158,266,1436,0.6212,true
TX,48201-0543,471,368,847,0.1216,true
TX,48201-0544,86,28,116,0.5,true
TX,48201-0545,664,830,1516,-0.1095,true
TX,48201-0546,494,1456,1965,-0.4896,true
TX,48201-0547,660,1044,1728,-0.2222,true
TX,48201-0548,724,645,1382,0.0572,true
TX,48201-0549,1163,396,1573,0.4876,true
TX,48201-0055,1419,770,2252,0.2882,true
TX,48201-0550,902,530,1452,0.2562,true
TX,48201-0551,745,1575,2380,-0.3487,true
TX,48201-0552,878,2274,3190,-0.4376,true
TX,48201-0553,1114,878,2024,0.1166,true
TX,48201-0554,592,194,791,0.5032,true
TX,48201-0555,664,266,943,0.4221,true
TX,48201-0556,620,437,1080,0.1694,true
TX,48201-0557,724,645,1392,0.0568,true
TX,48201-0558,511,274,813,0.2915,true
TX,48201-0559,1647,635,2332,0.434,true
TX,48201-0056,547,547,1113,0,true
TX,48201-0560,321,207,532,0.2143,true
TX,48201-0561,790,1274,2092,-0.2314,true
TX,48201-0562,228,80,312,0.4744,true
TX,48201-0563,879,1664,2574,-0.305,true
TX,48201-0564,1605,432,2094,0.5602,true
TX,48201-0565,263,174,445,0.2,true
TX,48201-0566,1020,474,1525,0.358,true
TX,48201-0567,834,470,1337,0.2723,true
TX,48201-0568,1126,1518,2702,-0.1451,true
TX,48201-0569,1810,1143,3038,0.2196,true
TX,48201-0057,1913,765,2732,0.4202,true
TX,48201-0570,676,254,951,0.4437,true
TX,48201-0571,326,298,629,0.0445,true
TX,48201-0572,1190,703,1927,0.2527,true
TX,48201-0573,563,52,621,0.8229,true
TX,48201-0574,107,64,173,0.2486,true
TX,48201-0575,1447,1669,3196,-0.0695,true
TX,48201-0576,1489,400,1927,0.5651,true
TX,48201-0577,719,780,1526,-0.04,true
TX,48201-0578,853,763,1640,0.0549,true
TX,48201-0579,297,154,455,0.3143,true
TX,48201-0058,1192,715,1955,0.244,true
TX,48201-0580,329,58,392,0.6913,true
TX,48201-0581,438,53,494,0.7794,true
TX,48201-0582,659,162,831,0.5981,true
TX,48201-0583,462,84,549,0.6885,true
TX,48201-0584,1333,132,1482,0.8104,true
TX,48201-0585,875,174,1063,0.6595,true
TX,48201-0586,879,974,1873,-0.0507,true
TX,48201-0587,1542,818,2393,0.3025,true
TX,48201-0588,1349,1616,3003,-0.0889,true
TX,48201-0589,835,827,1689,0.0047,true
TX,48201-0059,1361,730,2142,0.2946,true
TX,48201-0590,539,1118,1682,-0.3442,true
TX,48201-0591,557,478,1043,0.0757,true
TX,48201-0592,754,517,1292,0.1834,true
TX,48201-0593,1275,1447,2756,-0.0624,true
TX,48201-0594,758,321,1096,0.3987,true
TX,48201-0595,661,270,943,0.4146,true
TX,48201-0596,1681,1070,2795,0.2186,true
TX,48201-0597,872,763,1655,0.0659,true
TX,48201-0598,927,703,1660,0.1349,true
TX,48201-0599,225,278,511,-0.1037,true
TX,48201-0006,1438,1226,2695,0.0787,true
TX,48201-0060,1649,376,2085,0.6106,true
TX,48201-0600,1309,1099,2481,0.0846,true
TX,48201-0601,1143,1917,3120,-0.2481,true
TX,48201-0602,416,768,1213,-0.2902,true
TX,48201-0603,948,1127,2110,-0.0848,true
TX,48201-0604,462,2279,2762,-0.6579,true
TX,48201-0605,740,408,1157,0.2869,true
TX,48201-0606,332,44,377,0.7639,true
TX,48201-0607,627,119,756,0.672,true
TX,48201-0608,210,209,422,0.0024,true
TX,48201-0609,1216,1493,2746,-0.1009,true
TX,48201-0061,499,375,886,0.14,true
TX,48201-0610,738,629,1392,0.0783,true
TX,48201-0611,887,131,1023,0.739,true
TX,48201-0612,813,1633,2477,-0.331,true
TX,48201-0613,941,381,1341,0.4176,true
TX,48201-0614,1250,744,2043,0.2477,true
TX,48201-0615,1019,822,1859,0.106,true
TX,48201-0616,969,1296,2296,-0.1424,true
TX,48201-0617,1521,1044,2607,0.183,true
TX,48201-0618,1306,1176,2536,0.0513,true
TX,48201-0619,1318,2205,3619,-0.2451,true
TX,48201-0062,613,393,1020,0.2157,true
TX,48201-0620,1300,1068,2412,0.0962,true
TX,48201-0621,507,371,890,0.1528,true
TX,48201-0622,1419,1700,3179,-0.0884,true
TX,48201-0623,1364,1523,2941,-0.0541,true
TX,48201-0624,1841,2197,4120,-0.0864,true
TX,48201-0625,1281,860,2196,0.1917,true
TX,48201-0626,1674,1414,3163,0.0822,true
TX,48201-0627,850,631,1509,0.1451,true
TX,48201-0628,645,578,1243,0.0539,true
TX,48201-0629,147,37,186,0.5914,true
TX,48201-0063,263,894,1166,-0.5412,true
TX,48201-0630,2865,486,3408,0.6981,true
TX,48201-0631,882,1267,2189,-0.1759,true
TX,48201-0632,6,16,22,-0.4545,true
TX,48201-0633,1211,1776,3052,-0.1851,true
TX,48201-0634,957,1017,2000,-0.03,true
TX,48201-0635,744,1536,2311,-0.3427,true
TX,48201-0636,246,1389,1649,-0.6931,true
TX,48201-0637,1153,550,1732,0.3482,true
TX,48201-0638,828,183,1020,0.6324,true
TX,48201-0639,425,1208,1651,-0.4743,true
TX,48201-0064,629,343,988,0.2895,true
TX,48201-0640,1262,1630,2931,-0.1256,true
TX,48201-0641,1029,1351,2404,-0.1339,true
TX,48201-0642,436,909,1361,-0.3475,true
TX,48201-0643,1323,1315,2684,0.003,true
TX,48201-0644,1316,1708,3161,-0.124,true
TX,48201-0645,1163,482,1703,0.3999,true
TX,48201-0646,790,660,1483,0.0877,true
TX,48201-0647,1110,1180,2346,-0.0298,true
TX,48201-0648,979,1448,2512,-0.1867,true
TX,48201-0649,1522,900,2457,0.2532,true
TX,48201-0065,613,371,990,0.2444,true
TX,48201-0650,1079,1653,2790,-0.2057,true
TX,48201-0651,1022,1055,2109,-0.0156,true
TX,48201-0652,1341,475,1839,0.4709,true
TX,48201-0653,222,121,348,0.2902,true
TX,48201-0654,797,885,1698,-0.0518,true
TX,48201-0655,1352,1497,2907,-0.0499,true
TX,48201-0656,81,66,149,0.1007,true
TX,48201-0657,681,484,1188,0.1658,true
TX,48201-0658,786,1059,1875,-0.1456,true
TX,48201-0659,908,1507,2431,-0.2464,true
TX,48201-0066,288,191,484,0.2004,true
TX,48201-0660,1694,432,2156,0.5853,true
TX,48201-0661,1210,1131,2383,0.0332,true
TX,48201-0662,422,1120,1567,-0.4454,true
TX,48201-0663,370,200,580,0.2931,true
TX,48201-0664,810,474,1296,0.2593,true
TX,48201-0665,492,1585,2095,-0.5217,true
TX,48201-0667,594,911,1529,-0.2073,true
TX,48201-0668,1397,1618,3100,-0.0713,true
TX,48201-0669,1094,1350,2477,-0.1034,true
TX,48201-0067,827,492,1341,0.2498,true
TX,48201-0670,692,1762,2486,-0.4304,true
TX,48201-0671,1060,1119,2212,-0.0267,true
TX,48201-0672,1089,1822,2952,-0.2483,true
TX,48201-0673,479,1637,2139,-0.5414,true
TX,48201-0674,1221,2113,3374,-0.2644,true
TX,48201-0675,784,1795,2612,-0.3871,true
TX,48201-0676,841,835,1704,0.0035,true
TX,48201-0677,422,249,681,0.254,true
TX,48201-0678,1006,252,1282,0.5881,true
TX,48201-0679,242,529,772,-0.3718,true
TX,48201-0068,1675,144,1844,0.8303,true
TX,48201-0680,79,16,97,0.6495,true
TX,48201-0681,76,25,103,0.4951,true
TX,48201-0682,673,1528,2216,-0.3858,true
TX,48201-0683,85,55,141,0.2128,true
TX,48201-0684,1174,1852,3175,-0.2135,true
TX,48201-0685,84,69,157,0.0955,true
TX,48201-0686,40,34,76,0.0789,true
TX,48201-0687,845,1242,2127,-0.1866,true
TX,48201-0688,1229,2522,3794,-0.3408,true
TX,48201-0689,861,769,1658,0.0555,true
TX,48201-0069,367,183,559,0.3292,true
TX,48201-0690,1045,2173,3257,-0.3463,true
TX,48201-0691,1085,2396,3535,-0.3709,true
TX,48201-0692,812,1669,2514,-0.3409,true
TX,48201-0693,317,122,444,0.4392,true
TX,48201-0694,614,506,1145,0.0943,true
TX,48201-0695,356,669,1038,-0.3015,true
TX,48201-0696,420,748,1179,-0.2782,true
TX,48201-0697,995,541,1551,0.2927,true
TX,48201-0698,600,123,728,0.6552,true
TX,48201-0699,723,915,1702,-0.1128,true
TX,48201-0007,356,58,419,0.7112,true
TX,48201-0070,1989,1550,3601,0.1219,true
TX,48201-0700,279,1624,1912,-0.7035,true
TX,48201-0701,151,193,350,-0.12,true
TX,48201-0702,217,88,306,0.4216,true
TX,48201-0703,778,1459,2268,-0.3003,true
TX,48201-0704,552,1869,2437,-0.5404,true
TX,48201-0705,263,90,358,0.4832,true
TX,48201-0706,1036,703,1796,0.1854,true
TX,48201-0707,274,361,651,-0.1336,true
TX,48201-0708,144,123,270,0.0778,true
TX,48201-0709,1572,1631,3309,-0.0178,true
TX,48201-0071,1723,1170,2986,0.1852,true
TX,48201-0710,1265,921,2243,0.1534,true
TX,48201-0711,1833,1350,3274,0.1475,true
TX,48201-0712,1750,1266,3060,0.1582,true
TX,48201-0713,663,581,1272,0.0645,true
TX,48201-0714,91,96,189,-0.0265,true
TX,48201-0715,230,167,408,0.1544,true
TX,48201-0716,559,1218,1802,-0.3657,true
TX,48201-0717,876,270,1158,0.5233,true
TX,48201-0718,1195,1531,2865,-0.1173,true
TX,48201-0719,332,493,833,-0.1933,true
TX,48201-0072,696,405,1117,0.2605,true
TX,48201-0720,644,1006,1669,-0.2169,true
TX,48201-0721,1046,1096,2204,-0.0227,true
TX,48201-0722,1910,354,2289,0.6798,true
TX,48201-0723,1116,431,1565,0.4377,true
TX,48201-0724,402,464,892,-0.0695,true
TX,48201-0725,679,546,1240,0.1073,true
TX,48201-0726,300,1284,1596,-0.6165,true
TX,48201-0727,314,126,453,0.415,true
TX,48201-0728,236,283,535,-0.0879,true
TX,48201-0729,166,116,284,0.1761,true
TX,48201-0073,960,708,1703,0.148,true
TX,48201-0730,851,1005,1892,-0.0814,true
TX,48201-0731,852,748,1620,0.0642,true
TX,48201-0732,590,698,1317,-0.082,true
TX,48201-0733,52,55,108,-0.0278,true
TX,48201-0734,736,1215,1982,-0.2417,true
TX,48201-0735,842,1513,2397,-0.2799,true
TX,48201-0736,1286,742,2070,0.2628,true
TX,48201-0737,7,15,22,-0.3636,true
TX,48201-0738,272,34,308,0.7727,true
TX,48201-0739,588,541,1136,0.0414,true
TX,48201-0074,867,1859,2770,-0.3581,true
TX,48201-0740,85,164,252,-0.3135,true
TX,48201-0741,754,606,1380,0.1072,true
TX,48201-0742,412,599,1044,-0.1791,true
TX,48201-0743,31,39,71,-0.1127,true
TX,48201-0744,671,773,1487,-0.0686,true
TX,48201-0745,816,934,1786,-0.0661,true
TX,48201-0746,232,210,456,0.0482,true
TX,48201-0747,1743,1146,2924,0.2042,true
TX,48201-0748,520,449,1001,0.0709,true
TX,48201-0749,94,59,155,0.2258,true
TX,48201-0075,1186,667,1899,0.2733,true
TX,48201-0750,189,224,421,-0.0831,true
TX,48201-0751,737,780,1564,-0.0275,true
TX,48201-0752,312,585,911,-0.2997,true
TX,48201-0753,217,117,341,0.2933,true
TX,48201-0754,427,68,502,0.7151,true
TX,48201-0755,818,798,1646,0.0122,true
TX,48201-0756,641,353,1002,0.2874,true
TX,48201-0757,1589,556,2198,0.47,true
TX,48201-0758,574,1188,1792,-0.3426,true
TX,48201-0759,741,786,1556,-0.0289,true
TX,48201-0076,571,717,1307,-0.1117,true
TX,48201-0760,564,1440,2026,-0.4324,true
TX,48201-0761,485,887,1396,-0.288,true
TX,48201-0762,615,736,1360,-0.089,true
TX,48201-0763,331,309,643,0.0342,true
TX,48201-0764,898,874,1791,0.0134,true
TX,48201-0765,986,656,1672,0.1974,true
TX,48201-0766,138,81,222,0.2568,true
TX,48201-0767,17,22,40,-0.125,true
TX,48201-0768,641,1310,1979,-0.338,true
TX,48201-0769,64,14,80,0.625,true
TX,48201-0770,111,76,189,0.1852,true
TX,48201-0771,367,336,720,0.0431,true
TX,48201-0772,1220,2019,3330,-0.2399,true
TX,48201-0773,877,789,1684,0.0523,true
TX,48201-0774,248,108,360,0.3889,true
TX,48201-0775,1507,930,2484,0.2323,true
TX,48201-0776,940,978,1950,-0.0195,true
TX,48201-0777,116,113,229,0.0131,true
TX,48201-0778,113,55,169,0.3432,true
TX,48201-0779,189,191,384,-0.0052,true
TX,48201-0078,512,349,874,0.1865,true
TX,48201-0780,131,147,280,-0.0571,true
TX,48201-0781,915,873,1808,0.0232,true
TX,48201-0782,707,956,1689,-0.1474,true
TX,48201-0783,421,132,557,0.5189,true
TX,48201-0784,369,41,416,0.7885,true
TX,48201-0785,1338,1153,2570,0.072,true
TX,48201-0786,286,313,604,-0.0447,true
TX,48201-0787,178,112,294,0.2245,true
TX,48201-0788,118,154,274,-0.1314,true
TX,48201-0789,886,977,1898,-0.0479,true
TX,48201-0079,741,502,1256,0.1903,true
TX,48201-0790,1120,945,2092,0.0837,true
TX,48201-0792,635,372,1016,0.2589,true
TX,48201-0793,519,664,1193,-0.1215,true
TX,48201-0794,128,23,154,0.6818,true
TX,48201-0795,322,262,591,0.1015,true
TX,48201-0796,1049,994,2076,0.0265,true
TX,48201-0798,239,146,391,0.2379,true
TX,48201-0799,561,210,777,0.4517,true
TX,48201-0008,607,500,1133,0.0944,true
TX,48201-0080,943,495,1454,0.3081,true
TX,48201-0800,1180,1493,2726,-0.1148,true
TX,48201-0801,104,106,213,-0.0094,true
TX,48201-0803,1342,1940,3339,-0.1791,true
TX,48201-0804,977,789,1828,0.1028,true
TX,48201-0805,663,1419,2111,-0.3581,true
TX,48201-0806,952,1508,2527,-0.22,true
TX,48201-0807,549,180,738,0.5,true
TX,48201-0808,0,4,4,-1,true
TX,48201-0809,26,32,58,-0.1034,true
TX,48201-0081,450,524,984,-0.0752,true
TX,48201-0810,48,25,74,0.3108,true
TX,48201-0811,90,43,134,0.3507,true
TX,48201-0813,1420,1231,2708,0.0698,true
TX,48201-0814,726,371,1136,0.3125,true
TX,48201-0816,8,19,30,-0.3667,true
TX,48201-0817,564,1016,1607,-0.2813,true
TX,48201-0818,171,92,268,0.2948,true
TX,48201-0819,57,69,130,-0.0923,true
TX,48201-0082,838,1494,2398,-0.2736,true
TX,48201-0820,440,393,842,0.0558,true
TX,48201-0821,316,95,416,0.5313,true
TX,48201-0822,552,78,635,0.7465,true
TX,48201-0823,888,1042,1963,-0.0785,true
TX,48201-0824,813,338,1165,0.4077,true
TX,48201-0825,1305,1462,2799,-0.0561,true
TX,48201-0826,177,91,276,0.3116,true
TX,48201-0827,172,153,327,0.0581,true
TX,48201-0828,479,1032,1523,-0.3631,true
TX,48201-0829,34,19,53,0.283,true
TX,48201-0083,987,595,1604,0.2444,true
TX,48201-0830,116,33,149,0.557,true
TX,48201-0831,5,4,9,0.1111,true
TX,48201-0832,106,78,187,0.1497,true
TX,48201-0834,71,8,81,0.7778,true
TX,48201-0835,104,79,184,0.1359,true
TX,48201-0836,133,18,151,0.7616,true
TX,48201-0837,61,22,84,0.4643,true
TX,48201-0839,386,185,586,0.343,true
TX,48201-0084,222,640,869,-0.481,true
TX,48201-0840,661,410,1080,0.2324,true
TX,48201-0841,1586,754,2360,0.3525,true
TX,48201-0842,731,591,1354,0.1034,true
TX,48201-0843,639,241,888,0.4482,true
TX,48201-0844,884,2197,3129,-0.4196,true
TX,48201-0845,127,154,283,-0.0954,true
TX,48201-0846,132,44,178,0.4944,true
TX,48201-0847,1127,488,1629,0.3923,true
TX,48201-0848,787,340,1139,0.3924,true
TX,48201-0849,711,700,1421,0.0077,true
TX,48201-0085,1039,63,1117,0.8738,true
TX,48201-0850,99,52,154,0.3052,true
TX,48201-0851,1179,1683,2898,-0.1739,true
TX,48201-0852,591,1263,1876,-0.3582,true
TX,48201-0853,679,1286,2005,-0.3027,true
TX,48201-0854,58,19,77,0.5065,true
TX,48201-0855,814,372,1208,0.3659,true
TX,48201-0858,202,19,225,0.8133,true
TX,48201-0859,389,177,572,0.3706,true
TX,48201-0086,2074,1287,3437,0.229,true
TX,48201-0860,852,937,1846,-0.046,true
TX,48201-0861,811,269,1086,0.4991,true
TX,48201-0862,1198,1631,2885,-0.1501,true
TX,48201-0863,231,33,268,0.7388,true
TX,48201-0864,723,489,1220,0.1918,true
TX,48201-0865,865,561,1470,0.2068,true
TX,48201-0867,603,220,837,0.4576,true
TX,48201-0868,559,380,950,0.1884,true
TX,48201-0869,133,23,159,0.6918,true
TX,48201-0087,1192,1020,2256,0.0762,true
TX,48201-0871,16,25,42,-0.2143,true
TX,48201-0872,100,209,312,-0.3494,true
TX,48201-0873,282,163,458,0.2598,true
TX,48201-0874,856,1419,2309,-0.2438,true
TX,48201-0875,1281,1227,2561,0.0211,true
TX,48201-0876,652,999,1684,-0.2061,true
TX,48201-0877,1217,894,2149,0.1503,true
TX,48201-0878,499,969,1478,-0.318,true
TX,48201-0879,917,907,1880,0.0053,true
TX,48201-0088,472,1077,1562,-0.3873,true
TX,48201-0880,824,1548,2423,-0.2988,true
TX,48201-0881,1047,738,1826,0.1692,true
TX,48201-0882,1194,950,2209,0.1105,true
TX,48201-0883,1078,493,1587,0.3686,true
TX,48201-0884,162,65,231,0.4199,true
TX,48201-0885,1363,1313,2706,0.0185,true
TX,48201-0886,466,246,728,0.3022,true
TX,48201-0887,211,105,323,0.3282,true
TX,48201-0888,1084,548,1659,0.3231,true
TX,48201-0889,88,18,108,0.6481,true
TX,48201-0089,567,440,1022,0.1243,true
TX,48201-0890,871,427,1322,0.3359,true
TX,48201-0891,645,301,963,0.3572,true
TX,48201-0892,736,193,952,0.5704,true
TX,48201-0893,889,740,1667,0.0894,true
TX,48201-0894,1178,343,1540,0.5422,true
TX,48201-0895,492,179,678,0.4617,true
TX,48201-0896,1040,343,1414,0.4929,true
TX,48201-0897,791,652,1468,0.0947,true
TX,48201-0898,717,535,1279,0.1423,true
TX,48201-0899,424,554,1016,-0.128,true
TX,48201-0009,1131,385,1551,0.481,true
TX,48201-0090,587,1071,1671,-0.2896,true
TX,48201-0900,4,6,10,-0.2,true
TX,48201-0901,2361,1718,4153,0.1548,true
TX,48201-0902,1631,1150,2848,0.1689,true
TX,48201-0903,645,1630,2311,-0.4262,true
TX,48201-0905,236,284,526,-0.0913,true
TX,48201-0906,1268,1808,3130,-0.1725,true
TX,48201-0907,80,23,104,0.5481,true
TX,48201-0908,0,1,1,-1,true
TX,48201-0909,671,1290,2018,-0.3067,true
TX,48201-0091,754,865,1672,-0.0664,true
TX,48201-0910,53,44,97,0.0928,true
TX,48201-0911,126,188,317,-0.1956,true
TX,48201-0912,505,536,1057,-0.0293,true
TX,48201-0913,97,78,188,0.1011,true
TX,48201-0914,32,24,56,0.1429,true
TX,48201-0915,679,1250,1960,-0.2913,true
TX,48201-0916,1083,2362,3499,-0.3655,true
TX,48201-0918,1,3,4,-0.5,true
TX,48201-0919,1552,1150,2788,0.1442,true
TX,48201-0092,807,982,1818,-0.0963,true
TX,48201-0920,46,50,97,-0.0412,true
TX,48201-0921,53,172,226,-0.5265,true
TX,48201-0923,1334,2383,3785,-0.2771,true
TX,48201-0926,759,1188,1985,-0.2161,true
TX,48201-0927,1915,1318,3291,0.1814,true
TX,48201-0928,14,14,34,0,true
TX,48201-0093,879,857,1749,0.0126,true
TX,48201-0930,205,79,284,0.4437,true
TX,48201-0931,55,40,99,0.1515,true
TX,48201-0933,525,166,705,0.5092,true
TX,48201-0934,18,9,27,0.3333,true
TX,48201-0935,801,531,1349,0.2001,true
TX,48201-0936,63,30,94,0.3511,true
TX,48201-0937,1163,630,1825,0.2921,true
TX,48201-0938,54,35,95,0.2,true
TX,48201-0094,172,103,281,0.2456,true
TX,48201-0940,7,1,8,0.75,true
TX,48201-0941,318,260,595,0.0975,true
TX,48201-0942,68,70,139,-0.0144,true
TX,48201-0943,131,113,244,0.0738,true
TX,48201-0944,14,5,19,0.4737,true
TX,48201-0945,9,12,21,-0.1429,true
TX,48201-0946,209,202,417,0.0168,true
TX,48201-0947,417,208,640,0.3266,true
TX,48201-0948,164,285,457,-0.2648,true
TX,48201-0949,559,203,774,0.4599,true
TX,48201-0095,1449,1340,2861,0.0381,true
TX,48201-0951,152,79,233,0.3133,true
TX,48201-0952,100,44,149,0.3758,true
TX,48201-0953,130,184,317,-0.1703,true
TX,48201-0954,140,27,170,0.6647,true
TX,48201-0955,890,1365,2292,-0.2072,true
TX,48201-0956,1075,500,1595,0.3605,true
TX,48201-0957,268,83,358,0.5168,true
TX,48201-0958,786,371,1196,0.347,true
TX,48201-0096,1208,530,1751,0.3872,true
TX,48201-0960,956,294,1267,0.5225,true
TX,48201-0961,536,245,796,0.3656,true
TX,48201-0962,96,21,118,0.6356,true
TX,48201-0963,363,336,703,0.0384,true
TX,48201-0964,1327,904,2256,0.1875,true
TX,48201-0965,56,108,165,-0.3152,true
TX,48201-0966,371,180,559,0.3417,true
TX,48201-0967,691,323,1028,0.358,true
TX,48201-0968,2251,693,2973,0.524,true
TX,48201-0969,361,19,384,0.8906,true
TX,48201-0097,518,1470,2010,-0.4736,true
TX,48201-0970,251,57,313,0.6198,true
TX,48201-0971,153,77,231,0.329,true
TX,48201-0972,744,1522,2290,-0.3397,true
TX,48201-0973,448,499,963,-0.053,true
TX,48201-0974,781,467,1288,0.2438,true
TX,48201-0975,90,62,155,0.1806,true
TX,48201-0976,138,212,353,-0.2096,true
TX,48201-0977,331,332,666,-0.0015,true
TX,48201-0978,116,118,241,-0.0083,true
TX,48201-0098,500,1948,2460,-0.5886,true
TX,48201-0980,361,638,1018,-0.2721,true
TX,48201-0981,17,37,54,-0.3704,true
TX,48201-0982,784,1820,2642,-0.3921,true
TX,48201-0983,1222,1425,2709,-0.0749,true
TX,48201-0984,22,15,38,0.1842,true
TX,48201-0985,123,89,216,0.1574,true
TX,48201-0986,162,77,243,0.3498,true
TX,48201-0987,453,86,547,0.6709,true
TX,48201-0988,586,1701,2310,-0.4827,true
TX,48201-0989,0,1,1,-1,true
TX,48201-0099,489,490,992,-0.001,true
TX,48201-0990,11,19,30,-0.2667,true
TX,48201-0991,1603,1465,3118,0.0443,true
TX,48201-0992,272,333,616,-0.099,true
TX,48201-0994,1388,317,1746,0.6134,true
TX,48201-0995,1179,244,1446,0.6466,true
TX,48201-0996,237,222,464,0.0323,true
TX,48201-0997,502,94,602,0.6777,true
TX,48203-Precinct 1,483,945,1447,-0.3193,true
TX,48203-Precinct 2,557,383,950,0.1832,true
TX,48203-Precinct 3,826,145,981,0.6942,true
TX,48203-Precinct 4,253,434,694,-0.2608,true
TX,48203-Precinct 5,126,553,680,-0.6279,true
TX,48203-Precinct 6,189,959,1155,-0.6667,true
TX,48203-Precinct 7,152,520,678,-0.5428,true
TX,48203-Precinct 8,492,1233,1742,-0.4254,true
TX,48203-Precinct 9,235,928,1169,-0.5928,true
TX,48203-Precinct 10,156,587,749,-0.5754,true
TX,48203-Precinct 11,123,230,355,-0.3014,true
TX,48203-Precinct 12,237,1735,1983,-0.7554,true
TX,48203-Precinct 13,233,1596,1843,-0.7396,true
TX,48203-Precinct 14,201,790,998,-0.5902,true
TX,48203-Precinct 15,72,805,880,-0.833,true
TX,48203-Precinct 16,59,476,538,-0.7751,true
TX,48203-Precinct 17,440,619,1063,-0.1684,true
TX,48203-Precinct 18,273,1042,1321,-0.5821,true
TX,48203-Precinct 19,384,1922,2329,-0.6604,true
TX,48203-Precinct 20,361,1272,1642,-0.5548,true
TX,48203-Precinct 21,160,409,573,-0.4346,true
TX,48203-Precinct 22,507,402,914,0.1149,true
TX,48203-Precinct 23,35,437,474,-0.8481,true
TX,48203-Precinct 24,136,694,830,-0.6723,true
TX,48203-Precinct 25,369,1909,2302,-0.669,true
TX,48203-Precinct 26,310,1633,1953,-0.6774,true
TX,48205-Precinct 101,14,214,229,-0.8734,true
TX,48205-Precinct 102,15,240,255,-0.8824,true
TX,48205-Precinct 201,11,157,168,-0.869,true
TX,48205-Precinct 202,27,323,351,-0.8433,true
TX,48205-Precinct 301,54,469,528,-0.786,true
TX,48205-Precinct 401,42,440,485,-0.8206,true
TX,48207-Precinct 1,35,262,298,-0.7617,true
TX,48207-Precinct 2,61,367,429,-0.7133,true
TX,48207-Precinct 3,54,312,369,-0.6992,true
TX,48207-Precinct 4,30,154,186,-0.6667,true
TX,48207-Precinct 5,60,191,255,-0.5137,true
TX,48207-Precinct 6,28,197,226,-0.7478,true
TX,48207-Precinct 7,3,72,75,-0.92,true
TX,48207-Precinct 8,14,75,89,-0.6854,true
TX,48207-Precinct 9,16,192,209,-0.8421,true
TX,48207-Precinct 10,11,93,107,-0.7664,true
TX,48209-Precinct 110,1007,849,1886,0.0838,true
TX,48209-Precinct 112,943,359,1334,0.4378,true
TX,48209-Precinct 113,913,406,1340,0.3784,true
TX,48209-Precinct 114,620,332,970,0.2969,true
TX,48209-Precinct 115,1479,886,2394,0.2477,true
TX,48209-Precinct 120,1185,762,1986,0.213,true
TX,48209-Precinct 121,1270,385,1685,0.5252,true
TX,48209-Precinct 125,634,502,1149,0.1149,true
TX,48209-Precinct 128,666,597,1285,0.0537,true
TX,48209-Precinct 132,313,145,478,0.3515,true
TX,48209-Precinct 134,895,619,1538,0.1795,true
TX,48209-Precinct 136,1038,786,1845,0.1366,true
TX,48209-Precinct 140,1376,419,1818,0.5264,true
TX,48209-Precinct 141,486,132,631,0.561,true
TX,48209-Precinct 142,1696,550,2270,0.5048,true
TX,48209-Precinct 146,3,1,4,0.5,true
TX,48209-Precinct 203,1171,810,2010,0.1796,true
TX,48209-Precinct 204,581,492,1085,0.082,true
TX,48209-Precinct 205,1210,980,2216,0.1038,true
TX,48209-Precinct 206,1100,925,2053,0.0852,true
TX,48209-Precinct 216,172,185,363,-0.0358,true
TX,48209-Precinct 219,343,286,633,0.09,true
TX,48209-Precinct 220,1329,1037,2406,0.1214,true
TX,48209-Precinct 221,1512,1078,2637,0.1646,true
TX,48209-Precinct 223,1007,764,1796,0.1353,true
TX,48209-Precinct 225,160,190,352,-0.0852,true
TX,48209-Precinct 227,1137,776,1934,0.1867,true
TX,48209-Precinct 228,1852,1319,3219,0.1656,true
TX,48209-Precinct 231,1399,969,2407,0.1786,true
TX,48209-Precinct 252,959,697,1677,0.1562,true
TX,48209-Precinct 253,1113,748,1891,0.193,true
TX,48209-Precinct 254,1146,767,1938,0.1956,true
TX,48209-Precinct 314,988,1565,2586,-0.2231,true
TX,48209-Precinct 315,735,755,1512,-0.0132,true
TX,48209-Precinct 316,1554,835,2448,0.2937,true
TX,48209-Precinct 319,633,647,1297,-0.0108,true
TX,48209-Precinct 320,598,925,1536,-0.2129,true
TX,48209-Precinct 325,186,232,421,-0.1093,true
TX,48209-Precinct 332,1073,613,1718,0.2678,true
TX,48209-Precinct 333,836,1187,2054,-0.1709,true
TX,48209-Precinct 335,1193,1562,2781,-0.1327,true
TX,48209-Precinct 336,1283,1060,2387,0.0934,true
TX,48209-Precinct 337,973,1566,2578,-0.23,true
TX,48209-Precinct 338,848,1056,1930,-0.1078,true
TX,48209-Precinct 339,398,664,1071,-0.2484,true
TX,48209-Precinct 340,915,479,1419,0.3073,true
TX,48209-Precinct 342,1063,1193,2284,-0.0569,true
TX,48209-Precinct 344,927,1569,2526,-0.2542,true
TX,48209-Precinct 347,791,700,1515,0.0601,true
TX,48209-Precinct 351,618,261,891,0.4007,true
TX,48209-Precinct 371,1263,1040,2334,0.0955,true
TX,48209-Precinct 372,107,51,162,0.3457,true
TX,48209-Precinct 373,115,198,317,-0.2618,true
TX,48209-Precinct 374,98,133,234,-0.1496,true
TX,48209-Precinct 375,14,27,41,-0.3171,true
TX,48209-Precinct 376,37,30,67,0.1045,true
TX,48209-Precinct 422,651,491,1167,0.1371,true
TX,48209-Precinct 423,797,644,1457,0.105,true
TX,48209-Precinct 424,984,926,1938,0.0299,true
TX,48209-Precinct 425,292,429,728,-0.1882,true
TX,48209-Precinct 426,1114,997,2139,0.0547,true
TX,48209-Precinct 430,548,549,1109,-0.0009,true
TX,48209-Precinct 432,783,1040,1859,-0.1382,true
TX,48209-Precinct 435,1448,1459,2956,-0.0037,true
TX,48209-Precinct 436,777,1202,2002,-0.2123,true
TX,48209-Precinct 438,271,128,411,0.3479,true
TX,48209-Precinct 440,429,715,1157,-0.2472,true
TX,48209-Precinct 441,687,1131,1841,-0.2412,true
TX,48209-Precinct 442,1357,1238,2650,0.0449,true
TX,48209-Precinct 443,1170,1312,2514,-0.0565,true
TX,48209-Precinct 444,385,515,911,-0.1427,true
TX,48209-Precinct 445,942,1072,2049,-0.0634,true
TX,48209-Precinct 446,1321,1430,2806,-0.0388,true
TX,48209-Precinct 448,616,916,1554,-0.1931,true
TX,48209-Precinct 449,867,1383,2276,-0.2267,true
TX,48209-Precinct 450,373,676,1065,-0.2845,true
TX,48209-Precinct 451,579,543,1141,0.0316,true
TX,48209-Precinct 452,1176,1541,2758,-0.1323,true
TX,48211-Precinct 101,37,289,330,-0.7636,true
TX,48211-Precinct 201,51,292,346,-0.6965,true
TX,48211-Precinct 202,0,22,22,-1,true
TX,48211-Precinct 301,50,398,450,-0.7733,true
TX,48211-Precinct 302,2,22,24,-0.8333,true
TX,48211-Precinct 303,12,64,76,-0.6842,true
TX,48211-Precinct 401,22,246,269,-0.8327,true
TX,48211-Precinct 402,16,79,97,-0.6495,true
TX,48213-Precinct 1,90,330,424,-0.566,true
TX,48213-Precinct 2,33,237,276,-0.7391,true
TX,48213-Precinct 3,374,320,711,0.0759,true
TX,48213-Precinct 4,288,925,1232,-0.517,true
TX,48213-Precinct 1A,183,1206,1398,-0.7318,true
TX,48213-Precinct 1M,342,1164,1523,-0.5397,true
TX,48213-Precinct 1T,310,1221,1541,-0.5912,true
TX,48213-Precinct 2E,229,1461,1702,-0.7239,true
TX,48213-Precinct 2M,88,441,531,-0.6648,true
TX,48213-Precinct 3B,226,1899,2141,-0.7814,true
TX,48213-Precinct 3C,269,1276,1562,-0.6447,true
TX,48213-Precinct 3M,148,1013,1169,-0.7399,true
TX,48213-Precinct 3N,104,812,918,-0.7712,true
TX,48213-Precinct 4A,150,314,466,-0.3519,true
TX,48213-Precinct 4B,309,791,1108,-0.435,true
TX,48213-Precinct 4W,149,686,840,-0.6393,true
TX,48213-Precinct 1CR,201,1412,1620,-0.7475,true
TX,48213-Precinct 1MN,170,750,932,-0.6223,true
TX,48213-Precinct 1TC,353,1497,1865,-0.6134,true
TX,48213-Precinct 3CS,206,1263,1481,-0.7137,true
TX,48213-Precinct 3NW,106,473,584,-0.6284,true
TX,48213-Precinct 3WS,157,782,942,-0.6635,true
TX,48213-Precinct 4LP,331,1597,1946,-0.6506,true
TX,48213-Precinct 4MS,251,516,772,-0.3433,true
TX,48213-Precinct 4SE,437,2216,2677,-0.6645,true
TX,48213-Precinct 2GBN,387,1458,1861,-0.5755,true
TX,48213-Precinct 2GBS,277,1273,1561,-0.6381,true
TX,48213-Precinct 2PSN,281,1294,1584,-0.6395,true
TX,48213-Precinct 2PSS,341,1547,1898,-0.6354,true
TX,48213-Precinct 4NLP,129,1205,1338,-0.8042,true
TX,48215-001,183,145,332,0.1145,true
TX,48215-002,494,573,1079,-0.0732,true
TX,48215-003,252,271,532,-0.0357,true
TX,48215-004,1009,778,1807,0.1278,true
TX,48215-005,426,487,923,-0.0661,true
TX,48215-006,708,864,1584,-0.0985,true
TX,48215-007,861,886,1779,-0.0141,true
TX,48215-008,500,647,1161,-0.1266,true
TX,48215-009,907,1009,1936,-0.0527,true
TX,48215-010,537,479,1023,0.0567,true
TX,48215-011,472,399,881,0.0829,true
TX,48215-012,81,72,154,0.0584,true
TX,48215-013,1262,1100,2383,0.068,true
TX,48215-014,356,257,620,0.1597,true
TX,48215-015,190,191,386,-0.0026,true
TX,48215-016,654,624,1282,0.0234,true
TX,48215-017,330,368,705,-0.0539,true
TX,48215-018,54,100,154,-0.2987,true
TX,48215-019,50,83,134,-0.2463,true
TX,48215-020,809,1207,2041,-0.195,true
TX,48215-021,126,136,265,-0.0377,true
TX,48215-022,169,140,310,0.0935,true
TX,48215-023,513,511,1035,0.0019,true
TX,48215-024,19,50,69,-0.4493,true
TX,48215-025,711,744,1461,-0.0226,true
TX,48215-026,241,137,383,0.2715,true
TX,48215-027,203,139,348,0.1839,true
TX,48215-028,698,801,1512,-0.0681,true
TX,48215-029,418,557,981,-0.1417,true
TX,48215-030,1387,1366,2770,0.0076,true
TX,48215-031,608,695,1315,-0.0662,true
TX,48215-032,680,556,1245,0.0996,true
TX,48215-033,475,348,824,0.1541,true
TX,48215-034,284,222,508,0.122,true
TX,48215-035,921,685,1624,0.1453,true
TX,48215-036,936,659,1603,0.1728,true
TX,48215-037,259,197,462,0.1342,true
TX,48215-038,943,1131,2096,-0.0897,true
TX,48215-039,502,473,987,0.0294,true
TX,48215-040,713,904,1633,-0.117,true
TX,48215-041,813,902,1731,-0.0514,true
TX,48215-042,886,896,1795,-0.0056,true
TX,48215-043,439,576,1025,-0.1337,true
TX,48215-044,454,384,848,0.0825,true
TX,48215-045,443,468,917,-0.0273,true
TX,48215-046,127,98,228,0.1272,true
TX,48215-047,357,324,688,0.048,true
TX,48215-048,796,788,1598,0.005,true
TX,48215-049,735,573,1319,0.1228,true
TX,48215-050,460,665,1132,-0.1811,true
TX,48215-051,388,485,877,-0.1106,true
TX,48215-052,1036,1187,2242,-0.0674,true
TX,48215-053,903,755,1673,0.0885,true
TX,48215-054,659,757,1424,-0.0688,true
TX,48215-055,602,533,1145,0.0603,true
TX,48215-056,668,476,1157,0.1659,true
TX,48215-057,203,204,411,-0.0024,true
TX,48215-058,971,1102,2096,-0.0625,true
TX,48215-059,576,577,1163,-0.0009,true
TX,48215-060,856,920,1784,-0.0359,true
TX,48215-061,527,482,1013,0.0444,true
TX,48215-062,759,880,1656,-0.0731,true
TX,48215-063,172,204,377,-0.0849,true
TX,48215-064,479,549,1037,-0.0675,true
TX,48215-065,788,764,1568,0.0153,true
TX,48215-066,362,236,605,0.2083,true
TX,48215-067,729,608,1353,0.0894,true
TX,48215-068,956,1086,2049,-0.0634,true
TX,48215-069,937,1171,2122,-0.1103,true
TX,48215-070,453,518,983,-0.0661,true
TX,48215-071,46,40,87,0.069,true
TX,48215-072,402,332,740,0.0946,true
TX,48215-073,870,999,1895,-0.0681,true
TX,48215-074,403,367,774,0.0465,true
TX,48215-075,13,46,59,-0.5593,true
TX,48215-076,4,20,24,-0.6667,true
TX,48215-077,483,522,1011,-0.0386,true
TX,48215-078,409,516,928,-0.1153,true
TX,48215-079,345,365,721,-0.0277,true
TX,48215-080,184,225,411,-0.0998,true
TX,48215-081,733,687,1435,0.0321,true
TX,48215-082,1,1,2,0,true
TX,48215-083,1136,1576,2721,-0.1617,true
TX,48215-084,719,720,1448,-0.0007,true
TX,48215-085,950,881,1848,0.0373,true
TX,48215-086,195,228,427,-0.0773,true
TX,48215-087,289,348,640,-0.0922,true
TX,48215-088,559,631,1204,-0.0598,true
TX,48215-089,118,166,284,-0.169,true
TX,48215-090,1177,985,2175,0.0883,true
TX,48215-091,266,279,548,-0.0237,true
TX,48215-092,79,110,190,-0.1632,true
TX,48215-093,74,71,145,0.0207,true
TX,48215-094,505,472,983,0.0336,true
TX,48215-095,909,874,1793,0.0195,true
TX,48215-096,822,895,1747,-0.0418,true
TX,48215-097,666,565,1243,0.0813,true
TX,48215-098,990,877,1880,0.0601,true
TX,48215-099,653,874,1544,-0.1431,true
TX,48215-100,588,764,1358,-0.1296,true
TX,48215-101,185,350,539,-0.3061,true
TX,48215-102,292,403,700,-0.1586,true
TX,48215-103,835,969,1824,-0.0735,true
TX,48215-104,670,873,1549,-0.1311,true
TX,48215-105,1045,980,2039,0.0319,true
TX,48215-106,769,745,1541,0.0156,true
TX,48215-107,658,555,1230,0.0837,true
TX,48215-108,600,399,1013,0.1984,true
TX,48215-109,874,630,1531,0.1594,true
TX,48215-110,371,314,688,0.0828,true
TX,48215-111,640,657,1310,-0.013,true
TX,48215-112,439,319,770,0.1558,true
TX,48215-113,1126,1363,2514,-0.0943,true
TX,48215-114,1158,1429,2605,-0.104,true
TX,48215-115,694,550,1257,0.1146,true
TX,48215-116,663,650,1334,0.0097,true
TX,48215-117,714,791,1522,-0.0506,true
TX,48215-118,682,749,1451,-0.0462,true
TX,48215-119,364,355,726,0.0124,true
TX,48215-120,549,541,1098,0.0073,true
TX,48215-121,91,94,187,-0.016,true
TX,48215-122,484,663,1159,-0.1544,true
TX,48215-123,273,216,491,0.1161,true
TX,48215-124,449,373,837,0.0908,true
TX,48215-125,249,278,531,-0.0546,true
TX,48215-126,466,531,1000,-0.065,true
TX,48215-127,275,185,466,0.1931,true
TX,48215-128,501,524,1028,-0.0224,true
TX,48215-129,48,63,111,-0.1351,true
TX,48215-130,268,452,723,-0.2545,true
TX,48215-131,11,4,15,0.4667,true
TX,48215-132,269,188,461,0.1757,true
TX,48215-133,28,31,60,-0.05,true
TX,48215-134,758,813,1588,-0.0346,true
TX,48215-135,464,496,970,-0.033,true
TX,48215-136,508,413,935,0.1016,true
TX,48215-137,8,16,24,-0.3333,true
TX,48215-138,91,59,151,0.2119,true
TX,48215-139,122,81,207,0.1981,true
TX,48215-140,7,0,7,1,true
TX,48215-141,107,74,185,0.1784,true
TX,48215-142,541,599,1147,-0.0506,true
TX,48215-143,888,1167,2078,-0.1343,true
TX,48215-144,9,14,23,-0.2174,true
TX,48215-145,177,224,404,-0.1163,true
TX,48215-146,438,444,896,-0.0067,true
TX,48215-147,35,54,89,-0.2135,true
TX,48215-148,19,13,32,0.1875,true
TX,48215-149,27,14,41,0.3171,true
TX,48215-150,357,360,729,-0.0041,true
TX,48215-151,1385,1256,2674,0.0482,true
TX,48215-152,742,740,1496,0.0013,true
TX,48215-153,100,104,205,-0.0195,true
TX,48215-154,691,720,1424,-0.0204,true
TX,48215-155,144,182,327,-0.1162,true
TX,48215-156,479,317,808,0.2005,true
TX,48215-157,334,329,671,0.0075,true
TX,48215-158,1003,1181,2209,-0.0806,true
TX,48215-159,139,115,258,0.093,true
TX,48215-160,90,138,232,-0.2069,true
TX,48215-161,619,535,1166,0.072,true
TX,48215-162,225,269,499,-0.0882,true
TX,48215-163,653,707,1378,-0.0392,true
TX,48215-164,580,819,1414,-0.169,true
TX,48215-165,190,295,485,-0.2165,true
TX,48215-166,175,169,348,0.0172,true
TX,48215-167,153,221,378,-0.1799,true
TX,48215-168,84,85,169,-0.0059,true
TX,48215-169,117,143,263,-0.0989,true
TX,48215-170,174,200,376,-0.0691,true
TX,48215-171,3,4,7,-0.1429,true
TX,48215-172,10,13,23,-0.1304,true
TX,48215-173,335,459,802,-0.1546,true
TX,48215-174,195,213,419,-0.043,true
TX,48215-175,315,302,623,0.0209,true
TX,48215-176,385,395,789,-0.0127,true
TX,48215-177,198,191,391,0.0179,true
TX,48215-178,1,9,10,-0.8,true
TX,48215-179,104,128,232,-0.1034,true
TX,48215-180,53,66,122,-0.1066,true
TX,48215-181,222,352,575,-0.2261,true
TX,48215-182,190,204,394,-0.0355,true
TX,48215-183,683,673,1369,0.0073,true
TX,48215-184,14,16,31,-0.0645,true
TX,48215-186,58,33,93,0.2688,true
TX,48215-187,597,659,1267,-0.0489,true
TX,48215-188,546,665,1220,-0.0975,true
TX,48215-189,183,222,407,-0.0958,true
TX,48215-190,164,168,333,-0.012,true
TX,48215-191,186,214,402,-0.0697,true
TX,48215-192,109,141,252,-0.127,true
TX,48215-193,151,180,335,-0.0866,true
TX,48215-194,438,590,1034,-0.147,true
TX,48215-195,233,426,663,-0.2911,true
TX,48215-196,284,258,551,0.0472,true
TX,48215-197,187,237,425,-0.1176,true
TX,48215-198,130,182,315,-0.1651,true
TX,48215-199,846,1020,1882,-0.0925,true
TX,48215-200,747,747,1506,0,true
TX,48215-201,488,602,1103,-0.1034,true
TX,48215-202,208,352,567,-0.254,true
TX,48215-203,1250,1481,2761,-0.0837,true
TX,48215-204,154,211,366,-0.1557,true
TX,48215-205,42,59,103,-0.165,true
TX,48215-206,411,432,851,-0.0247,true
TX,48215-207,795,767,1585,0.0177,true
TX,48215-208,19,15,34,0.1176,true
TX,48215-209,283,287,575,-0.007,true
TX,48215-210,113,166,279,-0.19,true
TX,48215-211,171,237,415,-0.159,true
TX,48215-212,525,620,1149,-0.0827,true
TX,48215-213,37,37,74,0,true
TX,48215-214,576,600,1182,-0.0203,true
TX,48215-215,270,424,698,-0.2206,true
TX,48215-216,503,344,855,0.186,true
TX,48215-217,37,45,82,-0.0976,true
TX,48215-218,236,286,523,-0.0956,true
TX,48215-219,258,367,628,-0.1736,true
TX,48215-220,155,143,299,0.0401,true
TX,48215-221,406,542,957,-0.1421,true
TX,48215-222,2,6,8,-0.5,true
TX,48215-223,181,335,521,-0.2956,true
TX,48215-224,66,99,167,-0.1976,true
TX,48215-225,93,60,153,0.2157,true
TX,48215-226,590,683,1295,-0.0718,true
TX,48215-227,840,811,1667,0.0174,true
TX,48215-228,359,380,744,-0.0282,true
TX,48215-229,222,313,542,-0.1679,true
TX,48215-230,400,522,929,-0.1313,true
TX,48215-231,88,100,189,-0.0635,true
TX,48215-232,330,320,658,0.0152,true
TX,48215-234,489,613,1116,-0.1111,true
TX,48215-235,70,118,189,-0.254,true
TX,48215-236,113,174,291,-0.2096,true
TX,48215-237,246,247,500,-0.002,true
TX,48215-238,30,71,103,-0.3981,true
TX,48215-239,588,810,1406,-0.1579,true
TX,48215-240,243,303,548,-0.1095,true
TX,48215-241,101,128,230,-0.1174,true
TX,48215-242,10,6,18,0.2222,true
TX,48215-243,18,34,53,-0.3019,true
TX,48215-244,205,226,434,-0.0484,true
TX,48215-245,79,80,163,-0.0061,true
TX,48215-247,59,53,112,0.0536,true
TX,48215-248,13,12,25,0.04,true
TX,48215-249,131,111,242,0.0826,true
TX,48215-250,50,41,91,0.0989,true
TX,48215-251,6,1,7,0.7143,true
TX,48215-252,4,6,10,-0.2,true
TX,48215-253,100,95,196,0.0255,true
TX,48215-254,395,493,895,-0.1095,true
TX,48215-255,63,75,140,-0.0857,true
TX,48215-256,77,121,198,-0.2222,true
TX,48215-257,128,100,229,0.1223,true
TX,48215-258,4,6,10,-0.2,true
TX,48215-259,184,238,424,-0.1274,true
TX,48217-Precinct 1,295,802,1104,-0.4592,true
TX,48217-Precinct 2,200,1524,1733,-0.764,true
TX,48217-Precinct 3,289,396,691,-0.1548,true
TX,48217-Precinct 4,243,1462,1716,-0.7104,true
TX,48217-Precinct 5,124,1057,1187,-0.786,true
TX,48217-Precinct 6,271,820,1106,-0.4964,true
TX,48217-Precinct 7,102,701,807,-0.7423,true
TX,48217-Precinct 8,266,1536,1818,-0.6986,true
TX,48217-Precinct 9,152,808,965,-0.6798,true
TX,48217-Precinct 10,325,1345,1681,-0.6068,true
TX,48217-Precinct 11,95,529,629,-0.69,true
TX,48217-Precinct 12,261,1002,1276,-0.5807,true
TX,48217-Precinct 13,296,1687,1993,-0.6979,true
TX,48219-Precinct 11,49,244,294,-0.6633,true
TX,48219-Precinct 14,67,650,719,-0.8108,true
TX,48219-Precinct 15,43,342,388,-0.7706,true
TX,48219-Precinct 16,201,1180,1391,-0.7038,true
TX,48219-Precinct 21,221,948,1174,-0.6193,true
TX,48219-Precinct 24,81,478,561,-0.7077,true
TX,48219-Precinct 32,216,775,999,-0.5596,true
TX,48219-Precinct 33,4,66,70,-0.8857,true
TX,48219-Precinct 35,19,71,90,-0.5778,true
TX,48219-Precinct 36,54,135,191,-0.4241,true
TX,48219-Precinct 43,22,217,241,-0.8091,true
TX,48219-Precinct 44,96,399,497,-0.6097,true
TX,48219-Precinct 45,195,721,923,-0.5699,true
TX,48219-Precinct 46,55,390,449,-0.7461,true
TX,48221-Precinct 101,309,1242,1563,-0.5969,true
TX,48221-Precinct 103,411,2017,2444,-0.6571,true
TX,48221-Precinct 105,235,1842,2089,-0.7693,true
TX,48221-Precinct 107,72,691,770,-0.8039,true
TX,48221-Precinct 112,241,1137,1386,-0.6465,true
TX,48221-Precinct 202,510,2307,2846,-0.6314,true
TX,48221-Precinct 211,369,1820,2210,-0.6566,true
TX,48221-Precinct 216,479,2254,2755,-0.6443,true
TX,48221-Precinct 218,399,1953,2371,-0.6554,true
TX,48221-Precinct 310,414,1711,2142,-0.6055,true
TX,48221-Precinct 313,444,2261,2725,-0.6668,true
TX,48221-Precinct 314,537,2502,3067,-0.6407,true
TX,48221-Precinct 317,288,1842,2143,-0.7252,true
TX,48221-Precinct 404,288,1156,1458,-0.5953,true
TX,48221-Precinct 408,414,2005,2449,-0.6497,true
TX,48221-Precinct 409,572,3156,3767,-0.686,true
TX,48221-Precinct 415,69,271,342,-0.5906,true
TX,48223-Precinct 1,307,1232,1544,-0.5991,true
TX,48223-Precinct 2,324,1275,1609,-0.5911,true
TX,48223-Precinct 3,257,958,1229,-0.5704,true
TX,48223-Precinct 4,188,973,1166,-0.6732,true
TX,48223-Precinct 5,41,389,434,-0.8018,true
TX,48223-Precinct 8,39,190,230,-0.6565,true
TX,48223-Precinct 11,105,486,594,-0.6414,true
TX,48223-Precinct 12,30,216,246,-0.7561,true
TX,48223-Precinct 13,115,592,713,-0.669,true
TX,48223-Precinct 14,89,675,767,-0.764,true
TX,48223-Precinct 16,88,907,1002,-0.8174,true
TX,48223-Precinct 17,137,848,995,-0.7146,true
TX,48223-Precinct 1A,131,454,590,-0.5475,true
TX,48223-Precinct 20,57,446,505,-0.7703,true
TX,48223-Precinct 23,27,217,246,-0.7724,true
TX,48223-Precinct 24,69,520,591,-0.7631,true
TX,48223-Precinct 25,37,274,314,-0.7548,true
TX,48223-Precinct 2A,280,488,769,-0.2705,true
TX,48223-Precinct 36,86,690,781,-0.7734,true
TX,48223-Precinct 3A,236,942,1189,-0.5938,true
TX,48223-Precinct 4A,274,982,1264,-0.5601,true
TX,48225-Precinct 1,236,461,706,-0.3187,true
TX,48225-Precinct 2,233,761,998,-0.5291,true
TX,48225-Precinct 3,450,330,785,0.1529,true
TX,48225-Precinct 4,311,919,1242,-0.4895,true
TX,48225-Precinct 5,111,870,985,-0.7706,true
TX,48225-Precinct 6,165,629,800,-0.58,true
TX,48225-Precinct 7,84,556,641,-0.7363,true
TX,48225-Precinct 8,47,245,293,-0.6758,true
TX,48225-Precinct 9,26,361,387,-0.8656,true
TX,48225-Precinct 10,33,156,191,-0.644,true
TX,48225-Precinct 11,15,99,114,-0.7368,true
TX,48225-Precinct 12,17,104,121,-0.719,true
TX,48225-Precinct 14,17,169,187,-0.8128,true
TX,48225-Precinct 15,41,168,210,-0.6048,true
TX,48225-Precinct 16,19,210,229,-0.8341,true
TX,48225-Precinct 17,12,238,251,-0.9004,true
TX,48225-Precinct 18,39,72,113,-0.292,true
TX,48225-Precinct 19,102,380,487,-0.5708,true
TX,48225-Precinct 20,9,155,164,-0.8902,true
TX,48225-Precinct 21,64,222,289,-0.5467,true
TX,48225-Precinct 22,34,142,180,-0.6,true
TX,48227-Precinct 11,229,384,617,-0.2512,true
TX,48227-Precinct 12,84,157,241,-0.3029,true
TX,48227-Precinct 13,63,105,172,-0.2442,true
TX,48227-Precinct 14,23,35,58,-0.2069,true
TX,48227-Precinct 16,25,42,67,-0.2537,true
TX,48227-Precinct 24,57,224,291,-0.5739,true
TX,48227-Precinct 25,163,644,817,-0.5887,true
TX,48227-Precinct 26,37,191,228,-0.6754,true
TX,48227-Precinct 31,18,61,80,-0.5375,true
TX,48227-Precinct 32,18,69,87,-0.5862,true
TX,48227-Precinct 33,178,616,796,-0.5503,true
TX,48227-Precinct 34,161,597,769,-0.567,true
TX,48227-Precinct 35,55,192,250,-0.548,true
TX,48227-Precinct 41,0,1,1,-1,true
TX,48227-Precinct 42,76,288,366,-0.5792,true
TX,48227-Precinct 45,62,212,275,-0.5455,true
TX,48227-Precinct 46,150,484,642,-0.5202,true
TX,48227-Precinct 103,18,86,105,-0.6476,true
TX,48227-Precinct 104,6,60,66,-0.8182,true
TX,48227-Precinct 12A,19,40,59,-0.3559,true
TX,48227-Precinct 205,73,907,982,-0.8493,true
TX,48227-Precinct 207,70,634,710,-0.7944,true
TX,48227-Precinct 208,0,2,2,-1,true
TX,48227-Precinct 304,29,365,396,-0.8485,true
TX,48227-Precinct 34A,1,5,6,-0.6667,true
TX,48227-Precinct 404,50,347,400,-0.7425,true
TX,48227-Precinct 405,19,182,203,-0.803,true
TX,48227-Precinct 408,0,35,36,-0.9722,true
TX,48227-Precinct 409,22,328,351,-0.8718,true
TX,48227-Precinct 207C,41,403,444,-0.8153,true
TX,48227-Precinct 208C,12,121,133,-0.8195,true
TX,48229-Precinct 1,42,185,231,-0.619,true
TX,48229-Precinct 2,66,85,153,-0.1242,true
TX,48229-Precinct 4,37,148,188,-0.5904,true
TX,48229-Precinct 1W,22,94,117,-0.6154,true
TX,48229-Precinct 3N,40,84,124,-0.3548,true
TX,48229-Precinct 3S,45,85,130,-0.3077,true
TX,48229-Precinct 4S,13,43,58,-0.5172,true
TX,48229-Precinct 4NW,7,23,30,-0.5333,true
TX,48231-Precinct 101,141,981,1127,-0.7453,true
TX,48231-Precinct 102,62,380,445,-0.7146,true
TX,48231-Precinct 103,89,511,601,-0.7022,true
TX,48231-Precinct 104,119,672,794,-0.6965,true
TX,48231-Precinct 105,148,314,465,-0.357,true
TX,48231-Precinct 106,422,719,1159,-0.2563,true
TX,48231-Precinct 107,687,1703,2418,-0.4202,true
TX,48231-Precinct 108,302,653,966,-0.3634,true
TX,48231-Precinct 109,145,924,1079,-0.722,true
TX,48231-Precinct 110,150,545,699,-0.5651,true
TX,48231-Precinct 111,144,345,494,-0.4069,true
TX,48231-Precinct 212,81,352,435,-0.623,true
TX,48231-Precinct 213,106,739,846,-0.7482,true
TX,48231-Precinct 216,513,1847,2373,-0.5622,true
TX,48231-Precinct 217,202,1070,1280,-0.6781,true
TX,48231-Precinct 318,71,483,555,-0.7423,true
TX,48231-Precinct 319,202,1366,1582,-0.7358,true
TX,48231-Precinct 320,284,1411,1704,-0.6614,true
TX,48231-Precinct 321,166,898,1069,-0.6848,true
TX,48231-Precinct 322,86,638,727,-0.7593,true
TX,48231-Precinct 323,314,1922,2253,-0.7137,true
TX,48231-Precinct 324,456,1634,2122,-0.5551,true
TX,48231-Precinct 325,493,1710,2227,-0.5465,true
TX,48231-Precinct 426,68,294,365,-0.6192,true
TX,48231-Precinct 427,694,876,1588,-0.1146,true
TX,48231-Precinct 428,431,854,1299,-0.3256,true
TX,48231-Precinct 429,75,241,318,-0.522,true
TX,48231-Precinct 430,109,284,396,-0.4419,true
TX,48231-Precinct 431,113,314,431,-0.4664,true
TX,48231-Precinct 432,149,1057,1217,-0.7461,true
TX,48231-Precinct 433,774,708,1495,0.0441,true
TX,48231-Precinct 434,172,1065,1247,-0.7161,true
TX,48231-Precinct 214A,348,1899,2263,-0.6854,true
TX,48231-Precinct 214B,91,523,616,-0.7013,true
TX,48231-Precinct 215A,1416,4340,5809,-0.5034,true
TX,48231-Precinct 215B,389,1865,2269,-0.6505,true
TX,48233-Precinct 11,118,1047,1178,-0.7886,true
TX,48233-Precinct 14,147,1158,1312,-0.7706,true
TX,48233-Precinct 21,194,2026,2235,-0.8197,true
TX,48233-Precinct 23,41,301,342,-0.7602,true
TX,48233-Precinct 31,81,1042,1133,-0.8482,true
TX,48233-Precinct 33,111,720,833,-0.7311,true
TX,48233-Precinct 41,3,45,48,-0.875,true
TX,48233-Precinct 42,218,934,1163,-0.6156,true
TX,48235-Precinct 100,23,189,212,-0.783,true
TX,48235-Precinct 200,25,196,223,-0.7668,true
TX,48235-Precinct 300,26,126,152,-0.6579,true
TX,48235-Precinct 400,31,250,281,-0.7794,true
TX,48237-Precinct 1,87,753,841,-0.7919,true
TX,48237-Precinct 2,79,931,1017,-0.8378,true
TX,48237-Precinct 3,23,130,154,-0.6948,true
TX,48237-Precinct 4,54,616,672,-0.8363,true
TX,48237-Precinct 5,31,500,535,-0.8766,true
TX,48237-Precinct 6,89,889,982,-0.8147,true
TX,48239-Precinct 1,255,1030,1291,-0.6003,true
TX,48239-Precinct 2,186,1289,1479,-0.7458,true
TX,48239-Precinct 3,173,1210,1394,-0.7439,true
TX,48239-Precinct 4,31,213,247,-0.7368,true
TX,48239-Precinct 5,52,392,447,-0.7606,true
TX,48239-Precinct 6,77,284,363,-0.5702,true
TX,48239-Precinct 7,12,81,93,-0.7419,true
TX,48239-Precinct 8,47,320,368,-0.7418,true
TX,48239-Precinct 9,71,541,618,-0.7605,true
TX,48241-Precinct 1,7,42,49,-0.7143,true
TX,48241-Precinct 2,35,537,574,-0.8746,true
TX,48241-Precinct 3,112,705,822,-0.7214,true
TX,48241-Precinct 4,70,574,648,-0.7778,true
TX,48241-Precinct 5,14,94,108,-0.7407,true
TX,48241-Precinct 6,184,476,663,-0.4404,true
TX,48241-Precinct 7,165,260,431,-0.2204,true
TX,48241-Precinct 8,228,371,603,-0.2371,true
TX,48241-Precinct 9,131,1370,1509,-0.8211,true
TX,48241-Precinct 10,115,1298,1417,-0.8349,true
TX,48241-Precinct 11,37,282,320,-0.7656,true
TX,48241-Precinct 12,46,388,435,-0.7862,true
TX,48241-Precinct 13,74,293,367,-0.5967,true
TX,48241-Precinct 14,278,1416,1710,-0.6655,true
TX,48241-Precinct 15,180,1696,1884,-0.8047,true
TX,48241-Precinct 16,22,236,260,-0.8231,true
TX,48241-Precinct 17,48,1002,1053,-0.906,true
TX,48241-Precinct 19,248,1168,1424,-0.6461,true
TX,48241-Precinct 20,337,374,715,-0.0517,true
TX,48241-Precinct 21,284,580,868,-0.341,true
TX,48243-Precinct 1,131,162,298,-0.104,true
TX,48243-Precinct 2,106,146,259,-0.1544,true
TX,48243-Precinct 3,103,187,292,-0.2877,true
TX,48243-Precinct 4,38,81,121,-0.3554,true
TX,48243-Precinct 5,72,123,199,-0.2563,true
TX,48245-Precinct 1,676,95,778,0.7468,true
TX,48245-Precinct 2,408,113,525,0.5619,true
TX,48245-Precinct 3,733,79,817,0.8005,true
TX,48245-Precinct 4,437,573,1024,-0.1328,true
TX,48245-Precinct 5,514,444,969,0.0722,true
TX,48245-Precinct 6,420,214,639,0.3224,true
TX,48245-Precinct 7,442,317,770,0.1623,true
TX,48245-Precinct 8,234,28,264,0.7803,true
TX,48245-Precinct 9,437,2331,2790,-0.6789,true
TX,48245-Precinct 10,204,52,257,0.5914,true
TX,48245-Precinct 11,140,33,174,0.6149,true
TX,48245-Precinct 12,182,14,197,0.8528,true
TX,48245-Precinct 13,134,11,146,0.8425,true
TX,48245-Precinct 14,494,72,574,0.7352,true
TX,48245-Precinct 15,445,104,556,0.6133,true
TX,48245-Precinct 16,115,49,166,0.3976,true
TX,48245-Precinct 17,932,654,1610,0.1727,true
TX,48245-Precinct 18,699,56,757,0.8494,true
TX,48245-Precinct 19,509,83,597,0.7136,true
TX,48245-Precinct 20,404,66,474,0.7131,true
TX,48245-Precinct 21,55,114,169,-0.3491,true
TX,48245-Precinct 22,951,660,1616,0.1801,true
TX,48245-Precinct 23,1003,355,1367,0.474,true
TX,48245-Precinct 24,80,269,353,-0.5354,true
TX,48245-Precinct 25,433,1462,1911,-0.5385,true
TX,48245-Precinct 26,774,1042,1839,-0.1457,true
TX,48245-Precinct 27,416,348,779,0.0873,true
TX,48245-Precinct 28,318,228,552,0.163,true
TX,48245-Precinct 29,156,1270,1435,-0.7763,true
TX,48245-Precinct 30,78,781,864,-0.8137,true
TX,48245-Precinct 31,109,936,1057,-0.7824,true
TX,48245-Precinct 32,28,109,138,-0.587,true
TX,48245-Precinct 33,384,943,1337,-0.4181,true
TX,48245-Precinct 34,851,90,948,0.8027,true
TX,48245-Precinct 35,118,598,721,-0.6657,true
TX,48245-Precinct 36,207,816,1031,-0.5907,true
TX,48245-Precinct 37,318,1291,1622,-0.5999,true
TX,48245-Precinct 38,245,1279,1532,-0.6749,true
TX,48245-Precinct 39,794,62,867,0.8443,true
TX,48245-Precinct 40,327,1739,2086,-0.6769,true
TX,48245-Precinct 41,17,116,133,-0.7444,true
TX,48245-Precinct 42,276,1314,1610,-0.6447,true
TX,48245-Precinct 43,347,1219,1576,-0.5533,true
TX,48245-Precinct 44,196,187,388,0.0232,true
TX,48245-Precinct 45,315,212,532,0.1936,true
TX,48245-Precinct 46,325,191,518,0.2587,true
TX,48245-Precinct 47,392,259,659,0.2018,true
TX,48245-Precinct 48,275,113,393,0.4122,true
TX,48245-Precinct 49,104,94,200,0.05,true
TX,48245-Precinct 50,839,256,1111,0.5248,true
TX,48245-Precinct 51,141,33,175,0.6171,true
TX,48245-Precinct 52,210,12,224,0.8839,true
TX,48245-Precinct 53,503,70,578,0.7491,true
TX,48245-Precinct 54,235,21,259,0.8263,true
TX,48245-Precinct 55,170,8,181,0.895,true
TX,48245-Precinct 56,422,1856,2298,-0.624,true
TX,48245-Precinct 57,292,20,314,0.8662,true
TX,48245-Precinct 58,44,332,378,-0.7619,true
TX,48245-Precinct 59,418,22,447,0.8859,true
TX,48245-Precinct 60,411,1761,2187,-0.6173,true
TX,48245-Precinct 61,339,550,899,-0.2347,true
TX,48245-Precinct 62,623,1101,1755,-0.2724,true
TX,48245-Precinct 63,509,51,565,0.8106,true
TX,48245-Precinct 64,338,105,447,0.5213,true
TX,48245-Precinct 65,413,908,1347,-0.3675,true
TX,48245-Precinct 66,258,803,1071,-0.5089,true
TX,48245-Precinct 67,902,138,1051,0.7269,true
TX,48245-Precinct 68,621,766,1412,-0.1027,true
TX,48245-Precinct 69,505,1603,2136,-0.514,true
TX,48245-Precinct 70,703,558,1286,0.1128,true
TX,48245-Precinct 71,31,172,203,-0.6946,true
TX,48245-Precinct 72,1664,1110,2802,0.1977,true
TX,48245-Precinct 73,597,1001,1619,-0.2495,true
TX,48245-Precinct 74,330,1598,1945,-0.6519,true
TX,48245-Precinct 75,260,50,312,0.6731,true
TX,48245-Precinct 76,271,111,384,0.4167,true
TX,48245-Precinct 77,597,71,668,0.7874,true
TX,48245-Precinct 78,659,374,1037,0.2748,true
TX,48245-Precinct 79,688,836,1552,-0.0954,true
TX,48245-Precinct 80,30,155,187,-0.6684,true
TX,48245-Precinct 81,327,23,353,0.8612,true
TX,48245-Precinct 82,740,467,1223,0.2232,true
TX,48245-Precinct 83,162,684,855,-0.6105,true
TX,48245-Precinct 84,413,38,456,0.8224,true
TX,48245-Precinct 85,665,121,797,0.6826,true
TX,48245-Precinct 86,357,388,753,-0.0412,true
TX,48245-Precinct 87,486,97,591,0.6582,true
TX,48245-Precinct 88,508,249,772,0.3355,true
TX,48245-Precinct 89,158,63,221,0.4299,true
TX,48245-Precinct 90,22,9,31,0.4194,true
TX,48245-Precinct 91,68,559,631,-0.7781,true
TX,48245-Precinct 92,274,599,881,-0.3689,true
TX,48245-Precinct 93,205,78,286,0.4441,true
TX,48245-Precinct 94,490,909,1430,-0.293,true
TX,48245-Precinct 95,132,244,378,-0.2963,true
TX,48245-Precinct 96,174,74,250,0.4,true
TX,48245-Precinct 97,74,37,113,0.3274,true
TX,48245-Precinct 98,150,335,492,-0.376,true
TX,48245-Precinct 99,202,109,317,0.2934,true
TX,48245-Precinct 100,815,1316,2153,-0.2327,true
TX,48245-Precinct 101,6,13,19,-0.3684,true
TX,48245-Precinct 102,1,1,2,0,true
TX,48245-Precinct 103,20,202,223,-0.8161,true
TX,48245-Precinct 104,13,44,59,-0.5254,true
TX,48247-Precinct 1,203,169,373,0.0912,true
TX,48247-Precinct 2,261,204,468,0.1218,true
TX,48247-Precinct 3,191,178,369,0.0352,true
TX,48247-Precinct 4,194,170,364,0.0659,true
TX,48247-Precinct 5,7,4,11,0.2727,true
TX,48249-Precinct 1,137,81,220,0.2545,true
TX,48249-Precinct 2,81,316,399,-0.589,true
TX,48249-Precinct 3,156,716,873,-0.6415,true
TX,48249-Precinct 4,265,375,642,-0.1713,true
TX,48249-Precinct 5,77,65,143,0.0839,true
TX,48249-Precinct 6,275,323,603,-0.0796,true
TX,48249-Precinct 7,609,881,1493,-0.1822,true
TX,48249-Precinct 8,456,1546,2009,-0.5426,true
TX,48249-Precinct 9,152,150,306,0.0065,true
TX,48249-Precinct 10,574,390,969,0.1899,true
TX,48249-Precinct 11,175,209,387,-0.0879,true
TX,48249-Precinct 12,529,516,1048,0.0124,true
TX,48249-Precinct 13,144,73,217,0.3272,true
TX,48249-Precinct 14,35,79,116,-0.3793,true
TX,48249-Precinct 15,379,466,846,-0.1028,true
TX,48249-Precinct 16,245,156,401,0.2219,true
TX,48249-Precinct 17,449,470,924,-0.0227,true
TX,48249-Precinct 18,91,126,217,-0.1613,true
TX,48249-Precinct 19,48,152,200,-0.52,true
TX,48249-Precinct 20,218,129,349,0.255,true
TX,48249-Precinct 22,482,417,906,0.0717,true
TX,48251-Precinct 1,56,250,307,-0.6319,true
TX,48251-Precinct 2,629,2436,3093,-0.5842,true
TX,48251-Precinct 3,405,1184,1605,-0.4854,true
TX,48251-Precinct 4,599,1617,2245,-0.4535,true
TX,48251-Precinct 5,483,1498,2005,-0.5062,true
TX,48251-Precinct 6,82,454,549,-0.6776,true
TX,48251-Precinct 7,503,1666,2200,-0.5286,true
TX,48251-Precinct 8,405,1239,1668,-0.5,true
TX,48251-Precinct 9,111,734,854,-0.7295,true
TX,48251-Precinct 10,505,1501,2029,-0.4909,true
TX,48251-Precinct 11,543,2335,2911,-0.6156,true
TX,48251-Precinct 12A,511,1947,2482,-0.5786,true
TX,48251-Precinct 12B,173,654,836,-0.5754,true
TX,48251-Precinct 13,332,1461,1806,-0.6251,true
TX,48251-Precinct 14,45,371,419,-0.778,true
TX,48251-Precinct 15,205,1040,1260,-0.6627,true
TX,48251-Precinct 16,85,319,407,-0.5749,true
TX,48251-Precinct 17,492,1386,1891,-0.4728,true
TX,48251-Precinct 18,639,1967,2649,-0.5013,true
TX,48251-Precinct 19,641,2095,2772,-0.5245,true
TX,48251-Precinct 20,286,548,838,-0.3126,true
TX,48251-Precinct 21,164,995,1170,-0.7103,true
TX,48251-Precinct 22,735,1830,2609,-0.4197,true
TX,48251-Precinct 23,210,1802,2026,-0.7858,true
TX,48251-Precinct 24,423,1752,2198,-0.6046,true
TX,48251-Precinct 25,206,654,868,-0.5161,true
TX,48251-Precinct 26,167,1183,1356,-0.7493,true
TX,48251-Precinct 27,268,1740,2024,-0.7273,true
TX,48251-Precinct 28,263,1207,1491,-0.6331,true
TX,48251-Precinct 29,169,784,964,-0.638,true
TX,48251-Precinct 30,586,3088,3700,-0.6762,true
TX,48251-Precinct 31,180,866,1059,-0.6478,true
TX,48251-Precinct 32,511,1924,2455,-0.5756,true
TX,48251-Precinct 33,359,1623,2018,-0.6264,true
TX,48251-Precinct 34,389,1170,1573,-0.4965,true
TX,48251-Precinct 35,723,2531,3277,-0.5517,true
TX,48251-Precinct 36,196,426,632,-0.3639,true
TX,48251-Precinct 37,443,1432,1900,-0.5205,true
TX,48251-Precinct 38,111,398,515,-0.5573,true
TX,48251-Precinct 39,593,1592,2207,-0.4527,true
TX,48251-Precinct 40,658,1476,2170,-0.377,true
TX,48251-Precinct 41,857,2418,3317,-0.4706,true
TX,48251-Precinct 42,739,1448,2219,-0.3195,true
TX,48251-Precinct 43,2567,1711,4356,0.1965,true
TX,48253-Precinct 1,219,976,1206,-0.6277,true
TX,48253-Precinct 2,247,1363,1629,-0.6851,true
TX,48253-Precinct 3,212,1868,2102,-0.7878,true
TX,48253-Precinct 4,229,1781,2022,-0.7676,true
TX,48255-Precinct 1,223,634,860,-0.4779,true
TX,48255-Precinct 2,13,120,133,-0.8045,true
TX,48255-Precinct 3,9,113,122,-0.8525,true
TX,48255-Precinct 4,154,484,640,-0.5156,true
TX,48255-Precinct 5,130,367,498,-0.4759,true
TX,48255-Precinct 6,8,202,213,-0.9108,true
TX,48255-Precinct 7,38,469,508,-0.8484,true
TX,48255-Precinct 8,28,127,155,-0.6387,true
TX,48255-Precinct 9,14,132,148,-0.7973,true
TX,48255-Precinct 10,20,235,257,-0.8366,true
TX,48255-Precinct 11,104,413,523,-0.5908,true
TX,48255-Precinct 12,59,283,343,-0.6531,true
TX,48255-Precinct 13,4,34,38,-0.7895,true
TX,48255-Precinct 14,225,333,560,-0.1929,true
TX,48255-Precinct 15,22,55,77,-0.4286,true
TX,48257-Precinct 1,564,1323,1911,-0.3972,true
TX,48257-Precinct 2,198,885,1098,-0.6257,true
TX,48257-Precinct 3,1206,1885,3123,-0.2174,true
TX,48257-Precinct 4,343,1271,1629,-0.5697,true
TX,48257-Precinct 5,717,392,1127,0.2884,true
TX,48257-Precinct 6,306,1409,1732,-0.6368,true
TX,48257-Precinct 7,1995,2033,4074,-0.0093,true
TX,48257-Precinct 8,483,813,1315,-0.251,true
TX,48257-Precinct 9,298,1083,1389,-0.5652,true
TX,48257-Precinct 10,249,1793,2050,-0.7532,true
TX,48257-Precinct 11,407,874,1289,-0.3623,true
TX,48257-Precinct 12,199,1284,1494,-0.7262,true
TX,48257-Precinct 13,1441,1503,2976,-0.0208,true
TX,48257-Precinct 14,2276,1731,4063,0.1341,true
TX,48257-Precinct 15,301,1676,1992,-0.6903,true
TX,48257-Precinct 16,354,2240,2623,-0.719,true
TX,48257-Precinct 17,211,1196,1417,-0.6951,true
TX,48257-Precinct 18,444,1438,1892,-0.5254,true
TX,48257-Precinct 19,556,1114,1694,-0.3294,true
TX,48257-Precinct 20,221,804,1036,-0.5627,true
TX,48257-Precinct 21,318,1486,1819,-0.6421,true
TX,48257-Precinct 22,136,790,931,-0.7025,true
TX,48257-Precinct 23,281,909,1200,-0.5233,true
TX,48257-Precinct 24,267,678,951,-0.4322,true
TX,48257-Precinct 25,205,388,604,-0.303,true
TX,48257-Precinct 26,568,309,888,0.2917,true
TX,48257-Precinct 27,1160,1931,3133,-0.2461,true
TX,48257-Precinct 28,279,1077,1371,-0.5821,true
TX,48257-Precinct 29,2094,1213,3360,0.2622,true
TX,48257-Precinct 30,297,1141,1445,-0.5841,true
TX,48257-Precinct 31,496,642,1150,-0.127,true
TX,48257-Precinct 32,594,1133,1749,-0.3082,true
TX,48257-Precinct 33,117,118,236,-0.0042,true
TX,48257-Precinct 34,1587,2149,3783,-0.1486,true
TX,48257-Precinct 35,1709,1194,2944,0.1749,true
TX,48257-Precinct 36,882,1432,2339,-0.2351,true
TX,48257-Precinct 37,967,724,1709,0.1422,true
TX,48259-Precinct 1010,479,1306,1812,-0.4564,true
TX,48259-Precinct 1030,38,178,217,-0.6452,true
TX,48259-Precinct 1050,640,1935,2618,-0.4947,true
TX,48259-Precinct 1110,484,1652,2168,-0.5387,true
TX,48259-Precinct 2020,368,1734,2132,-0.6407,true
TX,48259-Precinct 2060,440,1378,1840,-0.5098,true
TX,48259-Precinct 2080,356,1430,1816,-0.5914,true
TX,48259-Precinct 2120,553,2054,2648,-0.5668,true
TX,48259-Precinct 3010,453,1191,1678,-0.4398,true
TX,48259-Precinct 3030,385,1720,2133,-0.6259,true
TX,48259-Precinct 3040,185,843,1042,-0.6315,true
TX,48259-Precinct 3050,381,1342,1751,-0.5488,true
TX,48259-Precinct 3060,131,502,637,-0.5824,true
TX,48259-Precinct 4050,449,1525,1997,-0.5388,true
TX,48259-Precinct 4070,226,1194,1433,-0.6755,true
TX,48259-Precinct 4090,237,819,1072,-0.5429,true
TX,48259-Precinct 4100,535,1852,2414,-0.5456,true
TX,48261-Precinct 1,13,31,45,-0.4,true
TX,48261-Precinct 2,12,23,36,-0.3056,true
TX,48261-Precinct 3,8,17,25,-0.36,true
TX,48261-Precinct 4,3,31,34,-0.8235,true
TX,48261-Precinct 5,4,7,11,-0.2727,true
TX,48261-Precinct 6,1,6,7,-0.7143,true
TX,48263-Precinct 101,17,106,127,-0.7008,true
TX,48263-Precinct 201,4,27,31,-0.7419,true
TX,48263-Precinct 202,4,86,90,-0.9111,true
TX,48263-Precinct 301,8,60,69,-0.7536,true
TX,48263-Precinct 302,4,36,41,-0.7805,true
TX,48263-Precinct 401,13,75,88,-0.7045,true
TX,48265-Precinct 101,539,1949,2508,-0.5622,true
TX,48265-Precinct 107,171,673,850,-0.5906,true
TX,48265-Precinct 109,244,1047,1301,-0.6172,true
TX,48265-Precinct 113,294,729,1039,-0.4187,true
TX,48265-Precinct 118,81,249,335,-0.5015,true
TX,48265-Precinct 119,484,1047,1556,-0.3618,true
TX,48265-Precinct 202,269,1352,1628,-0.6652,true
TX,48265-Precinct 211,170,521,701,-0.5007,true
TX,48265-Precinct 215,460,1814,2293,-0.5905,true
TX,48265-Precinct 220,483,1725,2222,-0.559,true
TX,48265-Precinct 303,257,1077,1343,-0.6106,true
TX,48265-Precinct 308,138,523,663,-0.5807,true
TX,48265-Precinct 312,692,1715,2430,-0.421,true
TX,48265-Precinct 314,556,1001,1576,-0.2824,true
TX,48265-Precinct 404,99,803,906,-0.777,true
TX,48265-Precinct 405,348,1097,1460,-0.513,true
TX,48265-Precinct 406,450,1899,2367,-0.6122,true
TX,48265-Precinct 410,27,236,265,-0.7887,true
TX,48265-Precinct 416,235,1053,1295,-0.6317,true
TX,48265-Precinct 417,318,1105,1432,-0.5496,true
TX,48267-Precinct 1,60,486,550,-0.7745,true
TX,48267-Precinct 2,31,265,298,-0.7852,true
TX,48267-Precinct 3,24,212,238,-0.7899,true
TX,48267-Precinct 4,39,267,309,-0.7379,true
TX,48267-Precinct 6,19,224,246,-0.8333,true
TX,48267-Precinct 7,24,335,360,-0.8639,true
TX,48267-Precinct 9,64,337,403,-0.6774,true
TX,48269-Precinct 1,1,37,38,-0.9474,true
TX,48269-Precinct 2,2,20,22,-0.8182,true
TX,48269-Precinct 3,0,31,31,-1,true
TX,48269-Precinct 4,3,41,44,-0.8636,true
TX,48271-Precinct 1,78,283,363,-0.5647,true
TX,48271-Precinct 2,99,232,335,-0.397,true
TX,48271-Precinct 3,86,216,307,-0.4235,true
TX,48271-Precinct 4,82,331,417,-0.5971,true
TX,48273-Precinct 11,144,272,419,-0.3055,true
TX,48273-Precinct 12,453,836,1300,-0.2946,true
TX,48273-Precinct 13,185,149,339,0.1062,true
TX,48273-Precinct 14,339,409,753,-0.093,true
TX,48273-Precinct 21,368,590,964,-0.2303,true
TX,48273-Precinct 22,172,183,362,-0.0304,true
TX,48273-Precinct 23,100,107,209,-0.0335,true
TX,48273-Precinct 24,252,281,538,-0.0539,true
TX,48273-Precinct 31,449,572,1032,-0.1192,true
TX,48273-Precinct 32,178,150,330,0.0848,true
TX,48273-Precinct 33,108,253,364,-0.3984,true
TX,48273-Precinct 34,214,491,709,-0.3907,true
TX,48273-Precinct 35,225,483,713,-0.3619,true
TX,48273-Precinct 41,310,268,582,0.0722,true
TX,48273-Precinct 42,282,197,481,0.1767,true
TX,48273-Precinct 43,395,234,631,0.2552,true
TX,48273-Precinct 44,171,139,314,0.1019,true
TX,48275-Precinct 101,64,320,387,-0.6615,true
TX,48275-Precinct 201,7,102,109,-0.8716,true
TX,48275-Precinct 202,21,140,161,-0.7391,true
TX,48275-Precinct 301,57,266,325,-0.6431,true
TX,48275-Precinct 302,1,33,34,-0.9412,true
TX,48275-Precinct 401,64,295,360,-0.6417,true
TX,48277-Precinct 1C,27,244,276,-0.7862,true
TX,48277-Precinct 1E,68,513,585,-0.7607,true
TX,48277-Precinct 1F,94,896,997,-0.8044,true
TX,48277-Precinct 1H,39,441,485,-0.8289,true
TX,48277-Precinct 1I,29,239,268,-0.7836,true
TX,48277-Precinct 2D,74,390,468,-0.6752,true
TX,48277-Precinct 2E,69,411,481,-0.711,true
TX,48277-Precinct 2F,20,147,167,-0.7605,true
TX,48277-Precinct 2G,79,413,495,-0.6747,true
TX,48277-Precinct 3D,73,519,599,-0.7446,true
TX,48277-Precinct 3E,61,906,970,-0.8711,true
TX,48277-Precinct 3F,40,418,461,-0.82,true
TX,48277-Precinct 3G,47,415,464,-0.7931,true
TX,48277-Precinct 3I,119,859,989,-0.7482,true
TX,48277-Precinct 4B,143,1126,1277,-0.7698,true
TX,48277-Precinct 4D,92,1104,1202,-0.8419,true
TX,48277-Precinct 4E,90,765,859,-0.7858,true
TX,48277-Precinct 4F,176,1069,1255,-0.7116,true
TX,48277-Precinct 4G,149,894,1047,-0.7116,true
TX,48277-Precinct 1A3B,587,1957,2565,-0.5341,true
TX,48277-Precinct 1A5A,153,256,413,-0.2494,true
TX,48277-Precinct 2A1A,314,186,509,0.2515,true
TX,48277-Precinct 2C3A,716,881,1609,-0.1025,true
TX,48277-Precinct 3C7G,445,854,1314,-0.3113,true
TX,48277-Precinct 3H3C,134,387,525,-0.4819,true
TX,48277-Precinct 4A6E,241,754,1005,-0.5104,true
TX,48279-Precinct 1,100,381,482,-0.583,true
TX,48279-Precinct 2,84,188,273,-0.381,true
TX,48279-Precinct 3,60,360,420,-0.7143,true
TX,48279-Precinct 4,2,52,54,-0.9259,true
TX,48279-Precinct 5,31,224,259,-0.7452,true
TX,48279-Precinct 6,36,143,179,-0.5978,true
TX,48279-Precinct 8,186,941,1138,-0.6634,true
TX,48279-Precinct 9,137,437,578,-0.519,true
TX,48279-Precinct 10,37,182,221,-0.6561,true
TX,48279-Precinct 11,52,401,454,-0.7687,true
TX,48279-Precinct 12,4,89,93,-0.914,true
TX,48281-Precinct 1,802,2017,2846,-0.4269,true
TX,48281-Precinct 2,424,1933,2385,-0.6327,true
TX,48281-Precinct 3,276,1136,1425,-0.6035,true
TX,48281-Precinct 4,183,1042,1243,-0.6911,true
TX,48281-Precinct 5,49,304,357,-0.7143,true
TX,48281-Precinct 6,87,538,630,-0.7159,true
TX,48281-Precinct 7,74,442,524,-0.7023,true
TX,48281-Precinct 8,42,314,364,-0.7473,true
TX,48281-Precinct 9,266,1040,1322,-0.5855,true
TX,48281-Precinct 10,29,195,225,-0.7378,true
TX,48283-Precinct 1,229,435,668,-0.3084,true
TX,48283-Precinct 2,117,161,278,-0.1583,true
TX,48283-Precinct 3,278,386,668,-0.1617,true
TX,48283-Precinct 4,3,46,50,-0.86,true
TX,48283-Precinct 5,185,264,449,-0.1759,true
TX,48283-Precinct 6,121,125,247,-0.0162,true
TX,48285-Precinct 101,94,989,1087,-0.8234,true
TX,48285-Precinct 102,167,998,1172,-0.709,true
TX,48285-Precinct 119,57,538,595,-0.8084,true
TX,48285-Precinct 208,79,559,641,-0.7488,true
TX,48285-Precinct 223,108,862,974,-0.7741,true
TX,48285-Precinct 231,151,1050,1208,-0.7442,true
TX,48285-Precinct 309,117,946,1069,-0.7755,true
TX,48285-Precinct 311,60,503,566,-0.7827,true
TX,48285-Precinct 329,133,1012,1152,-0.763,true
TX,48285-Precinct 416,56,593,652,-0.8236,true
TX,48285-Precinct 430,213,1165,1381,-0.6894,true
TX,48287-Precinct 101,297,914,1221,-0.5053,true
TX,48287-Precinct 102,94,150,248,-0.2258,true
TX,48287-Precinct 103,14,190,205,-0.8585,true
TX,48287-Precinct 201,36,449,488,-0.8463,true
TX,48287-Precinct 202,252,1128,1391,-0.6298,true
TX,48287-Precinct 203,51,315,369,-0.7154,true
TX,48287-Precinct 301,9,105,114,-0.8421,true
TX,48287-Precinct 302,134,720,861,-0.6806,true
TX,48287-Precinct 303,217,855,1082,-0.5896,true
TX,48287-Precinct 304,42,210,252,-0.6667,true
TX,48287-Precinct 401,138,436,580,-0.5138,true
TX,48287-Precinct 402,59,77,136,-0.1324,true
TX,48287-Precinct 403,39,218,258,-0.6938,true
TX,48287-Precinct 404,124,373,500,-0.498,true
TX,48287-Precinct 405,134,584,722,-0.6233,true
TX,48289-Precinct 1,162,1182,1354,-0.7533,true
TX,48289-Precinct 2,33,268,302,-0.7781,true
TX,48289-Precinct 3,49,428,480,-0.7896,true
TX,48289-Precinct 4,67,634,701,-0.8088,true
TX,48289-Precinct 5,50,429,480,-0.7896,true
TX,48289-Precinct 6,102,828,936,-0.7756,true
TX,48289-Precinct 7,33,452,487,-0.8604,true
TX,48289-Precinct 8,99,717,820,-0.7537,true
TX,48289-Precinct 9,24,319,344,-0.8576,true
TX,48289-Precinct 10,74,754,830,-0.8193,true
TX,48289-Precinct 11,113,598,715,-0.6783,true
TX,48289-Precinct 12,135,526,669,-0.5845,true
TX,48289-Precinct 13,55,665,723,-0.8437,true
TX,48289-Precinct 14,37,182,219,-0.6621,true
TX,48291-Precinct 2,88,814,904,-0.8031,true
TX,48291-Precinct 3,192,1787,1988,-0.8023,true
TX,48291-Precinct 4,45,325,371,-0.7547,true
TX,48291-Precinct 6,53,595,651,-0.8326,true
TX,48291-Precinct 7,326,772,1101,-0.4051,true
TX,48291-Precinct 9,205,2057,2275,-0.8141,true
TX,48291-Precinct 11,185,342,527,-0.2979,true
TX,48291-Precinct 13,45,551,598,-0.8462,true
TX,48291-Precinct 18,412,286,699,0.1803,true
TX,48291-Precinct 1,127,617,745,-0.6577,true
TX,48291-Precinct 20,600,1071,1681,-0.2802,true
TX,48291-Precinct 21,352,2554,2916,-0.7551,true
TX,48291-Precinct 22,449,1478,1937,-0.5312,true
TX,48291-Precinct 23,593,741,1340,-0.1104,true
TX,48291-Precinct 24,244,1662,1912,-0.7416,true
TX,48291-Precinct 25,67,771,843,-0.8351,true
TX,48291-Precinct 26,222,1123,1350,-0.6674,true
TX,48291-Precinct 30,323,1013,1338,-0.5157,true
TX,48291-Precinct 31,234,773,1014,-0.5316,true
TX,48291-Precinct 8,189,1968,2165,-0.8217,true
TX,48291-Precinct 10,487,2005,2501,-0.607,true
TX,48291-Precinct 19,514,1936,2467,-0.5764,true
TX,48293-Precinct 101,271,879,1156,-0.526,true
TX,48293-Precinct 102,42,454,500,-0.824,true
TX,48293-Precinct 103,61,471,538,-0.7621,true
TX,48293-Precinct 104,64,544,614,-0.7818,true
TX,48293-Precinct 201,94,215,314,-0.3854,true
TX,48293-Precinct 202,242,158,407,0.2064,true
TX,48293-Precinct 203,34,55,89,-0.236,true
TX,48293-Precinct 204,59,317,380,-0.6789,true
TX,48293-Precinct 205,117,222,341,-0.3079,true
TX,48293-Precinct 206,39,274,315,-0.746,true
TX,48293-Precinct 301,182,719,914,-0.5875,true
TX,48293-Precinct 302,96,314,416,-0.524,true
TX,48293-Precinct 303,12,136,149,-0.8322,true
TX,48293-Precinct 304,72,434,511,-0.7084,true
TX,48293-Precinct 305,74,204,283,-0.4594,true
TX,48293-Precinct 401,287,462,758,-0.2309,true
TX,48293-Precinct 402,44,320,366,-0.7541,true
TX,48293-Precinct 403,36,218,255,-0.7137,true
TX,48293-Precinct 404,34,306,344,-0.7907,true
TX,48293-Precinct 405,38,241,279,-0.7276,true
TX,48293-Precinct 406,23,138,164,-0.7012,true
TX,48295-Precinct 106,23,171,196,-0.7551,true
TX,48295-Precinct 202,5,82,87,-0.8851,true
TX,48295-Precinct 207,27,224,255,-0.7725,true
TX,48295-Precinct 303,22,262,286,-0.8392,true
TX,48295-Precinct 308,10,102,112,-0.8214,true
TX,48295-Precinct 404,26,215,242,-0.781,true
TX,48295-Precinct 409,10,69,81,-0.7284,true
TX,48297-Precinct 1,56,314,370,-0.6973,true
TX,48297-Precinct 2,136,641,785,-0.6433,true
TX,48297-Precinct 3,143,401,547,-0.4717,true
TX,48297-Precinct 4,70,522,597,-0.7571,true
TX,48297-Precinct 5,29,253,283,-0.7915,true
TX,48297-Precinct 6,20,157,177,-0.774,true
TX,48297-Precinct 7,4,32,36,-0.7778,true
TX,48297-Precinct 8,5,93,98,-0.898,true
TX,48297-Precinct 9,136,531,670,-0.5896,true
TX,48297-Precinct 10,28,278,307,-0.8143,true
TX,48297-Precinct 11,3,65,68,-0.9118,true
TX,48297-Precinct 12,8,100,108,-0.8519,true
TX,48297-Precinct 13,37,353,391,-0.8082,true
TX,48297-Precinct 14,86,567,656,-0.7332,true
TX,48299-Precinct 101,41,217,259,-0.6795,true
TX,48299-Precinct 102,143,442,592,-0.5051,true
TX,48299-Precinct 108,215,615,837,-0.4779,true
TX,48299-Precinct 109,650,2581,3258,-0.5927,true
TX,48299-Precinct 203,331,1572,1917,-0.6474,true
TX,48299-Precinct 204,113,572,690,-0.6652,true
TX,48299-Precinct 205,94,470,570,-0.6596,true
TX,48299-Precinct 307,431,1789,2237,-0.6071,true
TX,48299-Precinct 410,595,2644,3269,-0.6268,true
TX,48301-Precinct 1,8,23,32,-0.4688,true
TX,48301-Precinct 2,1,14,15,-0.8667,true
TX,48301-Precinct 3,0,31,31,-1,true
TX,48301-Precinct 4,1,18,19,-0.8947,true
TX,48303-Precinct 1,710,892,1618,-0.1125,true
TX,48303-Precinct 2,419,702,1132,-0.25,true
TX,48303-Precinct 3,596,466,1082,0.1201,true
TX,48303-Precinct 4,261,152,414,0.2633,true
TX,48303-Precinct 5,258,192,461,0.1432,true
TX,48303-Precinct 6,417,83,503,0.664,true
TX,48303-Precinct 7,623,1326,1976,-0.3558,true
TX,48303-Precinct 8,818,915,1758,-0.0552,true
TX,48303-Precinct 9,646,1080,1755,-0.2473,true
TX,48303-Precinct 10,221,209,436,0.0275,true
TX,48303-Precinct 11,73,38,112,0.3125,true
TX,48303-Precinct 12,462,901,1378,-0.3186,true
TX,48303-Precinct 13,136,282,421,-0.3468,true
TX,48303-Precinct 14,345,476,837,-0.1565,true
TX,48303-Precinct 15,885,900,1812,-0.0083,true
TX,48303-Precinct 17,705,681,1411,0.017,true
TX,48303-Precinct 19,198,162,364,0.0989,true
TX,48303-Precinct 20,388,57,451,0.7339,true
TX,48303-Precinct 21,409,651,1069,-0.2264,true
TX,48303-Precinct 22,561,1090,1678,-0.3153,true
TX,48303-Precinct 23,350,511,878,-0.1834,true
TX,48303-Precinct 24,388,581,984,-0.1961,true
TX,48303-Precinct 25,237,225,467,0.0257,true
TX,48303-Precinct 26,493,544,1054,-0.0484,true
TX,48303-Precinct 27,669,894,1587,-0.1418,true
TX,48303-Precinct 28,407,878,1295,-0.3637,true
TX,48303-Precinct 29,643,697,1352,-0.0399,true
TX,48303-Precinct 30,516,892,1433,-0.2624,true
TX,48303-Precinct 31,187,925,1122,-0.6578,true
TX,48303-Precinct 32,480,1658,2155,-0.5466,true
TX,48303-Precinct 33,379,2432,2826,-0.7265,true
TX,48303-Precinct 34,69,303,372,-0.629,true
TX,48303-Precinct 35,112,513,627,-0.6396,true
TX,48303-Precinct 36,307,1013,1332,-0.53,true
TX,48303-Precinct 37,207,844,1059,-0.6015,true
TX,48303-Precinct 38,316,467,786,-0.1921,true
TX,48303-Precinct 39,211,1135,1355,-0.6819,true
TX,48303-Precinct 40,266,108,379,0.4169,true
TX,48303-Precinct 41,297,1513,1825,-0.6663,true
TX,48303-Precinct 43,65,387,462,-0.697,true
TX,48303-Precinct 44,154,673,833,-0.623,true
TX,48303-Precinct 45,53,262,315,-0.6635,true
TX,48303-Precinct 46,304,1991,2308,-0.7309,true
TX,48303-Precinct 47,539,975,1532,-0.2846,true
TX,48303-Precinct 49,370,478,859,-0.1257,true
TX,48303-Precinct 50,393,556,955,-0.1707,true
TX,48303-Precinct 51,30,67,98,-0.3776,true
TX,48303-Precinct 52,485,1454,1957,-0.4951,true
TX,48303-Precinct 53,612,1022,1654,-0.2479,true
TX,48303-Precinct 54,574,1729,2326,-0.4966,true
TX,48303-Precinct 56,137,483,622,-0.5563,true
TX,48303-Precinct 57,820,1660,2509,-0.3348,true
TX,48303-Precinct 58,305,607,917,-0.3293,true
TX,48303-Precinct 59,665,1010,1698,-0.2032,true
TX,48303-Precinct 60,239,673,922,-0.4707,true
TX,48303-Precinct 62,426,1047,1485,-0.4182,true
TX,48303-Precinct 63,22,68,90,-0.5111,true
TX,48303-Precinct 65,148,453,605,-0.5041,true
TX,48303-Precinct 66,430,1399,1847,-0.5246,true
TX,48303-Precinct 67,469,911,1392,-0.3175,true
TX,48303-Precinct 72,560,1164,1741,-0.3469,true
TX,48303-Precinct 75,208,660,877,-0.5154,true
TX,48303-Precinct 76,456,1141,1613,-0.4247,true
TX,48303-Precinct 78,577,1993,2614,-0.5417,true
TX,48303-Precinct 92,81,294,377,-0.565,true
TX,48303-Precinct 102,41,378,423,-0.7967,true
TX,48303-Precinct 103,78,309,391,-0.5908,true
TX,48303-Precinct 104,190,606,803,-0.5181,true
TX,48303-Precinct 108,269,555,834,-0.3429,true
TX,48303-Precinct 109,605,2296,2923,-0.5785,true
TX,48303-Precinct 110,698,2850,3584,-0.6004,true
TX,48303-Precinct 111,501,1885,2405,-0.5755,true
TX,48303-Precinct 112,333,922,1273,-0.4627,true
TX,48303-Precinct 113,661,1039,1717,-0.2202,true
TX,48303-Precinct 114,225,200,428,0.0584,true
TX,48303-Precinct 118,416,643,1074,-0.2114,true
TX,48303-Precinct 119,668,1085,1772,-0.2353,true
TX,48303-Precinct 120,413,2032,2471,-0.6552,true
TX,48303-Precinct 121,571,2652,3262,-0.638,true
TX,48303-Precinct 122,450,703,1173,-0.2157,true
TX,48303-Precinct 123,405,844,1266,-0.3468,true
TX,48303-Precinct 124,360,1011,1385,-0.47,true
TX,48303-Precinct 125,395,1102,1508,-0.4688,true
TX,48303-Precinct 126,262,558,830,-0.3566,true
TX,48303-Precinct 127,490,1237,1752,-0.4264,true
TX,48303-Precinct 128,316,1067,1397,-0.5376,true
TX,48303-Precinct 129,607,1813,2449,-0.4924,true
TX,48303-Precinct 135,121,469,597,-0.5829,true
TX,48303-Precinct 138,37,381,419,-0.821,true
TX,48303-Precinct 139,351,1203,1566,-0.5441,true
TX,48303-Precinct 140,505,1741,2260,-0.5469,true
TX,48303-Precinct 141,596,1177,1795,-0.3237,true
TX,48303-Precinct 142,22,52,76,-0.3947,true
TX,48303-Precinct 151,93,623,720,-0.7361,true
TX,48303-Precinct 152,399,578,993,-0.1803,true
TX,48303-Precinct 153,387,143,537,0.4544,true
TX,48303-Precinct 154,621,2027,2685,-0.5236,true
TX,48303-Precinct 155,242,1615,1867,-0.7354,true
TX,48303-Precinct 178,33,206,239,-0.7238,true
TX,48305-Precinct 1,97,241,341,-0.4223,true
TX,48305-Precinct 2,51,255,311,-0.6559,true
TX,48305-Precinct 3,46,265,312,-0.7019,true
TX,48305-Precinct 4,73,895,979,-0.8396,true
TX,48305-Precinct 5,4,33,37,-0.7838,true
TX,48305-Precinct 6,61,189,255,-0.502,true
TX,48305-Precinct 9,3,49,52,-0.8846,true
TX,48305-Precinct 12,32,244,279,-0.7599,true
TX,48307-Precinct 101,112,862,982,-0.7637,true
TX,48307-Precinct 102,11,97,110,-0.7818,true
TX,48307-Precinct 201,109,361,477,-0.5283,true
TX,48307-Precinct 202,17,106,125,-0.712,true
TX,48307-Precinct 301,109,618,729,-0.6982,true
TX,48307-Precinct 302,16,202,219,-0.8493,true
TX,48307-Precinct 401,44,430,476,-0.8109,true
TX,48307-Precinct 402,23,254,277,-0.8339,true
TX,48307-Precinct 403,14,103,118,-0.7542,true
TX,48309-Precinct 1,93,56,152,0.2434,true
TX,48309-Precinct 2,115,84,206,0.1505,true
TX,48309-Precinct 3,766,1132,1936,-0.189,true
TX,48309-Precinct 4,44,51,96,-0.0729,true
TX,48309-Precinct 5,231,119,355,0.3155,true
TX,48309-Precinct 6,239,137,381,0.2677,true
TX,48309-Precinct 7,450,288,762,0.2126,true
TX,48309-Precinct 8,425,270,713,0.2174,true
TX,48309-Precinct 9,282,158,447,0.2774,true
TX,48309-Precinct 10,618,188,814,0.5283,true
TX,48309-Precinct 11,619,1092,1742,-0.2715,true
TX,48309-Precinct 12,1170,139,1320,0.7811,true
TX,48309-Precinct 13,33,34,67,-0.0149,true
TX,48309-Precinct 14,534,107,647,0.66,true
TX,48309-Precinct 15,48,120,169,-0.426,true
TX,48309-Precinct 16,645,938,1605,-0.1826,true
TX,48309-Precinct 17,434,430,870,0.0046,true
TX,48309-Precinct 18,136,247,387,-0.2868,true
TX,48309-Precinct 19,870,1785,2683,-0.341,true
TX,48309-Precinct 20,172,145,320,0.0844,true
TX,48309-Precinct 21,245,240,492,0.0102,true
TX,48309-Precinct 22,120,125,253,-0.0198,true
TX,48309-Precinct 23,827,1833,2699,-0.3727,true
TX,48309-Precinct 24,144,419,567,-0.485,true
TX,48309-Precinct 25,483,343,833,0.1681,true
TX,48309-Precinct 26,199,182,388,0.0438,true
TX,48309-Precinct 27,258,128,388,0.3351,true
TX,48309-Precinct 28,338,310,668,0.0419,true
TX,48309-Precinct 29,202,174,380,0.0737,true
TX,48309-Precinct 30,594,561,1173,0.0281,true
TX,48309-Precinct 31,653,701,1379,-0.0348,true
TX,48309-Precinct 32,301,481,790,-0.2278,true
TX,48309-Precinct 33,486,646,1149,-0.1393,true
TX,48309-Precinct 34,392,573,979,-0.1849,true
TX,48309-Precinct 35,298,231,539,0.1243,true
TX,48309-Precinct 36,319,465,802,-0.182,true
TX,48309-Precinct 37,277,256,541,0.0388,true
TX,48309-Precinct 38,220,162,389,0.1491,true
TX,48309-Precinct 39,250,141,397,0.2746,true
TX,48309-Precinct 40,614,769,1393,-0.1113,true
TX,48309-Precinct 41,460,533,1003,-0.0728,true
TX,48309-Precinct 42,343,252,607,0.1499,true
TX,48309-Precinct 43,126,176,307,-0.1629,true
TX,48309-Precinct 44,838,2481,3360,-0.489,true
TX,48309-Precinct 45,155,146,304,0.0296,true
TX,48309-Precinct 46,93,47,145,0.3172,true
TX,48309-Precinct 47,188,114,310,0.2387,true
TX,48309-Precinct 48,132,105,241,0.112,true
TX,48309-Precinct 49,133,127,261,0.023,true
TX,48309-Precinct 50,368,311,690,0.0826,true
TX,48309-Precinct 51,1118,2087,3240,-0.2991,true
TX,48309-Precinct 52,260,416,689,-0.2264,true
TX,48309-Precinct 53A,21,48,69,-0.3913,true
TX,48309-Precinct 54,559,1171,1754,-0.3489,true
TX,48309-Precinct 55,1104,2401,3549,-0.3655,true
TX,48309-Precinct 56,225,197,428,0.0654,true
TX,48309-Precinct 57,450,490,959,-0.0417,true
TX,48309-Precinct 58,695,1015,1733,-0.1847,true
TX,48309-Precinct 59,694,2201,2925,-0.5152,true
TX,48309-Precinct 60,724,1951,2718,-0.4514,true
TX,48309-Precinct 61,748,1595,2366,-0.358,true
TX,48309-Precinct 62,953,1545,2530,-0.234,true
TX,48309-Precinct 63,980,2651,3680,-0.4541,true
TX,48309-Precinct 64,172,495,677,-0.4771,true
TX,48309-Precinct 65,134,816,953,-0.7156,true
TX,48309-Precinct 66,173,855,1037,-0.6577,true
TX,48309-Precinct 67,308,1929,2256,-0.7185,true
TX,48309-Precinct 68,148,748,901,-0.6659,true
TX,48309-Precinct 69,180,1188,1388,-0.7262,true
TX,48309-Precinct 70,37,298,340,-0.7676,true
TX,48309-Precinct 71,136,354,492,-0.4431,true
TX,48309-Precinct 72,193,601,797,-0.5119,true
TX,48309-Precinct 73,104,704,820,-0.7317,true
TX,48309-Precinct 74,103,522,626,-0.6693,true
TX,48309-Precinct 75,496,2232,2744,-0.6327,true
TX,48309-Precinct 76,330,1390,1737,-0.6102,true
TX,48309-Precinct 77,195,1086,1289,-0.6912,true
TX,48309-Precinct 78,665,2127,2816,-0.5192,true
TX,48309-Precinct 79,248,704,964,-0.473,true
TX,48309-Precinct 80A,183,1797,1994,-0.8094,true
TX,48309-Precinct 81,585,2775,3393,-0.6454,true
TX,48309-Precinct 82,435,1735,2185,-0.595,true
TX,48309-Precinct 83,87,351,439,-0.6014,true
TX,48309-Precinct 84,442,1137,1593,-0.4363,true
TX,48309-Precinct 85,239,273,521,-0.0653,true
TX,48309-Precinct 86,609,449,1067,0.15,true
TX,48309-Precinct 87,398,409,813,-0.0135,true
TX,48309-Precinct 88,140,133,274,0.0255,true
TX,48309-Precinct 89,28,12,40,0.4,true
TX,48309-Precinct 90,109,204,313,-0.3035,true
TX,48309-Precinct 91,475,962,1464,-0.3327,true
TX,48311-Precinct 1,6,85,91,-0.8681,true
TX,48311-Precinct 2,12,142,154,-0.8442,true
TX,48311-Precinct 3,9,106,116,-0.8362,true
TX,48311-Precinct 4,10,115,126,-0.8333,true
TX,48313-Precinct 101,189,1007,1202,-0.6805,true
TX,48313-Precinct 202,240,1185,1432,-0.6599,true
TX,48313-Precinct 303,355,802,1164,-0.384,true
TX,48313-Precinct 404,180,1504,1691,-0.783,true
TX,48315-Precinct 1,98,326,428,-0.5327,true
TX,48315-Precinct 2,112,668,789,-0.7047,true
TX,48315-Precinct 3,67,364,435,-0.6828,true
TX,48315-Precinct 4,111,195,306,-0.2745,true
TX,48315-Precinct 5,90,449,541,-0.6636,true
TX,48315-Precinct 6,159,438,601,-0.4642,true
TX,48315-Precinct 7,211,305,519,-0.1811,true
TX,48315-Precinct 8,132,442,581,-0.5336,true
TX,48315-Precinct 9,55,220,276,-0.5978,true
TX,48315-Precinct 10,66,170,238,-0.437,true
TX,48317-Precinct 1,76,483,563,-0.7229,true
TX,48317-Precinct 2,70,305,379,-0.6201,true
TX,48317-Precinct 3,41,440,484,-0.8244,true
TX,48317-Precinct 4,40,336,379,-0.781,true
TX,48317-Precinct 3A,8,134,142,-0.8873,true
TX,48317-Precinct 4A,12,127,139,-0.8273,true
TX,48319-Precinct 101,126,512,644,-0.5994,true
TX,48319-Precinct 210,98,455,556,-0.6421,true
TX,48319-Precinct 302,101,561,668,-0.6886,true
TX,48319-Precinct 405,109,548,661,-0.6641,true
TX,48321-Precinct 2,97,464,565,-0.6496,true
TX,48321-Precinct 4,107,846,955,-0.7738,true
TX,48321-Precinct 5,279,1108,1400,-0.5921,true
TX,48321-Precinct 6,204,928,1142,-0.634,true
TX,48321-Precinct 7,11,145,160,-0.8375,true
TX,48321-Precinct 8,95,437,536,-0.6381,true
TX,48321-Precinct 9,45,81,126,-0.2857,true
TX,48321-Precinct 10,38,228,269,-0.7063,true
TX,48321-Precinct 12,26,152,179,-0.7039,true
TX,48321-Precinct 13,70,188,261,-0.4521,true
TX,48321-Precinct 1A,313,1350,1671,-0.6206,true
TX,48321-Precinct 1B,511,1372,1898,-0.4536,true
TX,48321-Precinct 1C,336,159,505,0.3505,true
TX,48321-Precinct 1D,214,388,613,-0.2838,true
TX,48321-Precinct 1E,322,513,844,-0.2263,true
TX,48321-Precinct 1F,130,297,430,-0.3884,true
TX,48321-Precinct 3A,331,824,1173,-0.4203,true
TX,48321-Precinct 3B,102,477,585,-0.641,true
TX,48323-Precinct 1A,318,454,774,-0.1757,true
TX,48323-Precinct 1B,314,454,773,-0.1811,true
TX,48323-Precinct 1C,808,1162,1987,-0.1782,true
TX,48323-Precinct 1D,214,312,526,-0.1863,true
TX,48323-Precinct 2A,184,267,451,-0.184,true
TX,48323-Precinct 2B,466,676,1150,-0.1826,true
TX,48323-Precinct 2C,628,907,1546,-0.1805,true
TX,48323-Precinct 2D,22,33,55,-0.2,true
TX,48323-Precinct 2E,115,170,289,-0.1903,true
TX,48323-Precinct 3A,622,901,1530,-0.1824,true
TX,48323-Precinct 3B,910,1324,2247,-0.1842,true
TX,48323-Precinct 3C,70,147,217,-0.3548,true
TX,48323-Precinct 4A,349,517,866,-0.194,true
TX,48323-Precinct 4B,604,877,1493,-0.1829,true
TX,48323-Precinct 4C,112,166,280,-0.1929,true
TX,48323-Precinct 4D,637,918,1561,-0.18,true
TX,48325-Precinct 1A,541,1192,1751,-0.3718,true
TX,48325-Precinct 1B,402,1805,2218,-0.6326,true
TX,48325-Precinct 1C,817,1480,2313,-0.2866,true
TX,48325-Precinct 1D,211,929,1149,-0.6249,true
TX,48325-Precinct 2A,797,921,1740,-0.0713,true
TX,48325-Precinct 2B,518,1729,2267,-0.5342,true
TX,48325-Precinct 2C,723,2151,2901,-0.4922,true
TX,48325-Precinct 3A,193,812,1017,-0.6087,true
TX,48325-Precinct 3B,88,375,469,-0.6119,true
TX,48325-Precinct 3C,443,1209,1664,-0.4603,true
TX,48325-Precinct 3D,748,1179,1937,-0.2225,true
TX,48325-Precinct 3E,8,113,121,-0.8678,true
TX,48325-Precinct 4A,235,948,1193,-0.5977,true
TX,48325-Precinct 4B,640,1665,2322,-0.4414,true
TX,48325-Precinct 4C,586,956,1555,-0.2379,true
TX,48327-Precinct 1,43,173,216,-0.6019,true
TX,48327-Precinct 2,41,183,225,-0.6311,true
TX,48327-Precinct 3,36,237,277,-0.7256,true
TX,48327-Precinct 4A,35,136,171,-0.5906,true
TX,48327-Precinct 4B,0,3,3,-1,true
TX,48327-Precinct 5,7,43,50,-0.72,true
TX,48327-Precinct 6,8,86,98,-0.7959,true
TX,48329-Precinct 101,59,550,613,-0.801,true
TX,48329-Precinct 102,400,1537,1964,-0.5789,true
TX,48329-Precinct 103,484,1738,2249,-0.5576,true
TX,48329-Precinct 104,134,304,444,-0.3829,true
TX,48329-Precinct 105,212,715,934,-0.5385,true
TX,48329-Precinct 106,528,1520,2068,-0.4797,true
TX,48329-Precinct 107,367,1414,1805,-0.5801,true
TX,48329-Precinct 108,52,207,259,-0.5985,true
TX,48329-Precinct 109,129,251,387,-0.3152,true
TX,48329-Precinct 110,303,1982,2309,-0.7272,true
TX,48329-Precinct 201,212,1420,1640,-0.7366,true
TX,48329-Precinct 202,140,2087,2242,-0.8684,true
TX,48329-Precinct 203,68,433,507,-0.7199,true
TX,48329-Precinct 204,417,2397,2861,-0.6921,true
TX,48329-Precinct 205,226,976,1223,-0.6132,true
TX,48329-Precinct 206,218,1031,1279,-0.6357,true
TX,48329-Precinct 207,416,1395,1838,-0.5326,true
TX,48329-Precinct 208,127,326,464,-0.4289,true
TX,48329-Precinct 210,202,726,946,-0.5539,true
TX,48329-Precinct 211,656,2815,3506,-0.6158,true
TX,48329-Precinct 302,275,1437,1728,-0.6725,true
TX,48329-Precinct 303,45,125,173,-0.4624,true
TX,48329-Precinct 304,229,413,644,-0.2857,true
TX,48329-Precinct 305,318,315,639,0.0047,true
TX,48329-Precinct 306,706,675,1397,0.0222,true
TX,48329-Precinct 307,186,504,698,-0.4556,true
TX,48329-Precinct 308,761,913,1688,-0.09,true
TX,48329-Precinct 309,48,121,171,-0.4269,true
TX,48329-Precinct 310,85,272,359,-0.5209,true
TX,48329-Precinct 401,66,813,883,-0.846,true
TX,48329-Precinct 402,124,620,760,-0.6526,true
TX,48329-Precinct 403,372,1885,2292,-0.6601,true
TX,48329-Precinct 404,295,1405,1723,-0.6442,true
TX,48329-Precinct 405,311,1363,1695,-0.6206,true
TX,48329-Precinct 406,334,1589,1945,-0.6452,true
TX,48329-Precinct 407,373,1320,1702,-0.5564,true
TX,48329-Precinct 408,223,1811,2051,-0.7743,true
TX,48329-Precinct 409,247,1237,1498,-0.6609,true
TX,48329-Precinct 410,204,1437,1663,-0.7414,true
TX,48329-Precinct 411,329,2128,2489,-0.7228,true
TX,48329-Precinct 101A,0,1,1,-1,true
TX,48329-Precinct 108A,31,205,238,-0.7311,true
TX,48329-Precinct 202A,225,2130,2364,-0.8058,true
TX,48329-Precinct 307A,212,385,611,-0.2831,true
TX,48329-Precinct 309A,2,16,18,-0.7778,true
TX,48331-Precinct 101,357,1308,1679,-0.5664,true
TX,48331-Precinct 105,156,770,936,-0.656,true
TX,48331-Precinct 203,44,215,260,-0.6577,true
TX,48331-Precinct 207,103,278,386,-0.4534,true
TX,48331-Precinct 210,74,348,423,-0.6478,true
TX,48331-Precinct 212,336,854,1198,-0.4324,true
TX,48331-Precinct 316,108,421,531,-0.5895,true
TX,48331-Precinct 317,119,843,964,-0.751,true
TX,48331-Precinct 318,429,1310,1757,-0.5014,true
TX,48331-Precinct 419,314,922,1239,-0.4907,true
TX,48331-Precinct 420,291,1422,1725,-0.6557,true
TX,48333-Precinct 1,74,659,737,-0.7938,true
TX,48333-Precinct 2,31,349,381,-0.8346,true
TX,48333-Precinct 4,30,237,269,-0.7695,true
TX,48333-Precinct 6,25,192,217,-0.7696,true
TX,48333-Precinct 8,69,448,520,-0.7288,true
TX,48333-Precinct 9,65,402,471,-0.7155,true
TX,48333-Precinct 11,16,131,147,-0.7823,true
TX,48335-Precinct 1,96,593,693,-0.7172,true
TX,48335-Precinct 2,88,434,524,-0.6603,true
TX,48335-Precinct 3,107,573,686,-0.6793,true
TX,48335-Precinct 4,61,544,610,-0.7918,true
TX,48337-Precinct 2,224,1847,2082,-0.7795,true
TX,48337-Precinct 3,123,971,1098,-0.7723,true
TX,48337-Precinct 4,42,417,462,-0.8117,true
TX,48337-Precinct 5,88,693,789,-0.7668,true
TX,48337-Precinct 6,85,621,711,-0.7539,true
TX,48337-Precinct 7,85,805,892,-0.8072,true
TX,48337-Precinct 8,73,621,700,-0.7829,true
TX,48337-Precinct 9,122,887,1012,-0.7559,true
TX,48337-Precinct 10,95,724,828,-0.7597,true
TX,48337-Precinct 11,90,641,732,-0.7527,true
TX,48337-Precinct 12,9,97,106,-0.8302,true
TX,48337-Precinct 13,78,700,782,-0.7954,true
TX,48337-Precinct 14,16,193,209,-0.8469,true
TX,48337-Precinct 15,52,390,447,-0.7562,true
TX,48337-Precinct 16,26,218,247,-0.7773,true
TX,48339-Precinct 1,1071,2484,3584,-0.3943,true
TX,48339-Precinct 2,788,1824,2632,-0.3936,true
TX,48339-Precinct 3,1216,2591,3867,-0.3556,true
TX,48339-Precinct 4,526,684,1242,-0.1272,true
TX,48339-Precinct 5,25,247,273,-0.8132,true
TX,48339-Precinct 6,1010,1853,2914,-0.2893,true
TX,48339-Precinct 7,348,1265,1624,-0.5647,true
TX,48339-Precinct 8,418,2459,2896,-0.7048,true
TX,48339-Precinct 9,254,1331,1592,-0.6765,true
TX,48339-Precinct 10,740,498,1245,0.1944,true
TX,48339-Precinct 11,348,1467,1828,-0.6121,true
TX,48339-Precinct 12,435,1237,1686,-0.4757,true
TX,48339-Precinct 13,299,1618,1926,-0.6848,true
TX,48339-Precinct 14,936,2314,3281,-0.42,true
TX,48339-Precinct 15,599,2178,2806,-0.5627,true
TX,48339-Precinct 16,437,2384,2836,-0.6865,true
TX,48339-Precinct 17,651,2756,3439,-0.6121,true
TX,48339-Precinct 18,857,3008,3889,-0.5531,true
TX,48339-Precinct 19,513,2643,3169,-0.6721,true
TX,48339-Precinct 20,441,779,1231,-0.2746,true
TX,48339-Precinct 21,797,1744,2570,-0.3685,true
TX,48339-Precinct 22,514,2801,3330,-0.6868,true
TX,48339-Precinct 23,799,2357,3178,-0.4902,true
TX,48339-Precinct 24,662,1581,2257,-0.4072,true
TX,48339-Precinct 25,271,1146,1434,-0.6102,true
TX,48339-Precinct 26,769,1946,2735,-0.4303,true
TX,48339-Precinct 27,500,1045,1560,-0.3494,true
TX,48339-Precinct 28A,538,2516,3070,-0.6443,true
TX,48339-Precinct 28B,9,43,52,-0.6538,true
TX,48339-Precinct 28C,6,26,32,-0.625,true
TX,48339-Precinct 29,538,3027,3588,-0.6937,true
TX,48339-Precinct 30,625,3580,4236,-0.6976,true
TX,48339-Precinct 31,1199,2389,3632,-0.3276,true
TX,48339-Precinct 32,811,1103,1947,-0.15,true
TX,48339-Precinct 33,1057,1986,3090,-0.3006,true
TX,48339-Precinct 34,564,1718,2309,-0.4998,true
TX,48339-Precinct 35,1099,2317,3456,-0.3524,true
TX,48339-Precinct 36,1070,2551,3650,-0.4058,true
TX,48339-Precinct 37,809,1500,2337,-0.2957,true
TX,48339-Precinct 38,476,2670,3162,-0.6939,true
TX,48339-Precinct 39,296,2367,2677,-0.7736,true
TX,48339-Precinct 40,1049,2965,4041,-0.4741,true
TX,48339-Precinct 41,715,2751,3491,-0.5832,true
TX,48339-Precinct 42,81,441,525,-0.6857,true
TX,48339-Precinct 43A,799,3043,3874,-0.5792,true
TX,48339-Precinct 43B,1,8,9,-0.7778,true
TX,48339-Precinct 43C,1,7,8,-0.75,true
TX,48339-Precinct 43D,1,7,8,-0.75,true
TX,48339-Precinct 43E,9,32,41,-0.561,true
TX,48339-Precinct 44,550,1183,1751,-0.3615,true
TX,48339-Precinct 45,687,1391,2112,-0.3333,true
TX,48339-Precinct 46,1258,2125,3432,-0.2526,true
TX,48339-Precinct 47,722,996,1734,-0.158,true
TX,48339-Precinct 48,685,1076,1782,-0.2194,true
TX,48339-Precinct 49,653,1017,1691,-0.2153,true
TX,48339-Precinct 50,717,3488,4226,-0.6557,true
TX,48339-Precinct 51,501,770,1285,-0.2093,true
TX,48339-Precinct 52,612,1899,2547,-0.5053,true
TX,48339-Precinct 53A,1357,2704,4100,-0.3285,true
TX,48339-Precinct 53B,66,136,204,-0.3431,true
TX,48339-Precinct 54,572,1932,2523,-0.539,true
TX,48339-Precinct 55,234,769,1007,-0.5313,true
TX,48339-Precinct 56,1378,2516,3940,-0.2888,true
TX,48339-Precinct 57,455,2105,2571,-0.6418,true
TX,48339-Precinct 58,667,1235,1932,-0.294,true
TX,48339-Precinct 59,433,845,1296,-0.3179,true
TX,48339-Precinct 60,549,1050,1621,-0.3091,true
TX,48339-Precinct 61,1473,2081,3610,-0.1684,true
TX,48339-Precinct 62,804,1192,2017,-0.1924,true
TX,48339-Precinct 63A,608,2958,3591,-0.6544,true
TX,48339-Precinct 63B,9,41,50,-0.64,true
TX,48339-Precinct 64,245,918,1168,-0.5762,true
TX,48339-Precinct 65,545,3200,3767,-0.7048,true
TX,48339-Precinct 66,662,2713,3407,-0.602,true
TX,48339-Precinct 67,780,1159,1965,-0.1929,true
TX,48339-Precinct 68,1042,2435,3514,-0.3964,true
TX,48339-Precinct 69,1150,2000,3197,-0.2659,true
TX,48339-Precinct 70,765,1266,2062,-0.243,true
TX,48339-Precinct 71,1239,2173,3459,-0.27,true
TX,48339-Precinct 72,660,3163,3851,-0.65,true
TX,48339-Precinct 73,417,1086,1512,-0.4425,true
TX,48339-Precinct 74,418,1286,1723,-0.5038,true
TX,48339-Precinct 75,1090,2041,3171,-0.2999,true
TX,48339-Precinct 76,738,2986,3752,-0.5991,true
TX,48339-Precinct 77,594,2765,3372,-0.6438,true
TX,48339-Precinct 78,1318,2386,3752,-0.2846,true
TX,48339-Precinct 79,535,897,1453,-0.2491,true
TX,48339-Precinct 80A,1037,2366,3443,-0.386,true
TX,48339-Precinct 80B,31,70,101,-0.3861,true
TX,48339-Precinct 81,1102,2226,3355,-0.335,true
TX,48339-Precinct 82,838,2050,2918,-0.4154,true
TX,48339-Precinct 83,241,1250,1501,-0.6722,true
TX,48339-Precinct 84,1292,1516,2853,-0.0785,true
TX,48339-Precinct 85,444,2191,2655,-0.658,true
TX,48339-Precinct 86,405,1727,2152,-0.6143,true
TX,48339-Precinct 87,1468,2761,4284,-0.3018,true
TX,48339-Precinct 88A,1381,2307,3741,-0.2475,true
TX,48339-Precinct 88B,6,14,20,-0.4,true
TX,48339-Precinct 89,632,2458,3123,-0.5847,true
TX,48339-Precinct 90,801,3398,4229,-0.6141,true
TX,48339-Precinct 91A,581,3067,3676,-0.6763,true
TX,48339-Precinct 91B,1,10,11,-0.8182,true
TX,48339-Precinct 92,1438,2137,3619,-0.1931,true
TX,48339-Precinct 93,792,2209,3024,-0.4686,true
TX,48339-Precinct 94,1121,1927,3083,-0.2614,true
TX,48339-Precinct 95,1141,1610,2796,-0.1677,true
TX,48339-Precinct 96,1362,2248,3664,-0.2418,true
TX,48339-Precinct 97,631,3026,3685,-0.6499,true
TX,48339-Precinct 98,672,953,1651,-0.1702,true
TX,48339-Precinct 99,611,2832,3460,-0.6419,true
TX,48339-Precinct 100,1453,2685,4203,-0.2931,true
TX,48339-Precinct 101,752,1112,1899,-0.1896,true
TX,48339-Precinct 102,863,3152,4047,-0.5656,true
TX,48339-Precinct 103,1089,1935,3067,-0.2758,true
TX,48339-Precinct 104,522,1332,1883,-0.4302,true
TX,48339-Precinct 105,506,2630,3156,-0.673,true
TX,48339-Precinct 106A,491,2739,3250,-0.6917,true
TX,48339-Precinct 106B,12,65,78,-0.6795,true
TX,48339-Precinct 107,7,17,24,-0.4167,true
TX,48339-Precinct 108,745,1455,2241,-0.3168,true
TX,48339-Precinct 109,684,1547,2257,-0.3824,true
TX,48339-Precinct 110,636,1668,2325,-0.4439,true
TX,48339-Precinct 111,334,1099,1445,-0.5294,true
TX,48339-Precinct 112,381,2119,2510,-0.6924,true
TX,48339-Precinct 113,609,2786,3423,-0.636,true
TX,48341-Precinct 101,253,961,1221,-0.5799,true
TX,48341-Precinct 201,120,893,1018,-0.7593,true
TX,48341-Precinct 202,118,983,1112,-0.7779,true
TX,48341-Precinct 203,7,45,53,-0.717,true
TX,48341-Precinct 301,219,789,1018,-0.5599,true
TX,48341-Precinct 401,69,661,730,-0.811,true
TX,48341-Precinct 402,74,126,207,-0.2512,true
TX,48343-Precinct 101,224,105,331,0.3595,true
TX,48343-Precinct 102,134,130,265,0.0151,true
TX,48343-Precinct 103,114,390,507,-0.5444,true
TX,48343-Precinct 202,95,643,746,-0.7346,true
TX,48343-Precinct 203,124,451,580,-0.5638,true
TX,48343-Precinct 302,175,522,703,-0.4936,true
TX,48343-Precinct 303,126,731,862,-0.7019,true
TX,48343-Precinct 401,320,1120,1452,-0.551,true
TX,48345-Precinct 1,9,184,194,-0.9021,true
TX,48345-Precinct 2,3,63,66,-0.9091,true
TX,48345-Precinct 3,1,10,11,-0.8182,true
TX,48345-Precinct 4,13,141,156,-0.8205,true
TX,48345-Precinct 5,2,87,89,-0.9551,true
TX,48345-Precinct 6,7,127,134,-0.8955,true
TX,48347-Precinct 12,216,1304,1529,-0.7116,true
TX,48347-Precinct 13,174,931,1110,-0.682,true
TX,48347-Precinct 14,435,1729,2177,-0.5944,true
TX,48347-Precinct 15,139,1037,1182,-0.7597,true
TX,48347-Precinct 16,445,1646,2112,-0.5687,true
TX,48347-Precinct 21,278,1063,1357,-0.5785,true
TX,48347-Precinct 24,491,328,831,0.1961,true
TX,48347-Precinct 26,897,960,1873,-0.0336,true
TX,48347-Precinct 27,495,55,552,0.7971,true
TX,48347-Precinct 32,757,1033,1807,-0.1527,true
TX,48347-Precinct 33,857,1826,2717,-0.3566,true
TX,48347-Precinct 34,1169,783,1981,0.1949,true
TX,48347-Precinct 41,326,398,729,-0.0988,true
TX,48347-Precinct 42,334,762,1102,-0.3884,true
TX,48347-Precinct 43,193,758,956,-0.591,true
TX,48347-Precinct 44,189,1101,1302,-0.7005,true
TX,48347-Precinct 45,87,598,689,-0.7417,true
TX,48347-Precinct 46,127,623,752,-0.6596,true
TX,48347-Precinct 47,81,640,728,-0.7679,true
TX,48349-Precinct 101,292,598,897,-0.3411,true
TX,48349-Precinct 103,289,998,1300,-0.5454,true
TX,48349-Precinct 104,88,433,525,-0.6571,true
TX,48349-Precinct 105,17,194,212,-0.8349,true
TX,48349-Precinct 106,76,325,403,-0.6179,true
TX,48349-Precinct 107,209,632,849,-0.4982,true
TX,48349-Precinct 108,68,271,342,-0.5936,true
TX,48349-Precinct 109,54,238,295,-0.6237,true
TX,48349-Precinct 200,336,325,666,0.0165,true
TX,48349-Precinct 201,278,75,357,0.5686,true
TX,48349-Precinct 202,202,154,362,0.1326,true
TX,48349-Precinct 203,422,1183,1623,-0.4689,true
TX,48349-Precinct 204,54,153,209,-0.4737,true
TX,48349-Precinct 205,196,1015,1229,-0.6664,true
TX,48349-Precinct 206,71,416,493,-0.6998,true
TX,48349-Precinct 300,475,776,1267,-0.2376,true
TX,48349-Precinct 301,69,121,193,-0.2694,true
TX,48349-Precinct 303,153,704,863,-0.6385,true
TX,48349-Precinct 304,94,606,704,-0.7273,true
TX,48349-Precinct 305,58,314,374,-0.6845,true
TX,48349-Precinct 306,30,169,199,-0.6985,true
TX,48349-Precinct 307,56,285,342,-0.6696,true
TX,48349-Precinct 308,60,308,372,-0.6667,true
TX,48349-Precinct 400,298,823,1131,-0.4642,true
TX,48349-Precinct 401,96,199,298,-0.3456,true
TX,48349-Precinct 402,283,1173,1469,-0.6059,true
TX,48349-Precinct 403,139,980,1123,-0.7489,true
TX,48349-Precinct 404,151,750,907,-0.6604,true
TX,48349-Precinct 405,75,571,649,-0.7643,true
TX,48349-Precinct 406,19,194,214,-0.8178,true
TX,48351-Precinct 1,67,470,539,-0.7477,true
TX,48351-Precinct 2,35,205,240,-0.7083,true
TX,48351-Precinct 3,22,334,357,-0.8739,true
TX,48351-Precinct 4,25,118,144,-0.6458,true
TX,48351-Precinct 5,28,332,360,-0.8444,true
TX,48351-Precinct 6,165,358,524,-0.3683,true
TX,48351-Precinct 7,17,71,89,-0.6067,true
TX,48351-Precinct 8A,45,150,195,-0.5385,true
TX,48351-Precinct 8B,14,46,60,-0.5333,true
TX,48351-Precinct 9,34,111,145,-0.531,true
TX,48351-Precinct 10,24,274,298,-0.8389,true
TX,48351-Precinct 11,28,347,376,-0.8484,true
TX,48351-Precinct 12,12,168,181,-0.8619,true
TX,48351-Precinct 13,48,549,601,-0.8336,true
TX,48351-Precinct 14,71,96,167,-0.1497,true
TX,48351-Precinct 15,10,126,137,-0.8467,true
TX,48351-Precinct 16,41,227,268,-0.694,true
TX,48351-Precinct 17,38,12,50,0.52,true
TX,48351-Precinct 18,15,163,179,-0.8268,true
TX,48351-Precinct 19,8,150,158,-0.8987,true
TX,48351-Precinct 20,71,25,97,0.4742,true
TX,48351-Precinct 21,21,222,245,-0.8204,true
TX,48351-Precinct 22,109,134,244,-0.1025,true
TX,48351-Precinct 23,4,93,97,-0.9175,true
TX,48353-Precinct 1,131,384,518,-0.4884,true
TX,48353-Precinct 2,120,572,700,-0.6457,true
TX,48353-Precinct 3,230,707,946,-0.5042,true
TX,48353-Precinct 4,224,599,837,-0.448,true
TX,48353-Precinct 5,22,95,118,-0.6186,true
TX,48353-Precinct 6,106,533,645,-0.662,true
TX,48353-Precinct 7,12,199,213,-0.8779,true
TX,48353-Precinct 8,10,109,120,-0.825,true
TX,48353-Precinct 9,165,850,1025,-0.6683,true
TX,48355-Precinct 1,330,357,696,-0.0388,true
TX,48355-Precinct 2,711,716,1445,-0.0035,true
TX,48355-Precinct 3,1152,1338,2516,-0.0739,true
TX,48355-Precinct 4,713,531,1255,0.145,true
TX,48355-Precinct 5,489,577,1081,-0.0814,true
TX,48355-Precinct 6,586,1363,1973,-0.3938,true
TX,48355-Precinct 7,168,104,278,0.2302,true
TX,48355-Precinct 8A,619,904,1542,-0.1848,true
TX,48355-Precinct 8B,7,12,19,-0.2632,true
TX,48355-Precinct 9,412,784,1202,-0.3095,true
TX,48355-Precinct 10,159,684,847,-0.6198,true
TX,48355-Precinct 11,131,200,335,-0.206,true
TX,48355-Precinct 12,368,427,799,-0.0738,true
TX,48355-Precinct 13,237,159,400,0.195,true
TX,48355-Precinct 14,60,167,227,-0.4714,true
TX,48355-Precinct 15,174,258,436,-0.1927,true
TX,48355-Precinct 16,455,1020,1486,-0.3802,true
TX,48355-Precinct 17,815,807,1638,0.0049,true
TX,48355-Precinct 18,540,997,1551,-0.2946,true
TX,48355-Precinct 19,641,1643,2315,-0.4328,true
TX,48355-Precinct 20,969,675,1654,0.1778,true
TX,48355-Precinct 21,80,177,260,-0.3731,true
TX,48355-Precinct 22,95,155,253,-0.2372,true
TX,48355-Precinct 23,338,1233,1582,-0.5657,true
TX,48355-Precinct 24,178,129,309,0.1586,true
TX,48355-Precinct 25,95,269,369,-0.4715,true
TX,48355-Precinct 26,1175,1924,3127,-0.2395,true
TX,48355-Precinct 27,130,203,334,-0.2186,true
TX,48355-Precinct 28,24,133,160,-0.6813,true
TX,48355-Precinct 29,992,1270,2290,-0.1214,true
TX,48355-Precinct 30,33,14,48,0.3958,true
TX,48355-Precinct 31,112,70,182,0.2308,true
TX,48355-Precinct 32,562,589,1156,-0.0234,true
TX,48355-Precinct 33,116,78,197,0.1929,true
TX,48355-Precinct 34,112,105,218,0.0321,true
TX,48355-Precinct 35,218,125,347,0.268,true
TX,48355-Precinct 36,212,213,426,-0.0023,true
TX,48355-Precinct 37,373,252,631,0.1918,true
TX,48355-Precinct 38,48,9,58,0.6724,true
TX,48355-Precinct 39,125,121,252,0.0159,true
TX,48355-Precinct 40,756,2335,3127,-0.505,true
TX,48355-Precinct 41,89,57,147,0.2177,true
TX,48355-Precinct 42,117,134,256,-0.0664,true
TX,48355-Precinct 43,132,68,202,0.3168,true
TX,48355-Precinct 44,176,113,296,0.2128,true
TX,48355-Precinct 45,92,43,139,0.3525,true
TX,48355-Precinct 46,58,27,85,0.3647,true
TX,48355-Precinct 47,62,41,106,0.1981,true
TX,48355-Precinct 48,443,377,834,0.0791,true
TX,48355-Precinct 49,197,468,666,-0.4069,true
TX,48355-Precinct 50,160,128,290,0.1103,true
TX,48355-Precinct 51,419,401,830,0.0217,true
TX,48355-Precinct 52,266,113,383,0.3995,true
TX,48355-Precinct 53,204,131,338,0.216,true
TX,48355-Precinct 54,424,252,679,0.2533,true
TX,48355-Precinct 55,301,180,481,0.2516,true
TX,48355-Precinct 56,222,137,363,0.2342,true
TX,48355-Precinct 57,197,183,382,0.0366,true
TX,48355-Precinct 58,411,320,740,0.123,true
TX,48355-Precinct 59,465,359,833,0.1273,true
TX,48355-Precinct 60,231,93,324,0.4259,true
TX,48355-Precinct 61,197,71,268,0.4701,true
TX,48355-Precinct 62,187,114,303,0.2409,true
TX,48355-Precinct 63,677,798,1491,-0.0812,true
TX,48355-Precinct 64,287,353,649,-0.1017,true
TX,48355-Precinct 65,974,1146,2158,-0.0797,true
TX,48355-Precinct 66,394,307,708,0.1229,true
TX,48355-Precinct 67,1171,1437,2632,-0.1011,true
TX,48355-Precinct 68,302,202,505,0.198,true
TX,48355-Precinct 69,522,420,951,0.1073,true
TX,48355-Precinct 70,682,515,1211,0.1379,true
TX,48355-Precinct 71,416,229,654,0.2859,true
TX,48355-Precinct 72,423,312,739,0.1502,true
TX,48355-Precinct 73,385,207,599,0.2972,true
TX,48355-Precinct 74,419,204,632,0.3402,true
TX,48355-Precinct 75,502,232,744,0.3629,true
TX,48355-Precinct 76,134,90,225,0.1956,true
TX,48355-Precinct 77,74,21,97,0.5464,true
TX,48355-Precinct 78,447,229,680,0.3206,true
TX,48355-Precinct 79,306,164,479,0.2965,true
TX,48355-Precinct 80,385,181,572,0.3566,true
TX,48355-Precinct 81,754,2145,2937,-0.4736,true
TX,48355-Precinct 82,123,87,214,0.1682,true
TX,48355-Precinct 83,261,133,397,0.3224,true
TX,48355-Precinct 84,200,192,398,0.0201,true
TX,48355-Precinct 85,128,54,183,0.4044,true
TX,48355-Precinct 86,221,193,420,0.0667,true
TX,48355-Precinct 87,406,387,803,0.0237,true
TX,48355-Precinct 88,635,756,1410,-0.0858,true
TX,48355-Precinct 89,142,166,310,-0.0774,true
TX,48355-Precinct 90,232,201,433,0.0716,true
TX,48355-Precinct 91,943,1026,1992,-0.0417,true
TX,48355-Precinct 92A,591,549,1161,0.0362,true
TX,48355-Precinct 92B,22,20,42,0.0476,true
TX,48355-Precinct 93,787,578,1378,0.1517,true
TX,48355-Precinct 94,586,511,1109,0.0676,true
TX,48355-Precinct 95,222,116,345,0.3072,true
TX,48355-Precinct 96,247,163,412,0.2039,true
TX,48355-Precinct 97,296,130,429,0.3869,true
TX,48355-Precinct 98,489,198,694,0.4193,true
TX,48355-Precinct 99,116,73,191,0.2251,true
TX,48355-Precinct 100,294,408,708,-0.161,true
TX,48355-Precinct 101,697,1160,1863,-0.2485,true
TX,48355-Precinct 102,366,591,964,-0.2334,true
TX,48355-Precinct 103,599,1236,1852,-0.344,true
TX,48355-Precinct 104,165,137,302,0.0927,true
TX,48355-Precinct 105,237,145,388,0.2371,true
TX,48355-Precinct 106,620,635,1270,-0.0118,true
TX,48355-Precinct 107,801,2223,3049,-0.4664,true
TX,48355-Precinct 108,157,190,351,-0.094,true
TX,48355-Precinct 109,151,159,313,-0.0256,true
TX,48355-Precinct 110,274,493,776,-0.2822,true
TX,48355-Precinct 111,197,373,579,-0.304,true
TX,48355-Precinct 112,643,700,1348,-0.0423,true
TX,48355-Precinct 113,118,57,175,0.3486,true
TX,48355-Precinct 114,139,127,269,0.0446,true
TX,48355-Precinct 115,498,569,1083,-0.0656,true
TX,48355-Precinct 116,1273,1319,2620,-0.0176,true
TX,48355-Precinct 117,538,1474,2034,-0.4602,true
TX,48355-Precinct 118,723,606,1352,0.0865,true
TX,48355-Precinct 119,756,1060,1837,-0.1655,true
TX,48355-Precinct 120,540,613,1165,-0.0627,true
TX,48355-Precinct 121,418,397,826,0.0254,true
TX,48355-Precinct 122,797,1979,2803,-0.4217,true
TX,48355-Precinct 123,431,933,1372,-0.3659,true
TX,48355-Precinct 124,872,1096,1981,-0.1131,true
TX,48355-Precinct 125,863,1194,2072,-0.1597,true
TX,48355-Precinct 126,1520,2541,4099,-0.2491,true
TX,48355-Precinct 127,373,900,1284,-0.4104,true
TX,48355-Precinct 128,830,1052,1901,-0.1168,true
TX,48355-Precinct 129,897,1172,2092,-0.1315,true
TX,48357-Precinct 1,46,375,423,-0.7778,true
TX,48357-Precinct 2,66,563,630,-0.7889,true
TX,48357-Precinct 3,82,1026,1113,-0.8482,true
TX,48357-Precinct 4,75,759,844,-0.8104,true
TX,48359-Precinct 101,18,97,116,-0.681,true
TX,48359-Precinct 103,4,125,131,-0.9237,true
TX,48359-Precinct 202,16,104,120,-0.7333,true
TX,48359-Precinct 203,8,173,182,-0.9066,true
TX,48359-Precinct 303,13,187,200,-0.87,true
TX,48359-Precinct 403,8,101,109,-0.8532,true
TX,48359-Precinct 404,7,108,116,-0.8707,true
TX,48361-Precinct 1,26,169,196,-0.7296,true
TX,48361-Precinct 2,338,237,579,0.1744,true
TX,48361-Precinct 3,477,118,598,0.6003,true
TX,48361-Precinct 4,131,15,148,0.7838,true
TX,48361-Precinct 5,429,438,874,-0.0103,true
TX,48361-Precinct 6,201,985,1194,-0.6566,true
TX,48361-Precinct 7,282,872,1165,-0.5064,true
TX,48361-Precinct 8,259,1539,1809,-0.7076,true
TX,48361-Precinct 9,213,1345,1562,-0.7247,true
TX,48361-Precinct 10,107,475,587,-0.6269,true
TX,48361-Precinct 11,70,243,318,-0.544,true
TX,48361-Precinct 12,150,548,704,-0.5653,true
TX,48361-Precinct 13,262,466,730,-0.2795,true
TX,48361-Precinct 14,323,721,1049,-0.3794,true
TX,48361-Precinct 15,245,956,1208,-0.5886,true
TX,48361-Precinct 16,139,1697,1851,-0.8417,true
TX,48361-Precinct 17,116,1198,1322,-0.8185,true
TX,48361-Precinct 18,170,1175,1354,-0.7422,true
TX,48361-Precinct 19,128,906,1043,-0.7459,true
TX,48361-Precinct 20,120,816,946,-0.7357,true
TX,48361-Precinct 21,23,131,156,-0.6923,true
TX,48361-Precinct 22,86,614,704,-0.75,true
TX,48361-Precinct 23,203,2019,2228,-0.8151,true
TX,48361-Precinct 24,103,967,1077,-0.8022,true
TX,48361-Precinct 25,137,1043,1187,-0.7633,true
TX,48361-Precinct 26,186,1290,1486,-0.7429,true
TX,48361-Precinct 27,151,1267,1428,-0.7815,true
TX,48361-Precinct 28,242,2168,2420,-0.7959,true
TX,48361-Precinct 29,65,644,715,-0.8098,true
TX,48361-Precinct 30,82,663,753,-0.7716,true
TX,48361-Precinct 31,120,1162,1295,-0.8046,true
TX,48361-Precinct 32,110,1362,1477,-0.8477,true
TX,48361-Precinct 33,130,973,1115,-0.7561,true
TX,48361-Precinct 34,121,969,1099,-0.7716,true
TX,48363-Precinct 1,69,401,473,-0.7019,true
TX,48363-Precinct 2,1,17,18,-0.8889,true
TX,48363-Precinct 3,105,675,784,-0.727,true
TX,48363-Precinct 4,31,313,345,-0.8174,true
TX,48363-Precinct 5,70,274,350,-0.5829,true
TX,48363-Precinct 6,152,685,845,-0.6308,true
TX,48363-Precinct 7,43,414,461,-0.8048,true
TX,48363-Precinct 8,155,1321,1490,-0.7826,true
TX,48363-Precinct 9,49,323,372,-0.7366,true
TX,48363-Precinct 11,21,195,217,-0.8018,true
TX,48363-Precinct 12,42,261,303,-0.7228,true
TX,48363-Precinct 13,79,443,524,-0.6947,true
TX,48363-Precinct 14,13,100,115,-0.7565,true
TX,48363-Precinct 15,64,682,749,-0.8251,true
TX,48363-Precinct 16,42,368,413,-0.7893,true
TX,48363-Precinct 17,118,320,442,-0.457,true
TX,48363-Precinct 18,21,140,161,-0.7391,true
TX,48363-Precinct 20,13,167,180,-0.8556,true
TX,48363-Precinct 21,123,447,573,-0.5654,true
TX,48363-Precinct 22,76,692,771,-0.799,true
TX,48363-Precinct 23,205,650,864,-0.515,true
TX,48363-Precinct 24,37,128,166,-0.5482,true
TX,48363-Precinct 25,21,64,86,-0.5,true
TX,48363-Precinct 26,10,44,56,-0.6071,true
TX,48363-Precinct 27,222,882,1117,-0.5909,true
TX,48363-Precinct 28,79,360,443,-0.6343,true
TX,48363-Precinct 29,140,419,564,-0.4947,true
TX,48363-Precinct 30,142,308,454,-0.3656,true
TX,48365-Precinct 1,233,1021,1262,-0.6244,true
TX,48365-Precinct 2,293,1182,1481,-0.6003,true
TX,48365-Precinct 3,163,816,980,-0.6663,true
TX,48365-Precinct 5,22,368,390,-0.8872,true
TX,48365-Precinct 7,91,495,588,-0.6871,true
TX,48365-Precinct 8,26,154,181,-0.7072,true
TX,48365-Precinct 9,80,407,492,-0.6646,true
TX,48365-Precinct 10,55,173,228,-0.5175,true
TX,48365-Precinct 12,13,325,338,-0.9231,true
TX,48365-Precinct 13,57,172,229,-0.5022,true
TX,48365-Precinct 14,22,324,346,-0.8728,true
TX,48365-Precinct 18,204,1344,1550,-0.7355,true
TX,48365-Precinct 19,20,241,262,-0.8435,true
TX,48365-Precinct 20,12,250,263,-0.9049,true
TX,48365-Precinct 22,97,157,255,-0.2353,true
TX,48365-Precinct 26,26,98,124,-0.5806,true
TX,48365-Precinct 27,250,519,772,-0.3484,true
TX,48365-Precinct 28,232,1226,1460,-0.6808,true
TX,48365-Precinct 29,9,228,238,-0.9202,true
TX,48367-Precinct 100,691,2774,3502,-0.5948,true
TX,48367-Precinct 105,379,1784,2185,-0.643,true
TX,48367-Precinct 110,241,1079,1330,-0.6301,true
TX,48367-Precinct 111,291,1162,1463,-0.5954,true
TX,48367-Precinct 115,420,2113,2548,-0.6644,true
TX,48367-Precinct 120,234,1638,1886,-0.7444,true
TX,48367-Precinct 125,317,2427,2759,-0.7648,true
TX,48367-Precinct 130,428,2391,2842,-0.6907,true
TX,48367-Precinct 135,246,1448,1709,-0.7033,true
TX,48367-Precinct 140,172,1079,1259,-0.7204,true
TX,48367-Precinct 200,229,893,1132,-0.5866,true
TX,48367-Precinct 205,254,974,1249,-0.5765,true
TX,48367-Precinct 210,240,2249,2510,-0.8004,true
TX,48367-Precinct 215,380,3084,3482,-0.7766,true
TX,48367-Precinct 220,56,689,751,-0.8429,true
TX,48367-Precinct 225,122,1167,1293,-0.8082,true
TX,48367-Precinct 230,226,1234,1466,-0.6876,true
TX,48367-Precinct 235,121,873,1007,-0.7468,true
TX,48367-Precinct 240,192,1481,1682,-0.7663,true
TX,48367-Precinct 245,148,920,1070,-0.7215,true
TX,48367-Precinct 250,167,969,1156,-0.6938,true
TX,48367-Precinct 255,268,1056,1338,-0.5889,true
TX,48367-Precinct 260,562,2485,3072,-0.626,true
TX,48367-Precinct 265,232,1014,1259,-0.6211,true
TX,48367-Precinct 300,300,928,1243,-0.5052,true
TX,48367-Precinct 305,506,2071,2595,-0.6031,true
TX,48367-Precinct 310,327,930,1271,-0.4744,true
TX,48367-Precinct 315,611,2478,3127,-0.5971,true
TX,48367-Precinct 320,192,1572,1772,-0.7788,true
TX,48367-Precinct 325,223,1447,1684,-0.7268,true
TX,48367-Precinct 330,210,1216,1433,-0.702,true
TX,48367-Precinct 335,377,3764,4167,-0.8128,true
TX,48367-Precinct 340,74,853,935,-0.8332,true
TX,48367-Precinct 345,266,1804,2088,-0.7366,true
TX,48367-Precinct 350,248,1798,2060,-0.7524,true
TX,48367-Precinct 400,530,2073,2631,-0.5865,true
TX,48367-Precinct 410,437,1738,2193,-0.5933,true
TX,48367-Precinct 415,372,1266,1656,-0.5399,true
TX,48367-Precinct 420,325,1578,1923,-0.6516,true
TX,48367-Precinct 430,461,1885,2378,-0.5988,true
TX,48367-Precinct 435,548,2188,2771,-0.5918,true
TX,48367-Precinct 440,582,2904,3525,-0.6587,true
TX,48367-Precinct 445,267,1409,1697,-0.673,true
TX,48367-Precinct 450,438,1620,2075,-0.5696,true
TX,48367-Precinct 455,962,2663,3666,-0.464,true
TX,48369-Precinct 101,132,584,722,-0.626,true
TX,48369-Precinct 201,86,264,353,-0.5042,true
TX,48369-Precinct 202,7,187,194,-0.9278,true
TX,48369-Precinct 301,75,730,808,-0.8106,true
TX,48369-Precinct 303,4,36,40,-0.8,true
TX,48369-Precinct 401,10,196,206,-0.9029,true
TX,48369-Precinct 402,54,126,181,-0.3978,true
TX,48371-Precinct 1,340,807,1162,-0.4019,true
TX,48371-Precinct 2,348,724,1081,-0.3478,true
TX,48371-Precinct 3,13,128,141,-0.8156,true
TX,48371-Precinct 4,36,330,369,-0.7967,true
TX,48371-Precinct 5,0,33,33,-1,true
TX,48371-Precinct 6,20,53,74,-0.4459,true
TX,48371-Precinct 7,233,559,802,-0.4065,true
TX,48371-Precinct 9,16,123,141,-0.7589,true
TX,48371-Precinct 10,138,285,430,-0.3419,true
TX,48373-Precinct 1,26,276,305,-0.8197,true
TX,48373-Precinct 2,44,317,363,-0.7521,true
TX,48373-Precinct 3,183,675,860,-0.5721,true
TX,48373-Precinct 4,222,1093,1326,-0.6569,true
TX,48373-Precinct 5,207,833,1044,-0.5996,true
TX,48373-Precinct 6,388,2402,2805,-0.718,true
TX,48373-Precinct 7,116,345,465,-0.4925,true
TX,48373-Precinct 8,164,638,807,-0.5874,true
TX,48373-Precinct 9,92,466,560,-0.6679,true
TX,48373-Precinct 10,327,980,1315,-0.4966,true
TX,48373-Precinct 11,63,250,315,-0.5937,true
TX,48373-Precinct 12,82,62,145,0.1379,true
TX,48373-Precinct 13,28,319,347,-0.8386,true
TX,48373-Precinct 14,160,1190,1364,-0.7551,true
TX,48373-Precinct 15,154,1378,1541,-0.7943,true
TX,48373-Precinct 16,241,1329,1585,-0.6864,true
TX,48373-Precinct 17,205,1067,1275,-0.6761,true
TX,48373-Precinct 18,236,371,615,-0.2195,true
TX,48373-Precinct 19,546,1216,1777,-0.377,true
TX,48373-Precinct 20,504,1215,1737,-0.4093,true
TX,48373-Precinct 21,286,1489,1785,-0.6739,true
TX,48373-Precinct 22,636,1305,1956,-0.342,true
TX,48375-Precinct 121,325,1219,1561,-0.5727,true
TX,48375-Precinct 122,392,1144,1558,-0.4827,true
TX,48375-Precinct 123,780,1432,2249,-0.2899,true
TX,48375-Precinct 124,419,1187,1630,-0.4712,true
TX,48375-Precinct 125,736,1429,2193,-0.316,true
TX,48375-Precinct 126,490,914,1424,-0.2978,true
TX,48375-Precinct 221,247,381,635,-0.211,true
TX,48375-Precinct 222,215,512,734,-0.4046,true
TX,48375-Precinct 223,312,468,790,-0.1975,true
TX,48375-Precinct 224,464,895,1373,-0.3139,true
TX,48375-Precinct 225,266,411,686,-0.2114,true
TX,48375-Precinct 321,239,2201,2449,-0.8011,true
TX,48375-Precinct 322,20,154,176,-0.7614,true
TX,48375-Precinct 323,402,2589,3014,-0.7256,true
TX,48375-Precinct 324,724,2688,3446,-0.5699,true
TX,48375-Precinct 325,423,1173,1619,-0.4632,true
TX,48375-Precinct 326,347,1634,2000,-0.6435,true
TX,48375-Precinct 327,166,675,856,-0.5946,true
TX,48375-Precinct 421,212,277,496,-0.131,true
TX,48375-Precinct 422,704,689,1414,0.0106,true
TX,48375-Precinct 424,325,259,589,0.1121,true
TX,48375-Precinct 425,307,380,692,-0.1055,true
TX,48375-Precinct 426,103,173,281,-0.2491,true
TX,48375-Precinct 427,130,123,256,0.0273,true
TX,48377-Precinct 1,166,93,262,0.2786,true
TX,48377-Precinct 2,154,114,269,0.1487,true
TX,48377-Precinct 3,7,5,12,0.1667,true
TX,48377-Precinct 4,238,141,384,0.2526,true
TX,48377-Precinct 5,175,125,302,0.1656,true
TX,48377-Precinct 6,6,5,11,0.0909,true
TX,48377-Precinct 7,542,203,752,0.4508,true
TX,48379-Precinct 101,73,921,997,-0.8506,true
TX,48379-Precinct 102,104,501,609,-0.6519,true
TX,48379-Precinct 203,135,1079,1218,-0.775,true
TX,48379-Precinct 204,60,451,515,-0.7592,true
TX,48379-Precinct 305,110,634,752,-0.6968,true
TX,48379-Precinct 306,161,692,860,-0.6174,true
TX,48379-Precinct 407,103,712,822,-0.7409,true
TX,48379-Precinct 408,123,659,783,-0.6845,true
TX,48381-Precinct 103,168,362,543,-0.3573,true
TX,48381-Precinct 110,253,1974,2249,-0.7652,true
TX,48381-Precinct 111,733,1887,2646,-0.4361,true
TX,48381-Precinct 112,569,1411,2005,-0.42,true
TX,48381-Precinct 114,589,1753,2373,-0.4905,true
TX,48381-Precinct 123,75,733,811,-0.8113,true
TX,48381-Precinct 131,226,1618,1854,-0.7508,true
TX,48381-Precinct 204,604,2654,3288,-0.6235,true
TX,48381-Precinct 208,111,1151,1265,-0.8221,true
TX,48381-Precinct 216,424,1238,1678,-0.4851,true
TX,48381-Precinct 222,686,2486,3217,-0.5595,true
TX,48381-Precinct 227,478,2196,2708,-0.6344,true
TX,48381-Precinct 228,752,2854,3634,-0.5784,true
TX,48381-Precinct 230,685,2752,3482,-0.5936,true
TX,48381-Precinct 301,144,1248,1399,-0.7891,true
TX,48381-Precinct 302,376,1589,1980,-0.6126,true
TX,48381-Precinct 305,455,1491,1972,-0.5254,true
TX,48381-Precinct 306,338,1672,2033,-0.6562,true
TX,48381-Precinct 307,103,763,871,-0.7577,true
TX,48381-Precinct 309,311,2245,2574,-0.7514,true
TX,48381-Precinct 315,37,221,262,-0.7023,true
TX,48381-Precinct 317,14,76,90,-0.6889,true
TX,48381-Precinct 324,652,2966,3646,-0.6347,true
TX,48381-Precinct 325,278,2027,2315,-0.7555,true
TX,48381-Precinct 332,230,1948,2184,-0.7866,true
TX,48381-Precinct 415,652,2179,2855,-0.5349,true
TX,48381-Precinct 418,555,1547,2141,-0.4633,true
TX,48381-Precinct 420,566,1978,2559,-0.5518,true
TX,48381-Precinct 421,540,1565,2134,-0.4803,true
TX,48381-Precinct 426,541,2672,3245,-0.6567,true
TX,48381-Precinct 429,790,2058,2888,-0.4391,true
TX,48383-Precinct 1,38,95,136,-0.4191,true
TX,48383-Precinct 2,40,280,321,-0.7477,true
TX,48383-Precinct 3A,34,194,232,-0.6897,true
TX,48383-Precinct 3B,1,36,37,-0.9459,true
TX,48383-Precinct 4,28,195,223,-0.7489,true
TX,48385-Precinct 1,77,326,407,-0.6118,true
TX,48385-Precinct 2,63,498,565,-0.7699,true
TX,48385-Precinct 3,88,386,476,-0.6261,true
TX,48385-Precinct 4,28,121,153,-0.6078,true
TX,48385-Precinct 5,59,294,359,-0.6546,true
TX,48387-Precinct 1,4,41,45,-0.8222,true
TX,48387-Precinct 4,199,420,621,-0.3559,true
TX,48387-Precinct 5,70,737,808,-0.8255,true
TX,48387-Precinct 7A,22,173,195,-0.7744,true
TX,48387-Precinct 9,22,205,227,-0.8062,true
TX,48387-Precinct 10,15,147,162,-0.8148,true
TX,48387-Precinct 11,14,109,123,-0.7724,true
TX,48387-Precinct 17,22,161,184,-0.7554,true
TX,48387-Precinct 18,8,86,94,-0.8298,true
TX,48387-Precinct 24,25,91,116,-0.569,true
TX,48387-Precinct 27,23,280,304,-0.8454,true
TX,48387-Precinct 28,35,151,186,-0.6237,true
TX,48387-Precinct 29,20,81,101,-0.604,true
TX,48387-Precinct 30,8,93,101,-0.8416,true
TX,48387-Precinct 31,34,67,102,-0.3235,true
TX,48387-Precinct 2-1A,20,12,32,0.25,true
TX,48387-Precinct 2-1B,8,7,16,0.0625,true
TX,48387-Precinct 2-4,41,309,350,-0.7657,true
TX,48387-Precinct 3-1,282,204,488,0.1598,true
TX,48387-Precinct 3-4,60,219,279,-0.5699,true
TX,48387-Precinct 13-1,45,265,311,-0.7074,true
TX,48387-Precinct 13-4,16,198,214,-0.8505,true
TX,48387-Precinct 14-1,0,4,4,-1,true
TX,48387-Precinct 14-4,11,157,169,-0.8639,true
TX,48387-Precinct 19-1,21,157,178,-0.764,true
TX,48387-Precinct 19-4,23,130,153,-0.6993,true
TX,48387-Precinct 20-1,24,20,44,0.0909,true
TX,48387-Precinct 20-4,15,67,82,-0.6341,true
TX,48387-Precinct 21-1,0,4,4,-1,true
TX,48387-Precinct 21-4,16,87,103,-0.6893,true
TX,48389-Precinct 2,198,357,562,-0.2829,true
TX,48389-Precinct 3,143,397,544,-0.4669,true
TX,48389-Precinct 4,4,28,32,-0.75,true
TX,48389-Precinct 5,60,176,240,-0.4833,true
TX,48389-Precinct 6,15,36,51,-0.4118,true
TX,48389-Precinct 7,209,454,675,-0.363,true
TX,48389-Precinct 8,78,209,291,-0.4502,true
TX,48389-Precinct 10,208,480,691,-0.3936,true
TX,48389-Precinct 11,155,203,360,-0.1333,true
TX,48391-Precinct 1,119,154,276,-0.1268,true
TX,48391-Precinct 2,114,493,611,-0.6203,true
TX,48391-Precinct 3,83,299,387,-0.5581,true
TX,48391-Precinct 4,166,129,297,0.1246,true
TX,48391-Precinct 1A,134,152,288,-0.0625,true
TX,48391-Precinct 2A,16,149,166,-0.8012,true
TX,48391-Precinct 2B,60,153,215,-0.4326,true
TX,48391-Precinct 3A,91,359,450,-0.5956,true
TX,48391-Precinct 4A,98,159,257,-0.2374,true
TX,48391-Precinct 4B,38,87,128,-0.3828,true
TX,48393-Precinct 1,5,131,137,-0.9197,true
TX,48393-Precinct 2,5,133,140,-0.9143,true
TX,48393-Precinct 3,3,127,130,-0.9538,true
TX,48393-Precinct 4-1,2,79,83,-0.9277,true
TX,48393-Precinct 4-2,5,77,82,-0.878,true
TX,48395-Precinct 1,259,565,832,-0.3678,true
TX,48395-Precinct 2,243,569,821,-0.3971,true
TX,48395-Precinct 3,68,429,504,-0.7163,true
TX,48395-Precinct 4,79,508,594,-0.7222,true
TX,48395-Precinct 5,185,867,1057,-0.6452,true
TX,48395-Precinct 6,154,1026,1193,-0.7309,true
TX,48395-Precinct 8,17,212,230,-0.8478,true
TX,48395-Precinct 11,195,693,895,-0.5564,true
TX,48395-Precinct 13,22,223,247,-0.8138,true
TX,48395-Precinct 16,27,175,207,-0.715,true
TX,48395-Precinct 19,67,478,548,-0.75,true
TX,48395-Precinct 22,467,196,664,0.4081,true
TX,48395-Precinct 23,143,236,380,-0.2447,true
TX,48397-Precinct 1,1050,2506,3628,-0.4013,true
TX,48397-Precinct 2,937,2129,3107,-0.3836,true
TX,48397-Precinct 3,647,1236,1913,-0.3079,true
TX,48397-Precinct 4,557,1276,1854,-0.3878,true
TX,48397-Precinct 1A,765,1219,2009,-0.226,true
TX,48397-Precinct 1B,1138,3006,4205,-0.4442,true
TX,48397-Precinct 1C,936,2384,3380,-0.4284,true
TX,48397-Precinct 1D,241,401,659,-0.2428,true
TX,48397-Precinct 1E,589,1815,2426,-0.5054,true
TX,48397-Precinct 2A,784,1991,2808,-0.4298,true
TX,48397-Precinct 2B,533,829,1374,-0.2154,true
TX,48397-Precinct 2C,295,1014,1317,-0.5459,true
TX,48397-Precinct 2D,706,1018,1760,-0.1773,true
TX,48397-Precinct 2E,741,933,1702,-0.1128,true
TX,48397-Precinct 2F,237,477,725,-0.331,true
TX,48397-Precinct 3A,579,2209,2815,-0.579,true
TX,48397-Precinct 3B,883,2299,3229,-0.4385,true
TX,48397-Precinct 3C,574,2372,2985,-0.6023,true
TX,48397-Precinct 3D,938,3125,4113,-0.5317,true
TX,48397-Precinct 3E,628,1891,2559,-0.4936,true
TX,48397-Precinct 4A,1092,2187,3325,-0.3293,true
TX,48397-Precinct 4B,922,1952,2906,-0.3544,true
TX,48397-Precinct 4C,876,2119,3036,-0.4094,true
TX,48397-Precinct 4D,803,1492,2336,-0.2949,true
TX,48397-Precinct 4E,571,1353,1959,-0.3992,true
TX,48397-Precinct 4F,70,309,383,-0.624,true
TX,48399-Precinct 1,112,744,862,-0.7332,true
TX,48399-Precinct 3,113,813,932,-0.7511,true
TX,48399-Precinct 4,25,154,181,-0.7127,true
TX,48399-Precinct 5,9,125,134,-0.8657,true
TX,48399-Precinct 6,8,84,93,-0.8172,true
TX,48399-Precinct 7,75,508,584,-0.7414,true
TX,48399-Precinct 8,33,388,424,-0.8373,true
TX,48399-Precinct 9,62,487,553,-0.7685,true
TX,48399-Precinct 10,15,277,293,-0.8942,true
TX,48401-Precinct 111,96,539,640,-0.6922,true
TX,48401-Precinct 112,248,1207,1470,-0.6524,true
TX,48401-Precinct 113,391,1667,2076,-0.6146,true
TX,48401-Precinct 114,197,878,1083,-0.6288,true
TX,48401-Precinct 201,152,445,602,-0.4867,true
TX,48401-Precinct 212,107,547,661,-0.6657,true
TX,48401-Precinct 213,238,1184,1435,-0.6592,true
TX,48401-Precinct 214,406,1528,1949,-0.5757,true
TX,48401-Precinct 215,339,1185,1533,-0.5519,true
TX,48401-Precinct 302,254,385,644,-0.2034,true
TX,48401-Precinct 303,364,450,826,-0.1041,true
TX,48401-Precinct 314,92,729,823,-0.774,true
TX,48401-Precinct 315,63,606,674,-0.8056,true
TX,48401-Precinct 316,43,331,377,-0.7639,true
TX,48401-Precinct 317,135,256,394,-0.3071,true
TX,48401-Precinct 318,139,702,848,-0.6639,true
TX,48401-Precinct 319,91,191,284,-0.3521,true
TX,48401-Precinct 404,255,910,1175,-0.5574,true
TX,48401-Precinct 405,151,707,866,-0.642,true
TX,48401-Precinct 416,109,567,678,-0.6755,true
TX,48401-Precinct 417,202,846,1054,-0.611,true
TX,48401-Precinct 418,265,1374,1649,-0.6725,true
TX,48403-Precinct 1,114,1272,1396,-0.8295,true
TX,48403-Precinct 2,104,1075,1184,-0.8201,true
TX,48403-Precinct 3,80,270,350,-0.5429,true
TX,48403-Precinct 4,8,191,199,-0.9196,true
TX,48403-Precinct 5,63,803,868,-0.8525,true
TX,48403-Precinct 6,132,1097,1230,-0.7846,true
TX,48403-Precinct 7,52,51,103,0.0097,true
TX,48403-Precinct 8,37,213,251,-0.7012,true
TX,48405-Precinct 1,224,517,743,-0.3943,true
TX,48405-Precinct 2,93,125,220,-0.1455,true
TX,48405-Precinct 3,46,111,158,-0.4114,true
TX,48405-Precinct 4,74,187,262,-0.4313,true
TX,48405-Precinct 5,38,212,252,-0.6905,true
TX,48405-Precinct 6,11,208,221,-0.8914,true
TX,48405-Precinct 7,28,228,258,-0.7752,true
TX,48405-Precinct 8,43,432,476,-0.8172,true
TX,48405-Precinct 9,62,619,686,-0.812,true
TX,48405-Precinct 10,22,264,287,-0.8432,true
TX,48405-Precinct 11,168,14,184,0.837,true
TX,48407-Precinct 1,356,1733,2107,-0.6535,true
TX,48407-Precinct 2,420,2119,2557,-0.6645,true
TX,48407-Precinct 3,105,578,686,-0.6895,true
TX,48407-Precinct 4,76,379,460,-0.6587,true
TX,48407-Precinct 5,221,1200,1427,-0.6861,true
TX,48407-Precinct 6,303,1247,1564,-0.6036,true
TX,48407-Precinct 7,326,1344,1679,-0.6063,true
TX,48407-Precinct 8,181,749,938,-0.6055,true
TX,48407-Precinct 9,39,382,423,-0.8109,true
TX,48407-Precinct 10,76,398,479,-0.6722,true
TX,48407-Precinct 11,72,395,469,-0.6887,true
TX,48409-Precinct 101,95,184,281,-0.3167,true
TX,48409-Precinct 102,594,990,1598,-0.2478,true
TX,48409-Precinct 103,56,269,326,-0.6534,true
TX,48409-Precinct 104,277,701,984,-0.4309,true
TX,48409-Precinct 105,463,439,912,0.0263,true
TX,48409-Precinct 106,124,454,586,-0.5631,true
TX,48409-Precinct 107,57,158,215,-0.4698,true
TX,48409-Precinct 108,704,1771,2495,-0.4277,true
TX,48409-Precinct 109,449,1355,1819,-0.4981,true
TX,48409-Precinct 110,363,623,993,-0.2618,true
TX,48409-Precinct 111,37,129,167,-0.5509,true
TX,48409-Precinct 112,389,384,778,0.0064,true
TX,48409-Precinct 113,540,953,1515,-0.2726,true
TX,48409-Precinct 114,318,1046,1378,-0.5283,true
TX,48409-Precinct 115,715,2220,2956,-0.5091,true
TX,48409-Precinct 116,515,1706,2239,-0.5319,true
TX,48409-Precinct 117,73,265,339,-0.5664,true
TX,48409-Precinct 118,702,926,1643,-0.1363,true
TX,48409-Precinct 119,253,549,806,-0.3672,true
TX,48409-Precinct 120,119,374,496,-0.5141,true
TX,48409-Precinct 121,388,845,1252,-0.365,true
TX,48409-Precinct 122,1,12,14,-0.7857,true
TX,48409-Precinct 123,19,49,69,-0.4348,true
TX,48409-Precinct 124,765,909,1682,-0.0856,true
TX,48409-Precinct 125,9,26,36,-0.4722,true
TX,48411-Precinct 1,71,585,662,-0.7764,true
TX,48411-Precinct 2A,41,506,552,-0.8424,true
TX,48411-Precinct 2B,17,162,179,-0.8101,true
TX,48411-Precinct 3A,50,376,432,-0.7546,true
TX,48411-Precinct 3B,37,175,217,-0.6359,true
TX,48411-Precinct 4A,53,518,572,-0.8129,true
TX,48411-Precinct 4B,7,90,97,-0.8557,true
TX,48413-Precinct 1,44,217,263,-0.6578,true
TX,48413-Precinct 2,47,243,291,-0.6735,true
TX,48413-Precinct 3,61,149,212,-0.4151,true
TX,48413-Precinct 4,40,297,342,-0.7515,true
TX,48415-Precinct 5,13,60,73,-0.6438,true
TX,48415-Precinct 6,30,247,278,-0.7806,true
TX,48415-Precinct 7,159,1229,1404,-0.7621,true
TX,48415-Precinct 8,92,524,623,-0.6934,true
TX,48415-Precinct 9,36,351,390,-0.8077,true
TX,48415-Precinct 10,51,565,619,-0.8304,true
TX,48415-Precinct 11,9,91,101,-0.8119,true
TX,48415-Precinct 12,144,839,994,-0.6992,true
TX,48415-Precinct 13,49,319,371,-0.7278,true
TX,48415-Precinct 14,8,74,82,-0.8049,true
TX,48415-Precinct 15,143,646,796,-0.6319,true
TX,48417-Precinct 101A,12,125,141,-0.8014,true
TX,48417-Precinct 101B,22,275,297,-0.8519,true
TX,48417-Precinct 202,31,450,483,-0.8675,true
TX,48417-Precinct 303,18,187,208,-0.8125,true
TX,48417-Precinct 307,15,164,180,-0.8278,true
TX,48417-Precinct 404,2,25,27,-0.8519,true
TX,48417-Precinct 405,21,159,182,-0.7582,true
TX,48417-Precinct 406A,25,180,210,-0.7381,true
TX,48419-Precinct 2,54,532,588,-0.8129,true
TX,48419-Precinct 3,9,181,190,-0.9053,true
TX,48419-Precinct 4,81,496,579,-0.7168,true
TX,48419-Precinct 5,125,1387,1520,-0.8303,true
TX,48419-Precinct 6,45,346,391,-0.7698,true
TX,48419-Precinct 7,126,431,557,-0.5476,true
TX,48419-Precinct 8,203,516,720,-0.4347,true
TX,48419-Precinct 1N,139,723,865,-0.6751,true
TX,48419-Precinct 1S,192,918,1118,-0.6494,true
TX,48419-Precinct 1W,29,268,300,-0.7967,true
TX,48419-Precinct 9N,132,608,742,-0.6415,true
TX,48419-Precinct 9S,93,586,683,-0.7218,true
TX,48419-Precinct 1SE,394,368,768,0.0339,true
TX,48419-Precinct 1SW,119,804,927,-0.7389,true
TX,48421-Precinct 101,2,40,42,-0.9048,true
TX,48421-Precinct 102,17,134,153,-0.7647,true
TX,48421-Precinct 201,13,93,106,-0.7547,true
TX,48421-Precinct 202,4,69,73,-0.8904,true
TX,48421-Precinct 301,3,97,103,-0.9126,true
TX,48421-Precinct 302,7,117,125,-0.88,true
TX,48421-Precinct 401,24,267,296,-0.8209,true
TX,48423-Precinct 1,108,82,190,0.1368,true
TX,48423-Precinct 2,200,110,313,0.2875,true
TX,48423-Precinct 3,512,1230,1775,-0.4045,true
TX,48423-Precinct 4,390,530,935,-0.1497,true
TX,48423-Precinct 5,211,1665,1896,-0.7669,true
TX,48423-Precinct 6,106,619,731,-0.7018,true
TX,48423-Precinct 7,286,1073,1374,-0.5728,true
TX,48423-Precinct 8,198,931,1137,-0.6447,true
TX,48423-Precinct 9,104,69,174,0.2011,true
TX,48423-Precinct 10,868,894,1773,-0.0147,true
TX,48423-Precinct 11,618,291,915,0.3574,true
TX,48423-Precinct 12,598,140,752,0.609,true
TX,48423-Precinct 13,683,62,763,0.8139,true
TX,48423-Precinct 14,368,944,1332,-0.4324,true
TX,48423-Precinct 15,480,2607,3131,-0.6793,true
TX,48423-Precinct 16,522,148,679,0.5508,true
TX,48423-Precinct 17,127,990,1129,-0.7644,true
TX,48423-Precinct 18,494,105,602,0.6462,true
TX,48423-Precinct 19,550,2625,3214,-0.6456,true
TX,48423-Precinct 20,162,134,301,0.093,true
TX,48423-Precinct 21,298,829,1153,-0.4605,true
TX,48423-Precinct 22,96,81,179,0.0838,true
TX,48423-Precinct 23,504,1023,1556,-0.3335,true
TX,48423-Precinct 24,267,1333,1624,-0.6564,true
TX,48423-Precinct 25,406,1146,1582,-0.4678,true
TX,48423-Precinct 26,338,1810,2167,-0.6793,true
TX,48423-Precinct 27,431,821,1268,-0.3076,true
TX,48423-Precinct 28,553,2360,2949,-0.6128,true
TX,48423-Precinct 29,254,1094,1356,-0.6195,true
TX,48423-Precinct 30,531,2390,2961,-0.6278,true
TX,48423-Precinct 31,396,2183,2598,-0.6878,true
TX,48423-Precinct 32,167,358,535,-0.357,true
TX,48423-Precinct 33,202,663,874,-0.5275,true
TX,48423-Precinct 34,525,203,736,0.4375,true
TX,48423-Precinct 35,843,816,1677,0.0161,true
TX,48423-Precinct 36,1007,472,1499,0.3569,true
TX,48423-Precinct 37,271,1192,1474,-0.6248,true
TX,48423-Precinct 38,527,1147,1693,-0.3662,true
TX,48423-Precinct 39,139,83,225,0.2489,true
TX,48423-Precinct 40,592,2601,3218,-0.6243,true
TX,48423-Precinct 41,295,1886,2198,-0.7238,true
TX,48423-Precinct 42,603,2717,3351,-0.6309,true
TX,48423-Precinct 43,311,621,950,-0.3263,true
TX,48423-Precinct 44,918,1686,2635,-0.2915,true
TX,48423-Precinct 45,204,1465,1684,-0.7488,true
TX,48423-Precinct 46,210,596,811,-0.476,true
TX,48423-Precinct 47,107,216,326,-0.3344,true
TX,48423-Precinct 48,217,320,543,-0.1897,true
TX,48423-Precinct 49,128,1041,1181,-0.7731,true
TX,48423-Precinct 50,435,1160,1630,-0.4448,true
TX,48423-Precinct 51,741,1562,2339,-0.351,true
TX,48423-Precinct 52,252,1742,2012,-0.7406,true
TX,48423-Precinct 53,53,236,292,-0.6267,true
TX,48423-Precinct 54,651,1519,2197,-0.3951,true
TX,48423-Precinct 55,473,621,1108,-0.1336,true
TX,48423-Precinct 56,696,1712,2458,-0.4133,true
TX,48423-Precinct 57,163,390,565,-0.4018,true
TX,48423-Precinct 58,804,2254,3103,-0.4673,true
TX,48423-Precinct 59,633,1954,2633,-0.5017,true
TX,48423-Precinct 60,124,192,318,-0.2138,true
TX,48423-Precinct 61,617,832,1470,-0.1463,true
TX,48423-Precinct 62,199,1151,1360,-0.7,true
TX,48423-Precinct 63,88,388,484,-0.6198,true
TX,48423-Precinct 64,294,1361,1670,-0.6389,true
TX,48423-Precinct 66,179,254,436,-0.172,true
TX,48423-Precinct 71,733,2691,3474,-0.5636,true
TX,48423-Precinct 73,160,224,391,-0.1637,true
TX,48423-Precinct 74,174,513,696,-0.4871,true
TX,48423-Precinct 75,360,2139,2530,-0.7032,true
TX,48423-Precinct 76,226,109,339,0.3451,true
TX,48423-Precinct 77,157,282,442,-0.2828,true
TX,48423-Precinct 79,694,2351,3078,-0.5383,true
TX,48423-Precinct 81,83,66,151,0.1126,true
TX,48423-Precinct 82,14,19,33,-0.1515,true
TX,48423-Precinct 85,113,738,858,-0.7284,true
TX,48425-Precinct 1,155,993,1167,-0.7181,true
TX,48425-Precinct 2,213,1115,1344,-0.6711,true
TX,48425-Precinct 3,177,1048,1238,-0.7036,true
TX,48425-Precinct 4,206,1337,1560,-0.725,true
TX,48427-Precinct 1,732,873,1610,-0.0876,true
TX,48427-Precinct 2,606,735,1348,-0.0957,true
TX,48427-Precinct 3,367,593,969,-0.2332,true
TX,48427-Precinct 4,164,193,358,-0.081,true
TX,48427-Precinct 5,26,42,69,-0.2319,true
TX,48427-Precinct 6,873,1088,1972,-0.109,true
TX,48427-Precinct 7,166,231,397,-0.1637,true
TX,48427-Precinct 8,670,1130,1809,-0.2543,true
TX,48427-Precinct 9,540,816,1366,-0.202,true
TX,48427-Precinct 10,654,968,1624,-0.1933,true
TX,48427-Precinct 11,785,850,1638,-0.0397,true
TX,48427-Precinct 12,658,985,1646,-0.1987,true
TX,48427-Precinct 13,318,481,803,-0.203,true
TX,48427-Precinct 14,303,502,812,-0.2451,true
TX,48429-Precinct 1,73,637,711,-0.7932,true
TX,48429-Precinct 2,101,946,1055,-0.8009,true
TX,48429-Precinct 3,86,631,718,-0.7591,true
TX,48429-Precinct 4,104,923,1030,-0.7951,true
TX,48429-Precinct 5,20,231,252,-0.8373,true
TX,48431-Precinct 1A,8,137,145,-0.8897,true
TX,48431-Precinct 1B,3,30,33,-0.8182,true
TX,48431-Precinct 2A,10,92,102,-0.8039,true
TX,48431-Precinct 2C,1,5,6,-0.6667,true
TX,48431-Precinct 2D,1,12,13,-0.8462,true
TX,48431-Precinct 2E,2,18,20,-0.8,true
TX,48431-Precinct 3,9,171,182,-0.8901,true
TX,48431-Precinct 4,9,118,128,-0.8516,true
TX,48433-Precinct 1,13,147,161,-0.8323,true
TX,48433-Precinct 2,35,158,193,-0.6373,true
TX,48433-Precinct 3,22,162,184,-0.7609,true
TX,48433-Precinct 4,38,136,175,-0.56,true
TX,48435-Precinct 101,73,193,270,-0.4444,true
TX,48435-Precinct 201,36,367,405,-0.8173,true
TX,48435-Precinct 301,62,404,466,-0.7339,true
TX,48435-Precinct 401,57,203,260,-0.5615,true
TX,48437-Precinct 1,52,269,326,-0.6656,true
TX,48437-Precinct 2,94,418,516,-0.6279,true
TX,48437-Precinct 3,89,378,469,-0.6162,true
TX,48437-Precinct 4,49,139,189,-0.4762,true
TX,48437-Precinct 6,39,151,195,-0.5744,true
TX,48437-Precinct 7,39,320,362,-0.7762,true
TX,48437-Precinct 9,3,16,20,-0.65,true
TX,48437-Precinct 11,38,149,191,-0.5812,true
TX,48439-1004,767,687,1471,0.0544,true
TX,48439-1005,346,75,426,0.6362,true
TX,48439-1008,126,29,156,0.6218,true
TX,48439-1009,468,612,1089,-0.1322,true
TX,48439-1010,125,67,195,0.2974,true
TX,48439-1011,327,105,434,0.5115,true
TX,48439-1012,915,549,1482,0.247,true
TX,48439-1013,954,255,1224,0.5711,true
TX,48439-1014,191,165,360,0.0722,true
TX,48439-1015,403,264,674,0.2062,true
TX,48439-1021,728,1360,2116,-0.2987,true
TX,48439-1022,415,413,843,0.0024,true
TX,48439-1025,713,400,1120,0.2795,true
TX,48439-1034,573,1869,2460,-0.5268,true
TX,48439-1059,293,113,413,0.4358,true
TX,48439-1061,149,73,226,0.3363,true
TX,48439-1062,12,5,17,0.4118,true
TX,48439-1066,304,155,465,0.3204,true
TX,48439-1071,817,383,1220,0.3557,true
TX,48439-1074,241,81,326,0.4908,true
TX,48439-1075,248,127,379,0.3193,true
TX,48439-1076,519,296,825,0.2703,true
TX,48439-1078,450,96,550,0.6436,true
TX,48439-1079,463,142,610,0.5262,true
TX,48439-1080,463,62,529,0.758,true
TX,48439-1081,187,336,528,-0.2822,true
TX,48439-1082,181,127,314,0.172,true
TX,48439-1083,404,131,542,0.5037,true
TX,48439-1085,197,186,389,0.0283,true
TX,48439-1088,397,173,583,0.3842,true
TX,48439-1089,523,77,610,0.7311,true
TX,48439-1090,546,144,698,0.5759,true
TX,48439-1094,644,352,1012,0.2885,true
TX,48439-1095,287,348,645,-0.0946,true
TX,48439-1098,583,143,733,0.6003,true
TX,48439-1099,269,119,391,0.3836,true
TX,48439-1103,608,840,1459,-0.159,true
TX,48439-1104,1074,230,1318,0.6404,true
TX,48439-1105,575,597,1189,-0.0185,true
TX,48439-1106,863,93,964,0.7988,true
TX,48439-1108,696,515,1230,0.1472,true
TX,48439-1109,478,326,816,0.1863,true
TX,48439-1834,394,1138,1548,-0.4806,true
TX,48439-1117,667,724,1408,-0.0405,true
TX,48439-1119,1450,834,2311,0.2666,true
TX,48439-1120,1271,210,1499,0.7078,true
TX,48439-1126,741,339,1099,0.3658,true
TX,48439-1127,668,94,772,0.7435,true
TX,48439-1132,612,97,716,0.7193,true
TX,48439-1133,712,542,1277,0.1331,true
TX,48439-1142,496,410,916,0.0939,true
TX,48439-1146,1037,541,1600,0.31,true
TX,48439-1149,1007,310,1334,0.5225,true
TX,48439-1151,422,281,714,0.1975,true
TX,48439-1153,796,150,956,0.6757,true
TX,48439-1165,98,62,160,0.225,true
TX,48439-1167,574,458,1044,0.1111,true
TX,48439-1170,1073,591,1694,0.2845,true
TX,48439-1186,802,904,1740,-0.0586,true
TX,48439-1845,776,744,1550,0.0206,true
TX,48439-1199,135,178,326,-0.1319,true
TX,48439-1206,688,1192,1909,-0.264,true
TX,48439-1207,945,686,1657,0.1563,true
TX,48439-1208,567,1183,1772,-0.3476,true
TX,48439-1714,1572,816,2429,0.3112,true
TX,48439-1237,244,183,431,0.1415,true
TX,48439-1238,1110,628,1762,0.2736,true
TX,48439-1241,87,55,143,0.2238,true
TX,48439-1244,35,81,119,-0.3866,true
TX,48439-1251,1222,409,1638,0.4963,true
TX,48439-1257,598,341,951,0.2702,true
TX,48439-1264,594,607,1226,-0.0106,true
TX,48439-1265,803,563,1387,0.173,true
TX,48439-1270,182,191,376,-0.0239,true
TX,48439-1271,533,1338,1910,-0.4215,true
TX,48439-1273,676,462,1153,0.1856,true
TX,48439-1277,523,422,963,0.1049,true
TX,48439-1278,921,268,1200,0.5442,true
TX,48439-1279,907,325,1246,0.4671,true
TX,48439-1291,915,118,1042,0.7649,true
TX,48439-1292,613,250,873,0.4158,true
TX,48439-1295,305,182,500,0.246,true
TX,48439-1296,936,1027,1987,-0.0458,true
TX,48439-1297,1141,140,1294,0.7736,true
TX,48439-1298,833,756,1612,0.0478,true
TX,48439-1301,1002,255,1272,0.5873,true
TX,48439-1337,740,1288,2050,-0.2673,true
TX,48439-1339,852,930,1817,-0.0429,true
TX,48439-1346,436,88,535,0.6505,true
TX,48439-1347,1542,1036,2612,0.1937,true
TX,48439-1348,223,618,850,-0.4647,true
TX,48439-1352,141,337,480,-0.4083,true
TX,48439-1377,1315,1086,2446,0.0936,true
TX,48439-1378,1502,647,2174,0.3933,true
TX,48439-1380,548,371,935,0.1893,true
TX,48439-1382,1054,376,1447,0.4686,true
TX,48439-1388,1216,743,2028,0.2332,true
TX,48439-1404,935,407,1365,0.3868,true
TX,48439-1407,19,14,33,0.1515,true
TX,48439-1408,82,80,165,0.0121,true
TX,48439-1414,25,6,31,0.6129,true
TX,48439-1415,453,220,686,0.3397,true
TX,48439-1416,65,51,117,0.1197,true
TX,48439-1423,783,1390,2191,-0.277,true
TX,48439-1424,1,3,4,-0.5,true
TX,48439-1427,0,1,1,-1,true
TX,48439-1430,5,0,5,1,true
TX,48439-1431,452,1114,1579,-0.4193,true
TX,48439-1436,595,302,908,0.3227,true
TX,48439-1437,220,180,412,0.0971,true
TX,48439-1439,117,29,148,0.5946,true
TX,48439-1440,814,341,1172,0.4036,true
TX,48439-1441,245,68,318,0.5566,true
TX,48439-1445,21,8,29,0.4483,true
TX,48439-1457,2,0,2,1,true
TX,48439-1459,791,303,1104,0.442,true
TX,48439-1460,930,390,1335,0.4045,true
TX,48439-1463,640,279,933,0.3869,true
TX,48439-1472,216,407,626,-0.3051,true
TX,48439-1473,97,78,176,0.108,true
TX,48439-1476,36,32,70,0.0571,true
TX,48439-1477,368,146,520,0.4269,true
TX,48439-1479,91,47,140,0.3143,true
TX,48439-1481,150,107,258,0.1667,true
TX,48439-1482,222,107,330,0.3485,true
TX,48439-1491,3,1,4,0.5,true
TX,48439-1501,196,141,337,0.1632,true
TX,48439-1504,327,1165,1507,-0.5561,true
TX,48439-1518,334,88,433,0.5681,true
TX,48439-1544,6,0,6,1,true
TX,48439-1550,17,2,19,0.7895,true
TX,48439-1555,0,2,2,-1,true
TX,48439-1559,79,18,97,0.6289,true
TX,48439-1576,59,15,74,0.5946,true
TX,48439-1577,432,134,569,0.5237,true
TX,48439-1578,703,315,1036,0.3745,true
TX,48439-1586,1,2,3,-0.3333,true
TX,48439-1589,107,77,189,0.1587,true
TX,48439-1597,187,72,265,0.434,true
TX,48439-1608,436,252,696,0.2644,true
TX,48439-1611,5,5,11,0,true
TX,48439-1617,11,12,23,-0.0435,true
TX,48439-1619,10,3,13,0.5385,true
TX,48439-1627,70,150,224,-0.3571,true
TX,48439-1631,98,53,151,0.298,true
TX,48439-1633,5,6,11,-0.0909,true
TX,48439-1676,99,55,160,0.275,true
TX,48439-1677,94,47,147,0.3197,true
TX,48439-1678,3,0,3,1,true
TX,48439-1684,187,162,358,0.0698,true
TX,48439-2003,332,326,675,0.0089,true
TX,48439-2007,710,933,1662,-0.1342,true
TX,48439-2026,640,714,1379,-0.0537,true
TX,48439-2027,165,145,318,0.0629,true
TX,48439-2028,379,562,952,-0.1922,true
TX,48439-2721,742,1147,1916,-0.2114,true
TX,48439-2030,1243,600,1904,0.3377,true
TX,48439-2031,1425,738,2203,0.3118,true
TX,48439-2033,809,881,1713,-0.042,true
TX,48439-2052,818,525,1374,0.2132,true
TX,48439-2055,755,647,1417,0.0762,true
TX,48439-2100,161,151,319,0.0313,true
TX,48439-2112,567,977,1558,-0.2632,true
TX,48439-2134,245,268,527,-0.0436,true
TX,48439-2746,393,341,765,0.068,true
TX,48439-2145,575,371,966,0.2112,true
TX,48439-2147,436,440,891,-0.0045,true
TX,48439-2148,788,404,1216,0.3158,true
TX,48439-2158,730,821,1588,-0.0573,true
TX,48439-2161,674,295,988,0.3836,true
TX,48439-2169,252,110,365,0.389,true
TX,48439-2171,910,1053,2008,-0.0712,true
TX,48439-2174,814,917,1766,-0.0583,true
TX,48439-2180,669,284,962,0.4002,true
TX,48439-2181,945,914,1894,0.0164,true
TX,48439-2190,102,101,206,0.0049,true
TX,48439-2205,714,936,1676,-0.1325,true
TX,48439-2210,370,303,680,0.0985,true
TX,48439-2217,988,645,1664,0.2061,true
TX,48439-2219,813,966,1835,-0.0834,true
TX,48439-2221,657,607,1280,0.0391,true
TX,48439-2223,455,940,1421,-0.3413,true
TX,48439-2224,719,359,1105,0.3258,true
TX,48439-2225,562,245,822,0.3856,true
TX,48439-2226,557,426,1011,0.1296,true
TX,48439-2229,655,725,1401,-0.05,true
TX,48439-2235,865,663,1545,0.1307,true
TX,48439-2246,408,468,886,-0.0677,true
TX,48439-2258,166,357,531,-0.3597,true
TX,48439-2262,199,548,765,-0.4562,true
TX,48439-2263,622,470,1099,0.1383,true
TX,48439-2266,919,1190,2148,-0.1262,true
TX,48439-2267,761,437,1215,0.2667,true
TX,48439-2268,519,395,927,0.1338,true
TX,48439-2269,153,125,280,0.1,true
TX,48439-2275,352,294,652,0.089,true
TX,48439-2280,541,426,994,0.1157,true
TX,48439-2281,601,508,1136,0.0819,true
TX,48439-2299,754,462,1248,0.234,true
TX,48439-2302,559,273,848,0.3373,true
TX,48439-2304,759,952,1741,-0.1109,true
TX,48439-2305,629,700,1351,-0.0526,true
TX,48439-2306,531,865,1419,-0.2354,true
TX,48439-2307,1335,1385,2816,-0.0178,true
TX,48439-2308,1244,1368,2642,-0.0469,true
TX,48439-2309,417,354,785,0.0803,true
TX,48439-2310,562,617,1197,-0.0459,true
TX,48439-2313,694,962,1678,-0.1597,true
TX,48439-2314,1005,1341,2394,-0.1404,true
TX,48439-2315,646,333,1008,0.3105,true
TX,48439-2316,714,476,1213,0.1962,true
TX,48439-2317,446,482,956,-0.0377,true
TX,48439-2318,511,718,1252,-0.1653,true
TX,48439-2319,687,973,1682,-0.17,true
TX,48439-2320,707,419,1142,0.2522,true
TX,48439-2341,185,84,272,0.3713,true
TX,48439-2349,721,445,1183,0.2333,true
TX,48439-2353,467,311,794,0.1965,true
TX,48439-2354,582,372,963,0.2181,true
TX,48439-2355,621,752,1400,-0.0936,true
TX,48439-2356,1011,1004,2059,0.0034,true
TX,48439-2357,973,1305,2308,-0.1438,true
TX,48439-2358,699,1000,1721,-0.1749,true
TX,48439-2360,990,1713,2732,-0.2646,true
TX,48439-2379,1709,859,2621,0.3243,true
TX,48439-2381,187,89,277,0.3538,true
TX,48439-2383,909,555,1483,0.2387,true
TX,48439-2393,122,90,218,0.1468,true
TX,48439-2401,76,106,182,-0.1648,true
TX,48439-2402,2,10,12,-0.6667,true
TX,48439-2403,10,4,15,0.4,true
TX,48439-2838,908,467,1399,0.3152,true
TX,48439-2411,162,79,244,0.3402,true
TX,48439-2413,303,146,455,0.3451,true
TX,48439-1701,446,420,874,0.0297,true
TX,48439-1704,587,1046,1648,-0.2785,true
TX,48439-2425,1090,855,1987,0.1183,true
TX,48439-2426,694,1041,1758,-0.1974,true
TX,48439-2428,187,93,284,0.331,true
TX,48439-2435,1072,1002,2102,0.0333,true
TX,48439-2438,1213,534,1776,0.3823,true
TX,48439-2442,1709,1180,2949,0.1794,true
TX,48439-2448,1162,737,1954,0.2175,true
TX,48439-2449,526,316,852,0.2465,true
TX,48439-2450,912,651,1590,0.1642,true
TX,48439-2451,62,27,89,0.3933,true
TX,48439-2453,1209,603,1839,0.3295,true
TX,48439-2461,786,382,1182,0.3418,true
TX,48439-2462,810,385,1209,0.3515,true
TX,48439-2464,138,159,302,-0.0695,true
TX,48439-2466,546,281,834,0.3177,true
TX,48439-2467,978,478,1477,0.3385,true
TX,48439-2468,825,904,1761,-0.0449,true
TX,48439-2474,132,242,375,-0.2933,true
TX,48439-2840,675,380,1077,0.2739,true
TX,48439-2488,967,599,1588,0.2317,true
TX,48439-2505,431,688,1140,-0.2254,true
TX,48439-2835,534,568,1123,-0.0303,true
TX,48439-2519,446,232,701,0.3053,true
TX,48439-2520,641,650,1320,-0.0068,true
TX,48439-2521,443,527,990,-0.0848,true
TX,48439-2522,1126,1222,2389,-0.0402,true
TX,48439-2523,1104,723,1854,0.2055,true
TX,48439-2524,509,1334,1860,-0.4435,true
TX,48439-2525,1274,593,1908,0.3569,true
TX,48439-2535,1190,1724,2968,-0.1799,true
TX,48439-2536,672,525,1221,0.1204,true
TX,48439-2537,574,254,844,0.3791,true
TX,48439-2541,975,551,1552,0.2732,true
TX,48439-2546,19,8,28,0.3929,true
TX,48439-2548,407,797,1221,-0.3194,true
TX,48439-2553,562,345,915,0.2372,true
TX,48439-2556,617,782,1419,-0.1163,true
TX,48439-2557,605,273,899,0.3693,true
TX,48439-2569,32,7,39,0.641,true
TX,48439-2581,959,622,1591,0.2118,true
TX,48439-2606,8,2,10,0.6,true
TX,48439-2613,1030,422,1477,0.4116,true
TX,48439-2614,237,144,393,0.2366,true
TX,48439-2616,29,11,40,0.45,true
TX,48439-2618,27,9,37,0.4865,true
TX,48439-2726,930,595,1549,0.2163,true
TX,48439-2636,865,1073,1969,-0.1056,true
TX,48439-2843,1004,695,1723,0.1793,true
TX,48439-2644,1928,904,2873,0.3564,true
TX,48439-2645,621,1019,1657,-0.2402,true
TX,48439-2655,349,244,600,0.175,true
TX,48439-2656,32,14,48,0.375,true
TX,48439-2657,9,3,12,0.5,true
TX,48439-2658,152,82,240,0.2917,true
TX,48439-2659,7,5,12,0.1667,true
TX,48439-2660,56,95,152,-0.2566,true
TX,48439-2670,47,33,80,0.175,true
TX,48439-3032,369,559,952,-0.1996,true
TX,48439-3035,1137,1855,3032,-0.2368,true
TX,48439-3036,610,716,1349,-0.0786,true
TX,48439-3037,833,1299,2166,-0.2151,true
TX,48439-3038,1008,1183,2228,-0.0785,true
TX,48439-3728,727,1282,2092,-0.2653,true
TX,48439-3040,760,1589,2365,-0.3505,true
TX,48439-3041,1008,1286,2335,-0.1191,true
TX,48439-3049,753,1713,2496,-0.3846,true
TX,48439-3054,963,1769,2768,-0.2912,true
TX,48439-3063,453,940,1400,-0.3479,true
TX,48439-3072,596,1463,2084,-0.416,true
TX,48439-3114,846,1416,2289,-0.249,true
TX,48439-3131,420,770,1203,-0.2909,true
TX,48439-3139,394,503,909,-0.1199,true
TX,48439-3140,444,832,1292,-0.3003,true
TX,48439-3152,6,22,28,-0.5714,true
TX,48439-3156,479,868,1364,-0.2852,true
TX,48439-3157,667,812,1501,-0.0966,true
TX,48439-3160,910,906,1851,0.0022,true
TX,48439-3164,521,826,1360,-0.2243,true
TX,48439-3166,786,755,1579,0.0196,true
TX,48439-3172,738,970,1729,-0.1342,true
TX,48439-3176,989,1324,2354,-0.1423,true
TX,48439-3177,609,1364,1988,-0.3798,true
TX,48439-3183,1223,1384,2676,-0.0602,true
TX,48439-3187,395,672,1081,-0.2562,true
TX,48439-3192,525,1103,1651,-0.3501,true
TX,48439-3193,819,1835,2700,-0.3763,true
TX,48439-3194,589,853,1467,-0.18,true
TX,48439-3196,636,1076,1732,-0.254,true
TX,48439-3200,749,936,1714,-0.1091,true
TX,48439-3209,1138,2528,3717,-0.374,true
TX,48439-3212,685,726,1433,-0.0286,true
TX,48439-3213,577,760,1352,-0.1354,true
TX,48439-3214,883,1285,2186,-0.1839,true
TX,48439-3215,582,1104,1703,-0.3065,true
TX,48439-3216,1314,1399,2755,-0.0309,true
TX,48439-3240,1214,1847,3100,-0.2042,true
TX,48439-3247,545,567,1134,-0.0194,true
TX,48439-3248,1065,2119,3230,-0.3263,true
TX,48439-3249,1161,1232,2434,-0.0292,true
TX,48439-3254,727,828,1576,-0.0641,true
TX,48439-3260,423,729,1168,-0.262,true
TX,48439-3282,464,749,1228,-0.2321,true
TX,48439-3283,531,808,1357,-0.2041,true
TX,48439-3287,650,1147,1815,-0.2738,true
TX,48439-3289,605,1224,1853,-0.3341,true
TX,48439-3706,1109,1418,2568,-0.1203,true
TX,48439-3322,661,931,1622,-0.1665,true
TX,48439-3323,932,1870,2844,-0.3298,true
TX,48439-3324,645,1050,1724,-0.2349,true
TX,48439-3325,254,513,773,-0.3351,true
TX,48439-3326,394,451,861,-0.0662,true
TX,48439-3327,505,750,1271,-0.1928,true
TX,48439-3329,966,961,1992,0.0025,true
TX,48439-3330,290,575,876,-0.3253,true
TX,48439-3331,780,1797,2619,-0.3883,true
TX,48439-3332,852,1205,2079,-0.1698,true
TX,48439-3333,1305,1911,3258,-0.186,true
TX,48439-3334,694,759,1473,-0.0441,true
TX,48439-3335,678,952,1662,-0.1649,true
TX,48439-3336,1296,1020,2396,0.1152,true
TX,48439-3359,628,1039,1686,-0.2438,true
TX,48439-3361,886,1350,2265,-0.2049,true
TX,48439-3364,484,544,1037,-0.0579,true
TX,48439-3365,1070,2390,3499,-0.3773,true
TX,48439-3367,472,822,1306,-0.268,true
TX,48439-3368,229,395,634,-0.2618,true
TX,48439-3372,1025,1701,2768,-0.2442,true
TX,48439-3384,536,692,1244,-0.1254,true
TX,48439-3385,913,1434,2389,-0.2181,true
TX,48439-3386,601,1461,2092,-0.4111,true
TX,48439-3387,517,1134,1674,-0.3686,true
TX,48439-3389,1389,1283,2733,0.0388,true
TX,48439-3390,1224,2230,3512,-0.2864,true
TX,48439-3391,896,745,1678,0.09,true
TX,48439-3392,598,1263,1877,-0.3543,true
TX,48439-3396,1262,1582,2889,-0.1108,true
TX,48439-3398,430,716,1166,-0.2453,true
TX,48439-3409,4,14,18,-0.5556,true
TX,48439-3417,777,1062,1861,-0.1531,true
TX,48439-3421,381,788,1182,-0.3443,true
TX,48439-3433,167,293,464,-0.2716,true
TX,48439-3443,789,913,1727,-0.0718,true
TX,48439-3469,417,521,947,-0.1098,true
TX,48439-3470,31,78,110,-0.4273,true
TX,48439-3471,462,957,1441,-0.3435,true
TX,48439-3486,1197,1991,3225,-0.2462,true
TX,48439-3500,87,272,361,-0.5125,true
TX,48439-3502,321,982,1310,-0.5046,true
TX,48439-3507,747,1027,1799,-0.1556,true
TX,48439-3509,576,909,1513,-0.2201,true
TX,48439-3510,717,1666,2425,-0.3913,true
TX,48439-3511,1080,823,1952,0.1317,true
TX,48439-3516,544,945,1506,-0.2663,true
TX,48439-3517,787,779,1586,0.005,true
TX,48439-3526,334,667,1009,-0.33,true
TX,48439-3527,704,1281,2017,-0.2861,true
TX,48439-3529,833,1417,2316,-0.2522,true
TX,48439-3530,910,1154,2106,-0.1159,true
TX,48439-3538,1162,1765,2985,-0.202,true
TX,48439-3539,1,7,8,-0.75,true
TX,48439-3542,684,952,1660,-0.1614,true
TX,48439-3545,612,1309,1959,-0.3558,true
TX,48439-3552,1069,1309,2403,-0.0999,true
TX,48439-3554,766,1629,2432,-0.3549,true
TX,48439-3558,881,1860,2779,-0.3523,true
TX,48439-3562,30,85,115,-0.4783,true
TX,48439-3841,623,1184,1822,-0.3079,true
TX,48439-3570,769,1231,2025,-0.2281,true
TX,48439-3574,325,368,703,-0.0612,true
TX,48439-3579,229,527,773,-0.3855,true
TX,48439-3582,0,29,29,-1,true
TX,48439-3624,83,181,284,-0.3451,true
TX,48439-3626,207,415,631,-0.3296,true
TX,48439-3637,887,950,1871,-0.0337,true
TX,48439-3646,982,1516,2531,-0.211,true
TX,48439-3647,1140,1552,2738,-0.1505,true
TX,48439-3648,1099,1830,2965,-0.2465,true
TX,48439-3665,1,9,12,-0.6667,true
TX,48439-3667,32,55,88,-0.2614,true
TX,48439-3668,102,210,315,-0.3429,true
TX,48439-3671,205,494,705,-0.4099,true
TX,48439-4006,458,203,679,0.3756,true
TX,48439-4016,628,526,1170,0.0872,true
TX,48439-4017,882,482,1374,0.2911,true
TX,48439-4018,194,472,674,-0.4125,true
TX,48439-4020,404,632,1047,-0.2178,true
TX,48439-4042,283,444,737,-0.2185,true
TX,48439-4724,136,630,772,-0.6399,true
TX,48439-4046,472,1507,2009,-0.5152,true
TX,48439-4047,530,2174,2726,-0.6031,true
TX,48439-4048,217,113,330,0.3152,true
TX,48439-4050,460,207,670,0.3776,true
TX,48439-4051,1,2,3,-0.3333,true
TX,48439-4053,295,551,857,-0.2987,true
TX,48439-4057,386,218,609,0.2759,true
TX,48439-4060,1203,513,1753,0.3936,true
TX,48439-4067,432,211,651,0.3395,true
TX,48439-4068,370,224,604,0.2417,true
TX,48439-4069,406,1089,1506,-0.4535,true
TX,48439-4070,787,686,1490,0.0678,true
TX,48439-4073,152,175,330,-0.0697,true
TX,48439-4077,131,85,219,0.21,true
TX,48439-4086,722,1281,2026,-0.2759,true
TX,48439-4087,173,77,256,0.375,true
TX,48439-4091,544,1163,1732,-0.3574,true
TX,48439-4092,269,133,410,0.3317,true
TX,48439-4093,535,310,851,0.2644,true
TX,48439-4096,552,271,838,0.3353,true
TX,48439-4097,400,178,590,0.3763,true
TX,48439-4101,373,302,687,0.1033,true
TX,48439-4102,249,318,569,-0.1213,true
TX,48439-4107,295,169,466,0.2704,true
TX,48439-4110,375,159,538,0.4015,true
TX,48439-4113,89,135,226,-0.2035,true
TX,48439-4115,94,380,478,-0.5983,true
TX,48439-4116,766,868,1660,-0.0614,true
TX,48439-4118,490,345,845,0.1716,true
TX,48439-4121,591,963,1571,-0.2368,true
TX,48439-4122,497,286,790,0.2671,true
TX,48439-4123,498,318,825,0.2182,true
TX,48439-4124,530,412,957,0.1233,true
TX,48439-4125,144,164,310,-0.0645,true
TX,48439-4128,664,1275,1967,-0.3106,true
TX,48439-4129,394,520,927,-0.1359,true
TX,48439-4130,807,1183,2020,-0.1861,true
TX,48439-4135,381,427,817,-0.0563,true
TX,48439-4136,743,787,1543,-0.0285,true
TX,48439-4137,494,659,1171,-0.1409,true
TX,48439-4138,207,316,525,-0.2076,true
TX,48439-4141,787,1034,1855,-0.1332,true
TX,48439-4144,460,782,1258,-0.256,true
TX,48439-4155,730,489,1246,0.1934,true
TX,48439-4159,393,640,1039,-0.2377,true
TX,48439-4162,155,171,334,-0.0479,true
TX,48439-4163,476,494,988,-0.0182,true
TX,48439-4178,808,1121,1960,-0.1597,true
TX,48439-4179,401,360,774,0.053,true
TX,48439-4182,1065,1186,2288,-0.0529,true
TX,48439-4191,323,537,872,-0.2454,true
TX,48439-4195,425,244,677,0.2674,true
TX,48439-4201,338,183,524,0.2958,true
TX,48439-4202,456,541,1010,-0.0842,true
TX,48439-4203,679,461,1153,0.1891,true
TX,48439-4204,861,1310,2192,-0.2048,true
TX,48439-4218,314,446,771,-0.1712,true
TX,48439-4222,272,407,693,-0.1948,true
TX,48439-4230,1217,1455,2709,-0.0879,true
TX,48439-4231,457,229,693,0.329,true
TX,48439-4232,669,783,1474,-0.0773,true
TX,48439-4233,629,310,959,0.3326,true
TX,48439-4234,970,1439,2441,-0.1921,true
TX,48439-4239,26,45,71,-0.2676,true
TX,48439-4242,117,320,441,-0.4603,true
TX,48439-4243,758,873,1658,-0.0694,true
TX,48439-4250,716,816,1553,-0.0644,true
TX,48439-4252,393,383,788,0.0127,true
TX,48439-4253,305,278,591,0.0457,true
TX,48439-4256,216,135,354,0.2288,true
TX,48439-4261,935,1097,2065,-0.0785,true
TX,48439-4272,166,244,415,-0.188,true
TX,48439-4276,702,914,1625,-0.1305,true
TX,48439-4284,44,156,200,-0.56,true
TX,48439-4285,260,221,490,0.0796,true
TX,48439-4288,65,31,99,0.3434,true
TX,48439-4290,607,857,1479,-0.169,true
TX,48439-4312,40,33,77,0.0909,true
TX,48439-4328,347,497,855,-0.1754,true
TX,48439-4338,823,1128,1972,-0.1547,true
TX,48439-4340,462,1296,1777,-0.4693,true
TX,48439-4342,790,939,1748,-0.0852,true
TX,48439-4343,713,1109,1848,-0.2143,true
TX,48439-4344,482,643,1144,-0.1407,true
TX,48439-4350,646,448,1111,0.1782,true
TX,48439-4362,0,3,3,-1,true
TX,48439-4369,1084,1872,3007,-0.2621,true
TX,48439-4371,441,1838,2296,-0.6084,true
TX,48439-4373,42,102,145,-0.4138,true
TX,48439-4374,663,822,1513,-0.1051,true
TX,48439-4375,766,1645,2434,-0.3611,true
TX,48439-4395,73,396,472,-0.6843,true
TX,48439-4397,123,134,264,-0.0417,true
TX,48439-4399,26,87,114,-0.5351,true
TX,48439-4400,83,105,189,-0.1164,true
TX,48439-4410,1040,1127,2198,-0.0396,true
TX,48439-4429,1005,1468,2516,-0.184,true
TX,48439-4432,11,4,16,0.4375,true
TX,48439-4452,1179,1437,2665,-0.0968,true
TX,48439-4454,922,1475,2425,-0.228,true
TX,48439-4456,345,479,836,-0.1603,true
TX,48439-4458,5,3,8,0.25,true
TX,48439-4475,22,10,33,0.3636,true
TX,48439-4480,319,621,951,-0.3176,true
TX,48439-4483,13,9,22,0.1818,true
TX,48439-4485,93,132,229,-0.1703,true
TX,48439-4492,371,348,729,0.0316,true
TX,48439-4493,737,758,1510,-0.0139,true
TX,48439-4494,55,54,115,0.0087,true
TX,48439-4495,53,27,82,0.3171,true
TX,48439-4496,210,113,327,0.2966,true
TX,48439-4497,733,467,1219,0.2182,true
TX,48439-4498,176,265,450,-0.1978,true
TX,48439-4836,795,945,1756,-0.0854,true
TX,48439-4503,301,228,533,0.137,true
TX,48439-4508,1145,1410,2589,-0.1024,true
TX,48439-4528,1104,1423,2581,-0.1236,true
TX,48439-4531,685,1304,2015,-0.3072,true
TX,48439-4533,400,568,989,-0.1699,true
TX,48439-4832,460,557,1031,-0.0941,true
TX,48439-4540,862,1141,2038,-0.1369,true
TX,48439-4551,685,1001,1712,-0.1846,true
TX,48439-4565,9,14,23,-0.2174,true
TX,48439-4568,11,24,35,-0.3714,true
TX,48439-4572,19,5,24,0.5833,true
TX,48439-4587,83,18,103,0.6311,true
TX,48439-4588,1239,1759,3054,-0.1703,true
TX,48439-4591,1119,1303,2461,-0.0748,true
TX,48439-4593,200,193,395,0.0177,true
TX,48439-4595,15,29,44,-0.3182,true
TX,48439-4596,38,40,79,-0.0253,true
TX,48439-4599,805,1241,2070,-0.2106,true
TX,48439-4604,0,2,2,-1,true
TX,48439-4620,19,13,32,0.1875,true
TX,48439-4634,439,305,761,0.1761,true
TX,48439-4638,427,562,1009,-0.1338,true
TX,48439-4640,281,219,512,0.1211,true
TX,48439-4649,788,1532,2345,-0.3173,true
TX,48439-4682,137,97,234,0.1709,true
TX,48439-4687,60,46,107,0.1308,true
TX,48439-4689,45,60,106,-0.1415,true
TX,48439-4694,1120,1674,2824,-0.1962,true
TX,48439-3286,216,805,1035,-0.5691,true
TX,48439-3720,476,1366,1863,-0.4777,true
TX,48439-2697,1409,919,2364,0.2073,true
TX,48439-2699,2000,1031,3072,0.3154,true
TX,48439-3695,794,1114,1939,-0.165,true
TX,48439-3696,1228,1919,3197,-0.2161,true
TX,48439-3698,1183,1508,2739,-0.1187,true
TX,48439-3700,596,1044,1658,-0.2702,true
TX,48439-4702,474,658,1155,-0.1593,true
TX,48439-4703,916,931,1863,-0.0081,true
TX,48439-4705,853,977,1850,-0.067,true
TX,48439-4713,1216,1540,2794,-0.116,true
TX,48439-1227,581,304,917,0.3021,true
TX,48439-1715,432,355,798,0.0965,true
TX,48439-3716,624,1162,1807,-0.2977,true
TX,48439-1718,485,347,852,0.162,true
TX,48439-1719,733,1347,2103,-0.292,true
TX,48439-2712,1070,993,2096,0.0367,true
TX,48439-3321,790,1307,2127,-0.2431,true
TX,48439-3709,407,609,1033,-0.1955,true
TX,48439-4711,620,905,1540,-0.1851,true
TX,48439-3422,707,1474,2214,-0.3464,true
TX,48439-2029,670,1011,1716,-0.1987,true
TX,48439-1723,1313,754,2092,0.2672,true
TX,48439-4830,335,933,1278,-0.4679,true
TX,48439-3725,663,1099,1790,-0.2436,true
TX,48439-2635,864,465,1372,0.2908,true
TX,48439-2727,196,250,458,-0.1179,true
TX,48439-3039,416,941,1377,-0.3813,true
TX,48439-3729,302,337,644,-0.0543,true
TX,48439-4707,509,453,968,0.0579,true
TX,48439-2708,780,482,1284,0.2321,true
TX,48439-1837,798,573,1392,0.1616,true
TX,48439-4730,1050,1599,2687,-0.2043,true
TX,48439-2731,1022,569,1611,0.2812,true
TX,48439-3732,372,1173,1557,-0.5145,true
TX,48439-4733,706,872,1593,-0.1042,true
TX,48439-1639,879,265,1161,0.5289,true
TX,48439-3735,339,667,1021,-0.3213,true
TX,48439-4736,329,1095,1440,-0.5319,true
TX,48439-4737,493,669,1178,-0.1494,true
TX,48439-1366,0,4,4,-1,true
TX,48439-1444,42,15,59,0.4576,true
TX,48439-1543,436,154,600,0.47,true
TX,48439-1610,12,19,31,-0.2258,true
TX,48439-1739,21,1,22,0.9091,true
TX,48439-2742,191,180,378,0.0291,true
TX,48439-2741,39,22,62,0.2742,true
TX,48439-2058,11,3,16,0.5,true
TX,48439-2743,12,4,16,0.5,true
TX,48439-2744,122,101,228,0.0921,true
TX,48439-2168,377,276,663,0.1523,true
TX,48439-2745,71,108,181,-0.2044,true
TX,48439-3663,2,3,5,-0.2,true
TX,48439-4685,0,4,4,-1,true
TX,48439-3185,0,3,3,-1,true
TX,48439-3669,2,2,4,0,true
TX,48439-2143,267,213,484,0.1116,true
TX,48439-1001,683,646,1351,0.0274,true
TX,48439-1019,199,141,343,0.1691,true
TX,48439-1710,454,630,1102,-0.1597,true
TX,48439-1848,808,1037,1858,-0.1233,true
TX,48439-1056,113,40,156,0.4679,true
TX,48439-1150,653,248,908,0.446,true
TX,48439-1154,287,100,390,0.4795,true
TX,48439-1175,852,794,1693,0.0343,true
TX,48439-1184,399,310,714,0.1246,true
TX,48439-1188,242,24,269,0.8104,true
TX,48439-1189,944,797,1765,0.0833,true
TX,48439-1198,123,138,263,-0.057,true
TX,48439-1211,925,166,1102,0.6887,true
TX,48439-1236,230,147,391,0.2123,true
TX,48439-1255,1271,648,1941,0.321,true
TX,48439-1293,561,177,745,0.5154,true
TX,48439-1294,943,1219,2181,-0.1265,true
TX,48439-1300,1004,517,1539,0.3164,true
TX,48439-1311,873,300,1187,0.4827,true
TX,48439-1345,217,228,450,-0.0244,true
TX,48439-1376,8,7,16,0.0625,true
TX,48439-1489,865,388,1294,0.3686,true
TX,48439-1490,225,120,354,0.2966,true
TX,48439-1515,3,9,12,-0.5,true
TX,48439-1621,111,41,154,0.4545,true
TX,48439-1622,17,17,35,0,true
TX,48439-1734,1589,591,2211,0.4514,true
TX,48439-1831,1361,817,2214,0.2457,true
TX,48439-1642,1027,480,1522,0.3594,true
TX,48439-1652,85,6,92,0.8587,true
TX,48439-2173,320,469,803,-0.1856,true
TX,48439-2220,873,1061,1977,-0.0951,true
TX,48439-2228,854,946,1835,-0.0501,true
TX,48439-2303,733,803,1562,-0.0448,true
TX,48439-1717,790,782,1585,0.005,true
TX,48439-1722,190,160,357,0.084,true
TX,48439-1738,24,25,49,-0.0204,true
TX,48439-4650,1255,1519,2831,-0.0933,true
TX,48439-4829,669,910,1599,-0.1507,true
TX,48439-4045,558,1479,2056,-0.448,true
TX,48439-4532,230,703,940,-0.5032,true
TX,48439-4044,1304,1909,3254,-0.1859,true
TX,48439-1641,1365,794,2186,0.2612,true
TX,48439-4534,920,1404,2351,-0.2059,true
TX,48439-4259,218,637,865,-0.4844,true
TX,48439-4833,477,1057,1559,-0.372,true
TX,48439-4065,401,1487,1905,-0.5701,true
TX,48439-1111,928,1921,2885,-0.3442,true
TX,48439-2506,895,1123,2052,-0.1111,true
TX,48439-4245,44,23,68,0.3088,true
TX,48439-4499,421,443,867,-0.0254,true
TX,48439-1023,790,833,1650,-0.0261,true
TX,48439-2405,842,468,1333,0.2806,true
TX,48439-2839,767,601,1399,0.1187,true
TX,48439-2484,929,586,1532,0.2239,true
TX,48439-3567,475,1137,1632,-0.4056,true
TX,48439-3465,1056,1486,2570,-0.1673,true
TX,48439-3842,535,751,1307,-0.1653,true
TX,48439-2643,662,380,1062,0.2655,true
TX,48439-4844,452,603,1072,-0.1409,true
TX,48439-1197,640,736,1407,-0.0682,true
TX,48439-4846,486,487,985,-0.001,true
TX,48439-3043,481,1148,1645,-0.4055,true
TX,48439-3847,690,1465,2190,-0.3539,true
TX,48439-1024,282,583,869,-0.3464,true
TX,48439-4849,865,1130,2014,-0.1316,true
TX,48439-3363,326,811,1144,-0.424,true
TX,48439-3850,841,1552,2415,-0.2944,true
TX,48441-Precinct 101,722,1555,2312,-0.3603,true
TX,48441-Precinct 102,464,1014,1503,-0.3659,true
TX,48441-Precinct 103,488,1031,1536,-0.3535,true
TX,48441-Precinct 104,469,1352,1841,-0.4796,true
TX,48441-Precinct 105,673,1477,2179,-0.369,true
TX,48441-Precinct 106,231,575,814,-0.4226,true
TX,48441-Precinct 107,70,388,463,-0.6868,true
TX,48441-Precinct 108,139,983,1131,-0.7462,true
TX,48441-Precinct 109,24,186,212,-0.7642,true
TX,48441-Precinct 110,6,77,84,-0.8452,true
TX,48441-Precinct 201,312,497,821,-0.2253,true
TX,48441-Precinct 202,543,846,1403,-0.216,true
TX,48441-Precinct 203,676,1293,1997,-0.309,true
TX,48441-Precinct 204,337,1024,1377,-0.4989,true
TX,48441-Precinct 205,580,1075,1673,-0.2959,true
TX,48441-Precinct 206,242,1588,1839,-0.7319,true
TX,48441-Precinct 207,30,191,221,-0.7285,true
TX,48441-Precinct 301,497,1116,1635,-0.3786,true
TX,48441-Precinct 302,406,1144,1563,-0.4722,true
TX,48441-Precinct 303,175,1869,2052,-0.8255,true
TX,48441-Precinct 304,633,1467,2115,-0.3943,true
TX,48441-Precinct 305,531,1970,2531,-0.5685,true
TX,48441-Precinct 306,744,2924,3710,-0.5876,true
TX,48441-Precinct 307,602,2792,3430,-0.6385,true
TX,48441-Precinct 308,200,1320,1525,-0.7344,true
TX,48441-Precinct 401,498,1899,2431,-0.5763,true
TX,48441-Precinct 402,659,1307,1997,-0.3245,true
TX,48441-Precinct 403,516,868,1416,-0.2486,true
TX,48441-Precinct 404,509,871,1390,-0.2604,true
TX,48441-Precinct 405,313,673,1001,-0.3596,true
TX,48441-Precinct 406,657,1614,2291,-0.4177,true
TX,48441-Precinct 407,211,702,919,-0.5343,true
TX,48441-Precinct 408,416,2717,3156,-0.7291,true
TX,48441-Precinct 409,51,793,849,-0.874,true
TX,48443-Precinct 1,22,76,99,-0.5455,true
TX,48443-Precinct 2A,32,42,78,-0.1282,true
TX,48443-Precinct 2B,6,13,19,-0.3684,true
TX,48443-Precinct 3,12,99,113,-0.7699,true
TX,48443-Precinct 4A,12,41,53,-0.5472,true
TX,48443-Precinct 4B,5,15,20,-0.5,true
TX,48443-Precinct 4C,3,15,18,-0.6667,true
TX,48445-Precinct 101,142,1030,1180,-0.7525,true
TX,48445-Precinct 201,99,361,461,-0.5683,true
TX,48445-Precinct 202,55,276,334,-0.6617,true
TX,48445-Precinct 301,170,476,649,-0.4715,true
TX,48445-Precinct 401,114,505,624,-0.6266,true
TX,48445-Precinct 402,7,167,178,-0.8989,true
TX,48447-Precinct 1,6,202,208,-0.9423,true
TX,48447-Precinct 2,18,218,236,-0.8475,true
TX,48447-Precinct 3003,30,225,257,-0.7588,true
TX,48447-Precinct 4005,12,39,53,-0.5094,true
TX,48447-Precinct 4006,7,139,146,-0.9041,true
TX,48449-Precinct 1,161,87,249,0.2972,true
TX,48449-Precinct 2,106,320,427,-0.5012,true
TX,48449-Precinct 3,62,383,448,-0.7165,true
TX,48449-Precinct 4,75,444,528,-0.6989,true
TX,48449-Precinct 5,29,212,243,-0.7531,true
TX,48449-Precinct 6,98,774,879,-0.7691,true
TX,48449-Precinct 7,126,733,866,-0.7009,true
TX,48449-Precinct 8,241,283,528,-0.0795,true
TX,48449-Precinct 9,57,242,300,-0.6167,true
TX,48449-Precinct 10,42,603,648,-0.8657,true
TX,48449-Precinct 11,17,95,113,-0.6903,true
TX,48449-Precinct 12,21,193,216,-0.7963,true
TX,48449-Precinct 14,341,648,996,-0.3082,true
TX,48449-Precinct 15,71,428,509,-0.7014,true
TX,48449-Precinct 16,350,1318,1681,-0.5758,true
TX,48449-Precinct 17,142,107,251,0.1394,true
TX,48449-Precinct 18,18,100,120,-0.6833,true
TX,48449-Precinct 19,113,289,404,-0.4356,true
TX,48449-Precinct 20,205,602,823,-0.4824,true
TX,48451-Precinct 106,259,517,780,-0.3308,true
TX,48451-Precinct 107,210,445,668,-0.3518,true
TX,48451-Precinct 108,65,614,683,-0.8038,true
TX,48451-Precinct 112,87,640,729,-0.7586,true
TX,48451-Precinct 114,211,180,395,0.0785,true
TX,48451-Precinct 124,312,306,623,0.0096,true
TX,48451-Precinct 137,564,782,1367,-0.1595,true
TX,48451-Precinct 144,343,520,878,-0.2016,true
TX,48451-Precinct 146,575,901,1497,-0.2178,true
TX,48451-Precinct 201,439,963,1414,-0.3706,true
TX,48451-Precinct 213,189,2212,2417,-0.837,true
TX,48451-Precinct 215,378,1291,1698,-0.5377,true
TX,48451-Precinct 225,4,70,74,-0.8919,true
TX,48451-Precinct 228,496,1159,1675,-0.3958,true
TX,48451-Precinct 230,551,1603,2182,-0.4821,true
TX,48451-Precinct 241,899,3325,4256,-0.57,true
TX,48451-Precinct 304,502,1456,1975,-0.483,true
TX,48451-Precinct 306,321,783,1114,-0.4147,true
TX,48451-Precinct 308,75,120,195,-0.2308,true
TX,48451-Precinct 318,204,1304,1517,-0.7251,true
TX,48451-Precinct 319,674,1774,2478,-0.4439,true
TX,48451-Precinct 327,406,767,1180,-0.3059,true
TX,48451-Precinct 348,174,793,969,-0.6388,true
TX,48451-Precinct 351,57,227,286,-0.5944,true
TX,48451-Precinct 358,226,1577,1813,-0.7452,true
TX,48451-Precinct 401,36,57,96,-0.2188,true
TX,48451-Precinct 402,677,1226,1932,-0.2842,true
TX,48451-Precinct 420,151,455,612,-0.4967,true
TX,48451-Precinct 421,667,1960,2662,-0.4857,true
TX,48451-Precinct 422,119,1046,1177,-0.7876,true
TX,48451-Precinct 423,90,782,876,-0.79,true
TX,48451-Precinct 424,422,1013,1447,-0.4084,true
TX,48451-Precinct 434,229,420,658,-0.2903,true
TX,48451-Precinct 435,200,461,667,-0.3913,true
TX,48451-Precinct 436,773,1650,2470,-0.3551,true
TX,48453-360,1532,957,2540,0.2264,true
TX,48453-363,1283,1420,2772,-0.0494,true
TX,48453-292,1248,1286,2594,-0.0146,true
TX,48453-361,568,470,1056,0.0928,true
TX,48453-349,1705,868,2642,0.3168,true
TX,48453-336,1909,955,2916,0.3272,true
TX,48453-346,2102,933,3103,0.3767,true
TX,48453-472,1843,1061,2960,0.2642,true
TX,48453-452,1467,582,2103,0.4208,true
TX,48453-465,1174,339,1545,0.5405,true
TX,48453-455,1221,464,1722,0.4396,true
TX,48453-450,2314,655,3044,0.545,true
TX,48453-456,1240,429,1703,0.4762,true
TX,48453-470,1219,419,1668,0.4796,true
TX,48453-449,1866,559,2475,0.5281,true
TX,48453-333,1191,384,1609,0.5016,true
TX,48453-345,1550,569,2162,0.4537,true
TX,48453-438,1142,257,1437,0.6159,true
TX,48453-447,686,262,976,0.4344,true
TX,48453-334,1704,637,2386,0.4472,true
TX,48453-353,1257,1644,2978,-0.13,true
TX,48453-325,439,261,728,0.2445,true
TX,48453-326,1283,1068,2426,0.0886,true
TX,48453-323,1105,936,2104,0.0803,true
TX,48453-357,1620,694,2378,0.3894,true
TX,48453-340,1976,751,2800,0.4375,true
TX,48453-321,912,593,1545,0.2065,true
TX,48453-327,1303,830,2210,0.214,true
TX,48453-306,2300,473,2840,0.6433,true
TX,48453-307,2260,453,2790,0.6477,true
TX,48453-354,1974,1097,3142,0.2791,true
TX,48453-305,990,315,1338,0.5045,true
TX,48453-322,1564,884,2516,0.2703,true
TX,48453-416,1553,381,1985,0.5904,true
TX,48453-433,357,101,468,0.547,true
TX,48453-415,1517,273,1850,0.6724,true
TX,48453-430,1313,330,1691,0.5813,true
TX,48453-431,1687,359,2108,0.63,true
TX,48453-414,2110,578,2761,0.5549,true
TX,48453-432,575,121,715,0.635,true
TX,48453-230,2048,829,2961,0.4117,true
TX,48453-290,1669,1750,3533,-0.0229,true
TX,48453-437,2219,543,2826,0.5931,true
TX,48453-375,1238,1733,3022,-0.1638,true
TX,48453-366,1003,1805,2873,-0.2792,true
TX,48453-294,822,896,1750,-0.0423,true
TX,48453-374,904,1131,2059,-0.1102,true
TX,48453-373,742,925,1686,-0.1085,true
TX,48453-364,1027,1361,2432,-0.1373,true
TX,48453-371,887,1143,2066,-0.1239,true
TX,48453-396,648,1176,1865,-0.2831,true
TX,48453-280,980,2101,3129,-0.3583,true
TX,48453-232,2002,745,2812,0.447,true
TX,48453-291,412,374,804,0.0473,true
TX,48453-272,1788,1813,3669,-0.0068,true
TX,48453-270,1834,1207,3131,0.2003,true
TX,48453-384,1876,829,2774,0.3774,true
TX,48453-392,726,1054,1817,-0.1805,true
TX,48453-391,1152,1019,2225,0.0598,true
TX,48453-271,1060,942,2056,0.0574,true
TX,48453-275,859,680,1578,0.1134,true
TX,48453-235,1973,797,2836,0.4147,true
TX,48453-268,1280,549,1885,0.3878,true
TX,48453-267,1684,724,2469,0.3888,true
TX,48453-386,1461,734,2261,0.3215,true
TX,48453-380,1832,788,2708,0.3855,true
TX,48453-475,457,302,768,0.2018,true
TX,48453-471,2207,734,3012,0.489,true
TX,48453-483,1794,862,2704,0.3447,true
TX,48453-462,1298,420,1755,0.5003,true
TX,48453-111,1681,253,1990,0.7176,true
TX,48453-101,1275,217,1548,0.6835,true
TX,48453-105,1689,233,1989,0.732,true
TX,48453-116,1558,223,1822,0.7327,true
TX,48453-113,1498,231,1769,0.7162,true
TX,48453-107,2176,360,2591,0.7009,true
TX,48453-215,644,93,759,0.726,true
TX,48453-214,1368,198,1614,0.7249,true
TX,48453-117,1548,168,1754,0.7868,true
TX,48453-104,2038,182,2296,0.8084,true
TX,48453-207,1992,244,2309,0.757,true
TX,48453-312,2843,511,3426,0.6807,true
TX,48453-200,2099,537,2709,0.5766,true
TX,48453-206,1556,198,1814,0.7486,true
TX,48453-304,2058,724,2868,0.4651,true
TX,48453-420,1546,344,1958,0.6139,true
TX,48453-411,1490,409,1932,0.5595,true
TX,48453-413,1227,228,1493,0.6691,true
TX,48453-412,1134,264,1430,0.6084,true
TX,48453-403,1531,315,1904,0.6387,true
TX,48453-405,2461,470,2999,0.6639,true
TX,48453-400,1011,538,1593,0.2969,true
TX,48453-418,1359,281,1687,0.639,true
TX,48453-410,1528,310,1881,0.6475,true
TX,48453-404,105,23,133,0.6165,true
TX,48453-213,1978,238,2312,0.7526,true
TX,48453-212,2114,350,2549,0.692,true
TX,48453-435,1339,352,1734,0.5692,true
TX,48453-201,1825,924,2825,0.3189,true
TX,48453-211,1592,257,1904,0.7012,true
TX,48453-205,2576,580,3228,0.6183,true
TX,48453-491,1896,640,2593,0.4844,true
TX,48453-481,1385,701,2117,0.3231,true
TX,48453-137,1450,394,1895,0.5573,true
TX,48453-135,665,248,927,0.4498,true
TX,48453-162,1712,868,2642,0.3195,true
TX,48453-186,1110,435,1583,0.4264,true
TX,48453-184,1299,563,1907,0.3859,true
TX,48453-178,819,500,1355,0.2354,true
TX,48453-131,993,259,1284,0.5717,true
TX,48453-134,1757,549,2364,0.511,true
TX,48453-165,1327,532,1894,0.4197,true
TX,48453-177,1534,883,2474,0.2631,true
TX,48453-138,2361,833,3283,0.4654,true
TX,48453-130,1710,318,2071,0.6721,true
TX,48453-180,1282,659,1969,0.3164,true
TX,48453-160,935,540,1508,0.2619,true
TX,48453-132,1301,408,1765,0.5059,true
TX,48453-253,1520,762,2332,0.325,true
TX,48453-256,1577,635,2265,0.4159,true
TX,48453-242,1443,435,1930,0.5223,true
TX,48453-250,1092,308,1456,0.5385,true
TX,48453-192,1098,483,1635,0.3761,true
TX,48453-190,673,271,967,0.4157,true
TX,48453-240,1491,394,1926,0.5696,true
TX,48453-244,1110,294,1443,0.5655,true
TX,48453-164,1426,673,2156,0.3493,true
TX,48453-251,1233,438,1709,0.4652,true
TX,48453-252,665,376,1060,0.2726,true
TX,48453-260,1097,460,1584,0.4021,true
TX,48453-234,1704,500,2281,0.5278,true
TX,48453-220,1751,322,2109,0.6776,true
TX,48453-210,1180,283,1514,0.5925,true
TX,48453-225,1848,271,2178,0.7241,true
TX,48453-223,1289,232,1557,0.6789,true
TX,48453-238,1972,614,2645,0.5134,true
TX,48453-227,1534,330,1927,0.6248,true
TX,48453-226,1607,368,2040,0.6074,true
TX,48453-262,1341,495,1893,0.4469,true
TX,48453-264,1901,551,2499,0.5402,true
TX,48453-236,2011,741,2820,0.4504,true
TX,48453-265,990,288,1320,0.5318,true
TX,48453-266,1642,557,2267,0.4786,true
TX,48453-255,1663,601,2331,0.4556,true
TX,48453-247,990,254,1271,0.5791,true
TX,48453-237,1489,455,1980,0.5222,true
TX,48453-382,1766,569,2398,0.4992,true
TX,48453-127,1649,715,2409,0.3877,true
TX,48453-154,1482,999,2538,0.1903,true
TX,48453-156,1858,1124,3049,0.2407,true
TX,48453-490,951,824,1800,0.0706,true
TX,48453-146,163,189,356,-0.073,true
TX,48453-224,1516,204,1755,0.7476,true
TX,48453-221,2613,344,3034,0.7479,true
TX,48453-474,1642,821,2526,0.325,true
TX,48453-482,258,131,403,0.3151,true
TX,48453-473,1445,515,2003,0.4643,true
TX,48453-424,1893,545,2509,0.5373,true
TX,48453-480,287,114,403,0.4293,true
TX,48453-425,1452,343,1866,0.5943,true
TX,48453-421,1427,559,2031,0.4274,true
TX,48453-426,826,173,1033,0.6321,true
TX,48453-423,1187,246,1469,0.6406,true
TX,48453-402,1776,399,2239,0.615,true
TX,48453-401,1736,470,2255,0.5614,true
TX,48453-427,1029,249,1316,0.5927,true
TX,48453-461,1053,315,1399,0.5275,true
TX,48453-460,797,234,1048,0.5372,true
TX,48453-466,1355,406,1808,0.5249,true
TX,48453-464,2709,812,3604,0.5264,true
TX,48453-467,1338,408,1785,0.521,true
TX,48453-122,1039,265,1330,0.582,true
TX,48453-124,1194,256,1490,0.6295,true
TX,48453-123,804,224,1052,0.5513,true
TX,48453-125,441,191,648,0.3858,true
TX,48453-142,1855,812,2727,0.3825,true
TX,48453-145,1010,734,1782,0.1549,true
TX,48453-174,486,279,785,0.2637,true
TX,48453-141,2308,909,3291,0.4251,true
TX,48453-143,1860,831,2746,0.3747,true
TX,48453-144,1105,467,1609,0.3965,true
TX,48453-155,1406,890,2337,0.2208,true
TX,48453-152,1698,990,2749,0.2575,true
TX,48453-153,1622,1206,2886,0.1441,true
TX,48453-367,769,1447,2247,-0.3017,true
TX,48453-436,1162,302,1508,0.5703,true
TX,48453-448,1346,369,1763,0.5542,true
TX,48453-140,138,46,188,0.4894,true
TX,48453-332,1436,394,1868,0.5578,true
TX,48453-171,1678,887,2627,0.3011,true
TX,48453-161,705,356,1096,0.3184,true
TX,48453-103,1415,187,1662,0.7389,true
TX,48453-114,1368,189,1604,0.735,true
TX,48453-216,2064,393,2538,0.6584,true
TX,48453-454,1078,368,1475,0.4814,true
TX,48453-335,1853,828,2760,0.3714,true
TX,48453-348,1840,835,2757,0.3645,true
TX,48453-173,626,473,1124,0.1361,true
TX,48453-313,2142,522,2728,0.5938,true
TX,48453-314,1852,342,2254,0.6699,true
TX,48453-231,1932,1135,3141,0.2537,true
TX,48453-233,2026,786,2883,0.4301,true
TX,48453-133,983,220,1229,0.6208,true
TX,48453-241,1137,338,1508,0.5298,true
TX,48453-245,1489,647,2186,0.3852,true
TX,48453-243,1593,580,2237,0.4528,true
TX,48453-246,1635,489,2175,0.5269,true
TX,48453-254,1958,732,2774,0.442,true
TX,48453-191,1445,440,1939,0.5183,true
TX,48453-194,1135,463,1643,0.409,true
TX,48453-263,1453,501,1990,0.4784,true
TX,48453-261,1033,356,1425,0.4751,true
TX,48453-383,2024,827,2923,0.4095,true
TX,48453-385,1749,894,2707,0.3158,true
TX,48453-387,957,562,1551,0.2547,true
TX,48453-394,1479,1557,3117,-0.025,true
TX,48453-351,1434,972,2479,0.1864,true
TX,48453-390,1615,1385,3064,0.0751,true
TX,48453-281,1143,2047,3242,-0.2788,true
TX,48453-303,146,93,249,0.2129,true
TX,48453-343,1564,631,2250,0.4147,true
TX,48453-342,1779,525,2360,0.5314,true
TX,48453-341,1610,491,2155,0.5193,true
TX,48453-344,1660,620,2335,0.4454,true
TX,48453-350,2209,756,3039,0.4781,true
TX,48453-358,1783,675,2519,0.4399,true
TX,48453-356,1367,581,2000,0.393,true
TX,48453-320,1736,1073,2876,0.2305,true
TX,48453-315,1959,343,2350,0.6877,true
TX,48453-300,1120,459,1626,0.4065,true
TX,48453-311,3018,667,3771,0.6234,true
TX,48453-310,2213,507,2787,0.6121,true
TX,48453-302,1606,778,2440,0.3393,true
TX,48453-301,993,649,1683,0.2044,true
TX,48453-204,1877,408,2368,0.6204,true
TX,48453-203,1605,232,1903,0.7215,true
TX,48453-202,1293,279,1616,0.6275,true
TX,48453-115,217,35,255,0.7137,true
TX,48453-100,1643,359,2063,0.6224,true
TX,48453-102,1788,234,2093,0.7425,true
TX,48453-112,1095,116,1243,0.7876,true
TX,48453-106,2703,345,3129,0.7536,true
TX,48453-110,1444,230,1739,0.6981,true
TX,48453-120,836,140,999,0.6967,true
TX,48453-126,2348,841,3260,0.4623,true
TX,48453-181,849,308,1186,0.4562,true
TX,48453-185,275,293,578,-0.0311,true
TX,48453-182,928,422,1390,0.364,true
TX,48453-183,770,262,1058,0.4802,true
TX,48453-193,1250,447,1738,0.462,true
TX,48453-176,47,24,72,0.3194,true
TX,48453-381,960,575,1569,0.2454,true
TX,48453-274,1591,1229,2882,0.1256,true
TX,48453-273,1181,1280,2513,-0.0394,true
TX,48453-393,1469,1471,2994,-0.0007,true
TX,48453-282,877,1324,2230,-0.2004,true
TX,48453-395,756,1242,2025,-0.24,true
TX,48453-293,1331,1652,3055,-0.1051,true
TX,48453-372,258,285,563,-0.048,true
TX,48453-330,1970,671,2716,0.4783,true
TX,48453-417,983,223,1242,0.6119,true
TX,48453-150,1894,1167,3158,0.2302,true
TX,48453-172,187,101,294,0.2925,true
TX,48453-347,1741,770,2575,0.3771,true
TX,48453-434,847,197,1065,0.6103,true
TX,48453-439,1002,240,1271,0.5995,true
TX,48453-331,1109,276,1418,0.5874,true
TX,48453-451,1363,377,1781,0.5536,true
TX,48453-446,2101,555,2706,0.5713,true
TX,48453-445,1589,420,2068,0.5653,true
TX,48453-453,1201,361,1606,0.523,true
TX,48453-337,2589,1042,3703,0.4178,true
TX,48453-463,668,228,913,0.4819,true
TX,48453-422,698,140,855,0.6526,true
TX,48453-121,1276,257,1574,0.6474,true
TX,48453-151,1037,608,1691,0.2537,true
TX,48453-170,1106,607,1749,0.2853,true
TX,48453-362,1514,1837,3423,-0.0944,true
TX,48453-352,1223,803,2080,0.2019,true
TX,48453-324,1324,806,2182,0.2374,true
TX,48453-370,1458,1373,2879,0.0295,true
TX,48453-376,1111,1885,3053,-0.2535,true
TX,48453-365,1040,1626,2711,-0.2162,true
TX,48453-163,1349,715,2120,0.2991,true
TX,48453-136,757,238,1025,0.5063,true
TX,48453-355,296,156,459,0.305,true
TX,48455-Precinct 1,58,363,425,-0.7176,true
TX,48455-Precinct 2,85,564,655,-0.7313,true
TX,48455-Precinct 3,58,304,366,-0.6721,true
TX,48455-Precinct 4,31,202,233,-0.7339,true
TX,48455-Precinct 5,36,172,208,-0.6538,true
TX,48455-Precinct 6,29,168,197,-0.7056,true
TX,48455-Precinct 7,20,151,172,-0.7616,true
TX,48455-Precinct 8,38,260,299,-0.7425,true
TX,48455-Precinct 9,69,339,409,-0.6601,true
TX,48455-Precinct 10,28,176,204,-0.7255,true
TX,48455-Precinct 11,206,1025,1246,-0.6573,true
TX,48455-Precinct 12,15,64,79,-0.6203,true
TX,48455-Precinct 14,81,419,504,-0.6706,true
TX,48455-Precinct 15,13,82,95,-0.7263,true
TX,48455-Precinct 16,72,319,391,-0.6317,true
TX,48455-Precinct 17,105,344,450,-0.5311,true
TX,48455-Precinct 18,35,47,82,-0.1463,true
TX,48455-Precinct 19,164,815,983,-0.6623,true
TX,48455-Precinct 20,8,54,62,-0.7419,true
TX,48455-Precinct 21,41,253,296,-0.7162,true
TX,48457-Precinct 1,45,296,342,-0.7339,true
TX,48457-Precinct 2,196,484,683,-0.4217,true
TX,48457-Precinct 3,164,776,946,-0.6469,true
TX,48457-Precinct 4,94,883,984,-0.8018,true
TX,48457-Precinct 5,57,108,165,-0.3091,true
TX,48457-Precinct 6,40,272,314,-0.7389,true
TX,48457-Precinct 7,33,448,486,-0.8539,true
TX,48457-Precinct 8,15,145,161,-0.8075,true
TX,48457-Precinct 9,28,313,343,-0.8309,true
TX,48457-Precinct 10,98,924,1028,-0.8035,true
TX,48457-Precinct 11,6,83,90,-0.8556,true
TX,48457-Precinct 13,48,358,406,-0.7635,true
TX,48457-Precinct 14,99,1094,1198,-0.8306,true
TX,48457-Precinct 15,60,689,756,-0.832,true
TX,48457-Precinct 16,42,433,479,-0.8163,true
TX,48457-Precinct 17,93,378,477,-0.5975,true
TX,48457-Precinct 18,134,643,780,-0.6526,true
TX,48459-Precinct 1,193,1174,1371,-0.7155,true
TX,48459-Precinct 2,172,1892,2077,-0.8281,true
TX,48459-Precinct 3,137,924,1070,-0.7355,true
TX,48459-Precinct 4,142,836,986,-0.7039,true
TX,48459-Precinct 5,78,292,372,-0.5753,true
TX,48459-Precinct 6,166,1054,1225,-0.7249,true
TX,48459-Precinct 7,264,1693,1961,-0.7287,true
TX,48459-Precinct 8,98,593,698,-0.7092,true
TX,48459-Precinct 9,201,1167,1383,-0.6985,true
TX,48459-Precinct 10,179,1717,1912,-0.8044,true
TX,48459-Precinct 11,90,417,513,-0.6374,true
TX,48459-Precinct 12,86,500,588,-0.7041,true
TX,48459-Precinct 13,108,421,530,-0.5906,true
TX,48459-Precinct 14,66,489,558,-0.7581,true
TX,48459-Precinct 15A,138,1422,1573,-0.8163,true
TX,48459-Precinct 16,245,809,1064,-0.5301,true
TX,48459-Precinct 17,354,1108,1468,-0.5136,true
TX,48459-Precinct 18,92,295,391,-0.5192,true
TX,48459-Precinct 20,11,136,147,-0.8503,true
TX,48461-Precinct 1,30,349,381,-0.8373,true
TX,48461-Precinct 2,9,95,105,-0.819,true
TX,48461-Precinct 3,42,206,250,-0.656,true
TX,48461-Precinct 4,44,309,353,-0.7507,true
TX,48461-Precinct 5,1,60,61,-0.9672,true
TX,48461-Precinct 6,20,130,153,-0.719,true
TX,48463-Precinct 1,200,343,547,-0.2614,true
TX,48463-Precinct 2,248,579,837,-0.3955,true
TX,48463-Precinct 3,32,462,503,-0.8549,true
TX,48463-Precinct 4,51,359,412,-0.7476,true
TX,48463-Precinct 5,271,858,1136,-0.5167,true
TX,48463-Precinct 6,40,163,205,-0.6,true
TX,48463-Precinct 7,82,406,488,-0.6639,true
TX,48463-Precinct 8,428,535,971,-0.1102,true
TX,48463-Precinct 9,367,253,625,0.1824,true
TX,48463-Precinct 10,228,240,474,-0.0253,true
TX,48463-Precinct 11,61,294,358,-0.6508,true
TX,48463-Precinct 12,560,1083,1652,-0.3166,true
TX,48463-Precinct 13,637,835,1477,-0.1341,true
TX,48463-Precinct 14,13,72,87,-0.6782,true
TX,48465-Precinct 10,621,874,1518,-0.1667,true
TX,48465-Precinct 11,431,414,851,0.02,true
TX,48465-Precinct 12A,36,62,98,-0.2653,true
TX,48465-Precinct 12B,49,85,134,-0.2687,true
TX,48465-Precinct 12C,1,3,4,-0.5,true
TX,48465-Precinct 13,267,466,749,-0.2657,true
TX,48465-Precinct 20,18,130,149,-0.7517,true
TX,48465-Precinct 21,315,348,671,-0.0492,true
TX,48465-Precinct 22,432,571,1018,-0.1365,true
TX,48465-Precinct 23,39,146,187,-0.5722,true
TX,48465-Precinct 24,244,443,695,-0.2863,true
TX,48465-Precinct 30,481,796,1291,-0.244,true
TX,48465-Precinct 31,749,1619,2400,-0.3625,true
TX,48465-Precinct 32,31,173,205,-0.6927,true
TX,48465-Precinct 33,305,1173,1484,-0.5849,true
TX,48465-Precinct 40,995,1290,2312,-0.1276,true
TX,48465-Precinct 41,260,494,762,-0.3071,true
TX,48465-Precinct 42,2,28,31,-0.8387,true
TX,48465-Precinct 43,6,47,53,-0.7736,true
TX,48467-Precinct 1A,181,1485,1680,-0.7762,true
TX,48467-Precinct 1B,278,1884,2172,-0.7394,true
TX,48467-Precinct 1C,121,1107,1236,-0.7977,true
TX,48467-Precinct 1D,122,871,995,-0.7528,true
TX,48467-Precinct 1E,110,482,597,-0.6231,true
TX,48467-Precinct 2A,313,2456,2784,-0.7698,true
TX,48467-Precinct 2B,128,1204,1339,-0.8036,true
TX,48467-Precinct 2C,174,1742,1921,-0.8162,true
TX,48467-Precinct 2D,123,1237,1365,-0.8161,true
TX,48467-Precinct 3A,93,466,564,-0.6613,true
TX,48467-Precinct 3B,239,974,1218,-0.6034,true
TX,48467-Precinct 3C,399,1891,2305,-0.6473,true
TX,48467-Precinct 3D,222,2113,2349,-0.805,true
TX,48467-Precinct 4A,109,961,1075,-0.7926,true
TX,48467-Precinct 4B,171,1228,1406,-0.7518,true
TX,48467-Precinct 4C,174,1159,1344,-0.7329,true
TX,48467-Precinct 4D,403,2229,2641,-0.6914,true
TX,48467-Precinct 4E,90,862,959,-0.805,true
TX,48469-Precinct 1,134,112,249,0.0884,true
TX,48469-Precinct 2,222,321,550,-0.18,true
TX,48469-Precinct 3,235,486,733,-0.3424,true
TX,48469-Precinct 4,289,335,627,-0.0734,true
TX,48469-Precinct 5,559,655,1225,-0.0784,true
TX,48469-Precinct 6,70,56,127,0.1102,true
TX,48469-Precinct 7,624,570,1202,0.0449,true
TX,48469-Precinct 8,506,717,1235,-0.1709,true
TX,48469-Precinct 9,172,295,471,-0.2611,true
TX,48469-Precinct 10,284,543,832,-0.3113,true
TX,48469-Precinct 11,67,233,303,-0.5479,true
TX,48469-Precinct 12,127,259,391,-0.3376,true
TX,48469-Precinct 13,265,443,710,-0.2507,true
TX,48469-Precinct 14,216,699,924,-0.5227,true
TX,48469-Precinct 15,17,79,96,-0.6458,true
TX,48469-Precinct 16,48,249,299,-0.6722,true
TX,48469-Precinct 17,105,185,295,-0.2712,true
TX,48469-Precinct 18,489,2238,2745,-0.6372,true
TX,48469-Precinct 19,659,1128,1803,-0.2601,true
TX,48469-Precinct 20,150,833,991,-0.6892,true
TX,48469-Precinct 21,707,2376,3108,-0.537,true
TX,48469-Precinct 22,173,1141,1322,-0.7322,true
TX,48469-Precinct 23,224,1049,1284,-0.6425,true
TX,48469-Precinct 24,188,1079,1274,-0.6994,true
TX,48469-Precinct 25,846,1784,2647,-0.3544,true
TX,48469-Precinct 26,104,486,590,-0.6475,true
TX,48469-Precinct 27,128,1314,1450,-0.8179,true
TX,48469-Precinct 28,37,328,367,-0.7929,true
TX,48469-Precinct 29,515,1366,1905,-0.4467,true
TX,48469-Precinct 30,106,214,323,-0.3344,true
TX,48469-Precinct 31,283,440,729,-0.2154,true
TX,48469-Precinct 32,314,306,625,0.0128,true
TX,48469-Precinct 33,782,2414,3238,-0.504,true
TX,48469-Precinct 34,255,206,462,0.1061,true
TX,48469-Precinct 35,98,71,173,0.1561,true
TX,48471-Precinct 101,282,221,506,0.1206,true
TX,48471-Precinct 102,1342,1516,2890,-0.0602,true
TX,48471-Precinct 103,277,1021,1304,-0.5706,true
TX,48471-Precinct 104,247,1337,1598,-0.6821,true
TX,48471-Precinct 201A,489,520,1022,-0.0303,true
TX,48471-Precinct 201B,1,2,3,-0.3333,true
TX,48471-Precinct 203,454,1742,2214,-0.5818,true
TX,48471-Precinct 204A,121,351,478,-0.4812,true
TX,48471-Precinct 204B,140,417,561,-0.4938,true
TX,48471-Precinct 205,539,1758,2310,-0.5277,true
TX,48471-Precinct 206,306,733,1048,-0.4074,true
TX,48471-Precinct 301,863,656,1533,0.135,true
TX,48471-Precinct 302,195,491,688,-0.4302,true
TX,48471-Precinct 303,91,389,482,-0.6183,true
TX,48471-Precinct 304,482,2186,2690,-0.6335,true
TX,48471-Precinct 401,877,714,1616,0.1009,true
TX,48471-Precinct 403A,199,715,916,-0.5633,true
TX,48471-Precinct 403B,0,1,1,-1,true
TX,48471-Precinct 404,534,2705,3253,-0.6674,true
TX,48471-Precinct 405,22,40,62,-0.2903,true
TX,48473-Precinct 101,347,1014,1370,-0.4869,true
TX,48473-Precinct 102,781,1074,1876,-0.1562,true
TX,48473-Precinct 103,81,145,231,-0.2771,true
TX,48473-Precinct 104,151,308,463,-0.3391,true
TX,48473-Precinct 105,128,682,814,-0.6806,true
TX,48473-Precinct 106,283,672,965,-0.4031,true
TX,48473-Precinct 207,358,2352,2727,-0.7312,true
TX,48473-Precinct 208,347,854,1212,-0.4183,true
TX,48473-Precinct 209,372,1958,2351,-0.6746,true
TX,48473-Precinct 210,82,275,359,-0.5376,true
TX,48473-Precinct 311,2223,67,2305,0.9354,true
TX,48473-Precinct 312,873,221,1110,0.5874,true
TX,48473-Precinct 313,207,1072,1297,-0.6669,true
TX,48473-Precinct 314,1134,1366,2534,-0.0916,true
TX,48473-Precinct 315,32,138,171,-0.6199,true
TX,48473-Precinct 416,73,225,303,-0.5017,true
TX,48473-Precinct 418,690,1739,2461,-0.4262,true
TX,48473-Precinct 419,752,576,1345,0.1309,true
TX,48473-Precinct 420,1269,2339,3667,-0.2918,true
TX,48475-Precinct 2,186,1037,1231,-0.6913,true
TX,48475-Precinct 1E,162,410,575,-0.4313,true
TX,48475-Precinct 1W,66,76,142,-0.0704,true
TX,48475-Precinct 3N,83,784,875,-0.8011,true
TX,48475-Precinct 3S,26,148,175,-0.6971,true
TX,48475-Precinct 4E,81,476,558,-0.7079,true
TX,48475-Precinct 4M,15,123,138,-0.7826,true
TX,48475-Precinct 4W,8,61,71,-0.7465,true
TX,48477-Precinct 101,281,637,928,-0.3836,true
TX,48477-Precinct 104,634,453,1095,0.1653,true
TX,48477-Precinct 109,141,716,863,-0.6663,true
TX,48477-Precinct 115,164,566,736,-0.5462,true
TX,48477-Precinct 117,32,12,44,0.4545,true
TX,48477-Precinct 121,17,38,58,-0.3621,true
TX,48477-Precinct 202,0,3,3,-1,true
TX,48477-Precinct 203,295,1297,1612,-0.6216,true
TX,48477-Precinct 205,476,1462,1968,-0.501,true
TX,48477-Precinct 208,187,1075,1277,-0.6954,true
TX,48477-Precinct 307,416,1238,1665,-0.4937,true
TX,48477-Precinct 311,156,827,996,-0.6737,true
TX,48477-Precinct 312,138,871,1014,-0.7229,true
TX,48477-Precinct 320,201,1300,1519,-0.7235,true
TX,48477-Precinct 406,349,911,1271,-0.4422,true
TX,48477-Precinct 410,166,817,988,-0.6589,true
TX,48477-Precinct 413,204,1230,1445,-0.71,true
TX,48477-Precinct 418,108,276,392,-0.4286,true
TX,48477-Precinct 419,93,291,391,-0.5064,true
TX,48479-Precinct 123,206,149,356,0.1601,true
TX,48479-Precinct 124,404,326,737,0.1058,true
TX,48479-Precinct 125,213,153,372,0.1613,true
TX,48479-Precinct 128,297,267,572,0.0524,true
TX,48479-Precinct 129,409,438,854,-0.034,true
TX,48479-Precinct 130,493,543,1044,-0.0479,true
TX,48479-Precinct 132,800,898,1716,-0.0571,true
TX,48479-Precinct 133,319,379,700,-0.0857,true
TX,48479-Precinct 134,422,486,916,-0.0699,true
TX,48479-Precinct 135,197,226,432,-0.0671,true
TX,48479-Precinct 136,53,133,186,-0.4301,true
TX,48479-Precinct 154,662,771,1446,-0.0754,true
TX,48479-Precinct 164,238,189,433,0.1132,true
TX,48479-Precinct 169,395,434,835,-0.0467,true
TX,48479-Precinct 176A,365,521,889,-0.1755,true
TX,48479-Precinct 176B,10,15,25,-0.2,true
TX,48479-Precinct 177,170,151,325,0.0585,true
TX,48479-Precinct 218,516,448,978,0.0695,true
TX,48479-Precinct 219,396,336,740,0.0811,true
TX,48479-Precinct 220,293,225,522,0.1303,true
TX,48479-Precinct 221,369,254,635,0.1811,true
TX,48479-Precinct 226,307,233,546,0.1355,true
TX,48479-Precinct 227,139,181,322,-0.1304,true
TX,48479-Precinct 231,579,637,1226,-0.0473,true
TX,48479-Precinct 237,124,250,380,-0.3316,true
TX,48479-Precinct 238,58,85,146,-0.1849,true
TX,48479-Precinct 239,648,461,1115,0.1677,true
TX,48479-Precinct 250A,560,644,1213,-0.0692,true
TX,48479-Precinct 250B,0,1,1,-1,true
TX,48479-Precinct 250C,13,17,30,-0.1333,true
TX,48479-Precinct 251,113,86,203,0.133,true
TX,48479-Precinct 252,563,541,1117,0.0197,true
TX,48479-Precinct 255,618,750,1376,-0.0959,true
TX,48479-Precinct 266,366,309,682,0.0836,true
TX,48479-Precinct 267,524,476,1005,0.0478,true
TX,48479-Precinct 268,130,191,322,-0.1894,true
TX,48479-Precinct 272,438,494,937,-0.0598,true
TX,48479-Precinct 273,370,411,787,-0.0521,true
TX,48479-Precinct 274,680,942,1634,-0.1603,true
TX,48479-Precinct 275A,223,313,542,-0.1661,true
TX,48479-Precinct 275B,12,16,28,-0.1429,true
TX,48479-Precinct 278,13,18,31,-0.1613,true
TX,48479-Precinct 308,237,234,474,0.0063,true
TX,48479-Precinct 309,930,590,1533,0.2218,true
TX,48479-Precinct 310,109,84,196,0.1276,true
TX,48479-Precinct 311,401,277,685,0.181,true
TX,48479-Precinct 312,266,180,455,0.189,true
TX,48479-Precinct 340,632,767,1416,-0.0953,true
TX,48479-Precinct 341,431,543,984,-0.1138,true
TX,48479-Precinct 342,651,667,1329,-0.012,true
TX,48479-Precinct 343,777,721,1511,0.0371,true
TX,48479-Precinct 344,1199,1318,2544,-0.0468,true
TX,48479-Precinct 345,555,539,1111,0.0144,true
TX,48479-Precinct 349,1039,1726,2785,-0.2467,true
TX,48479-Precinct 356,1253,1590,2861,-0.1178,true
TX,48479-Precinct 359,1319,1417,2752,-0.0356,true
TX,48479-Precinct 361,397,299,704,0.1392,true
TX,48479-Precinct 363,185,152,340,0.0971,true
TX,48479-Precinct 370,723,920,1654,-0.1191,true
TX,48479-Precinct 371,666,830,1510,-0.1086,true
TX,48479-Precinct 401,331,231,570,0.1754,true
TX,48479-Precinct 402,315,219,542,0.1771,true
TX,48479-Precinct 403,241,205,451,0.0798,true
TX,48479-Precinct 404,355,286,647,0.1066,true
TX,48479-Precinct 405,373,325,705,0.0681,true
TX,48479-Precinct 406,179,145,330,0.103,true
TX,48479-Precinct 407,104,87,194,0.0876,true
TX,48479-Precinct 413,404,319,730,0.1164,true
TX,48479-Precinct 414,206,137,344,0.2006,true
TX,48479-Precinct 415,327,238,574,0.1551,true
TX,48479-Precinct 416,190,134,331,0.1692,true
TX,48479-Precinct 417,147,95,243,0.214,true
TX,48479-Precinct 422,145,132,279,0.0466,true
TX,48479-Precinct 446,858,720,1593,0.0866,true
TX,48479-Precinct 447,819,1221,2059,-0.1952,true
TX,48479-Precinct 448,104,126,235,-0.0936,true
TX,48479-Precinct 453,104,88,192,0.0833,true
TX,48479-Precinct 457,9,41,50,-0.64,true
TX,48479-Precinct 458,913,1122,2049,-0.102,true
TX,48479-Precinct 460,114,87,203,0.133,true
TX,48479-Precinct 462,83,51,135,0.237,true
TX,48479-Precinct 465,200,136,339,0.1888,true
TX,48481-Precinct 101,226,576,808,-0.4332,true
TX,48481-Precinct 102,503,1483,2006,-0.4885,true
TX,48481-Precinct 103,370,1206,1592,-0.5251,true
TX,48481-Precinct 201,242,1906,2157,-0.7714,true
TX,48481-Precinct 202,307,220,531,0.1638,true
TX,48481-Precinct 203,825,963,1808,-0.0763,true
TX,48481-Precinct 301,230,1552,1791,-0.7381,true
TX,48481-Precinct 302,285,1156,1454,-0.599,true
TX,48481-Precinct 303,145,1368,1522,-0.8035,true
TX,48481-Precinct 401,456,948,1409,-0.3492,true
TX,48481-Precinct 402,185,784,977,-0.6131,true
TX,48481-Precinct 403,136,277,416,-0.3389,true
TX,48483-Precinct 101,25,588,614,-0.9169,true
TX,48483-Precinct 201,39,450,494,-0.832,true
TX,48483-Precinct 301,55,532,590,-0.8085,true
TX,48483-Precinct 401,50,523,576,-0.8212,true
TX,48485-Precinct 101,36,180,219,-0.6575,true
TX,48485-Precinct 102,218,505,731,-0.3926,true
TX,48485-Precinct 103,915,2555,3504,-0.468,true
TX,48485-Precinct 104,644,1539,2206,-0.4057,true
TX,48485-Precinct 105,73,664,740,-0.7986,true
TX,48485-Precinct 106,0,20,20,-1,true
TX,48485-Precinct 107,595,1762,2381,-0.4901,true
TX,48485-Precinct 108,802,2089,2922,-0.4405,true
TX,48485-Precinct 109,159,190,351,-0.0883,true
TX,48485-Precinct 201,617,918,1549,-0.1943,true
TX,48485-Precinct 202,521,1100,1635,-0.3541,true
TX,48485-Precinct 203,356,528,895,-0.1922,true
TX,48485-Precinct 204,52,423,480,-0.7729,true
TX,48485-Precinct 205,503,2189,2717,-0.6205,true
TX,48485-Precinct 206,347,1679,2044,-0.6517,true
TX,48485-Precinct 207,2,30,32,-0.875,true
TX,48485-Precinct 208,36,177,215,-0.6558,true
TX,48485-Precinct 209,32,9,41,0.561,true
TX,48485-Precinct 210,95,94,192,0.0052,true
TX,48485-Precinct 211,8,7,15,0.0667,true
TX,48485-Precinct 301,143,348,498,-0.4116,true
TX,48485-Precinct 302,635,904,1566,-0.1718,true
TX,48485-Precinct 303,460,356,824,0.1262,true
TX,48485-Precinct 304,172,331,512,-0.3105,true
TX,48485-Precinct 305,183,42,229,0.6157,true
TX,48485-Precinct 306,41,125,169,-0.497,true
TX,48485-Precinct 307,141,149,298,-0.0268,true
TX,48485-Precinct 308,314,2589,2921,-0.7788,true
TX,48485-Precinct 309,161,1134,1306,-0.745,true
TX,48485-Precinct 310,481,294,783,0.2388,true
TX,48485-Precinct 401,436,1176,1637,-0.452,true
TX,48485-Precinct 402,138,346,488,-0.4262,true
TX,48485-Precinct 403,620,1509,2158,-0.412,true
TX,48485-Precinct 404,561,1506,2089,-0.4524,true
TX,48485-Precinct 405,802,1288,2121,-0.2291,true
TX,48485-Precinct 406,663,1523,2208,-0.3895,true
TX,48485-Precinct 407,46,513,562,-0.831,true
TX,48485-Precinct 408,98,512,620,-0.6677,true
TX,48485-Precinct 409,54,340,396,-0.7222,true
TX,48485-Precinct 410,77,175,256,-0.3828,true
TX,48487-Precinct 1A,237,1053,1299,-0.6282,true
TX,48487-Precinct 1B,11,58,69,-0.6812,true
TX,48487-Precinct 19,265,696,975,-0.4421,true
TX,48487-Precinct 20,159,502,666,-0.515,true
TX,48487-Precinct 21,188,1257,1458,-0.7332,true
TX,48489-Precinct 1,72,149,222,-0.3468,true
TX,48489-Precinct 2,21,36,58,-0.2586,true
TX,48489-Precinct 3,239,287,530,-0.0906,true
TX,48489-Precinct 4,380,392,774,-0.0155,true
TX,48489-Precinct 5,227,213,442,0.0317,true
TX,48489-Precinct 6,109,121,230,-0.0522,true
TX,48489-Precinct 7,52,80,132,-0.2121,true
TX,48489-Precinct 8,63,70,134,-0.0522,true
TX,48489-Precinct 9,244,225,472,0.0403,true
TX,48489-Precinct 10,50,204,256,-0.6016,true
TX,48489-Precinct 11,48,45,93,0.0323,true
TX,48489-Precinct 12,18,16,34,0.0588,true
TX,48489-Precinct 1A,275,239,522,0.069,true
TX,48489-Precinct 2A,386,320,712,0.0927,true
TX,48489-Precinct 7A,240,195,436,0.1032,true
TX,48489-Precinct 8A,138,139,279,-0.0036,true
TX,48489-Precinct 11A,111,125,237,-0.0591,true
TX,48491-Precinct 116A,552,422,999,0.1301,true
TX,48491-Precinct 117,2154,958,3191,0.3748,true
TX,48491-Precinct 118,1367,776,2194,0.2694,true
TX,48491-Precinct 119,1337,1144,2522,0.0765,true
TX,48491-Precinct 122,138,78,223,0.2691,true
TX,48491-Precinct 123,1234,821,2095,0.1971,true
TX,48491-Precinct 135,1147,615,1800,0.2956,true
TX,48491-Precinct 136,215,118,339,0.2861,true
TX,48491-Precinct 138,425,197,634,0.3596,true
TX,48491-Precinct 139,1402,981,2435,0.1729,true
TX,48491-Precinct 143,268,159,438,0.2489,true
TX,48491-Precinct 144,316,178,504,0.2738,true
TX,48491-Precinct 145,1004,647,1686,0.2117,true
TX,48491-Precinct 146,2217,1019,3328,0.36,true
TX,48491-Precinct 147,1993,771,2851,0.4286,true
TX,48491-Precinct 149,1052,677,1760,0.2131,true
TX,48491-Precinct 150,1408,842,2294,0.2467,true
TX,48491-Precinct 151,2110,909,3101,0.3873,true
TX,48491-Precinct 155,1493,803,2337,0.2953,true
TX,48491-Precinct 162,2003,865,2937,0.3875,true
TX,48491-Precinct 163,1193,581,1839,0.3328,true
TX,48491-Precinct 164,249,218,472,0.0657,true
TX,48491-Precinct 166,711,574,1319,0.1039,true
TX,48491-Precinct 173,943,728,1716,0.1253,true
TX,48491-Precinct 174,1135,584,1763,0.3125,true
TX,48491-Precinct 175,1159,548,1757,0.3478,true
TX,48491-Precinct 180,1540,941,2536,0.2362,true
TX,48491-Precinct 181,792,601,1430,0.1336,true
TX,48491-Precinct 182,370,360,747,0.0134,true
TX,48491-Precinct 184,643,422,1086,0.2035,true
TX,48491-Precinct 186,1168,698,1954,0.2405,true
TX,48491-Precinct 189,1632,951,2666,0.2554,true
TX,48491-Precinct 191,360,240,610,0.1967,true
TX,48491-Precinct 192,230,154,401,0.1895,true
TX,48491-Precinct 198,30,18,48,0.25,true
TX,48491-Precinct 201,1393,1090,2558,0.1185,true
TX,48491-Precinct 202,206,177,394,0.0736,true
TX,48491-Precinct 203,25,80,110,-0.5,true
TX,48491-Precinct 204,1163,1050,2297,0.0492,true
TX,48491-Precinct 205,116,132,259,-0.0618,true
TX,48491-Precinct 206,463,1412,1915,-0.4956,true
TX,48491-Precinct 207,772,2315,3123,-0.4941,true
TX,48491-Precinct 208,383,1013,1422,-0.443,true
TX,48491-Precinct 209,982,2646,3669,-0.4535,true
TX,48491-Precinct 210,977,2107,3128,-0.3613,true
TX,48491-Precinct 216,529,434,985,0.0964,true
TX,48491-Precinct 229,72,149,227,-0.3392,true
TX,48491-Precinct 230,1551,1370,2972,0.0609,true
TX,48491-Precinct 231,651,753,1428,-0.0714,true
TX,48491-Precinct 243,612,1332,1974,-0.3647,true
TX,48491-Precinct 244,1526,2475,4065,-0.2335,true
TX,48491-Precinct 245,1137,2093,3290,-0.2906,true
TX,48491-Precinct 251,31,53,86,-0.2558,true
TX,48491-Precinct 252,1746,2008,3852,-0.068,true
TX,48491-Precinct 253,1496,1812,3378,-0.0935,true
TX,48491-Precinct 254,1377,1431,2858,-0.0189,true
TX,48491-Precinct 255,1068,1310,2426,-0.0998,true
TX,48491-Precinct 256,1028,975,2043,0.0259,true
TX,48491-Precinct 257,1641,1780,3485,-0.0399,true
TX,48491-Precinct 258,360,316,698,0.063,true
TX,48491-Precinct 259,960,1099,2110,-0.0659,true
TX,48491-Precinct 261,1003,1206,2249,-0.0903,true
TX,48491-Precinct 262,939,1144,2139,-0.0958,true
TX,48491-Precinct 263,1244,1170,2479,0.0299,true
TX,48491-Precinct 264,971,1128,2131,-0.0737,true
TX,48491-Precinct 266,1235,952,2237,0.1265,true
TX,48491-Precinct 267,1694,2123,3892,-0.1102,true
TX,48491-Precinct 276,658,583,1273,0.0589,true
TX,48491-Precinct 277,1732,1484,3307,0.075,true
TX,48491-Precinct 278,1569,1127,2766,0.1598,true
TX,48491-Precinct 279,44,33,77,0.1429,true
TX,48491-Precinct 283,1288,1049,2393,0.0999,true
TX,48491-Precinct 284,1572,1485,3115,0.0279,true
TX,48491-Precinct 287,890,794,1726,0.0556,true
TX,48491-Precinct 301,2280,1464,3868,0.211,true
TX,48491-Precinct 302,290,299,611,-0.0147,true
TX,48491-Precinct 303,1222,737,2042,0.2375,true
TX,48491-Precinct 305,407,672,1101,-0.2407,true
TX,48491-Precinct 306,1007,2540,3608,-0.4249,true
TX,48491-Precinct 307,259,447,719,-0.2615,true
TX,48491-Precinct 308,206,417,636,-0.3318,true
TX,48491-Precinct 309,828,2136,3026,-0.4323,true
TX,48491-Precinct 310,333,1054,1406,-0.5128,true
TX,48491-Precinct 311,19,93,113,-0.6549,true
TX,48491-Precinct 312,219,560,790,-0.4316,true
TX,48491-Precinct 314,1488,1444,2978,0.0148,true
TX,48491-Precinct 317,402,272,705,0.1844,true
TX,48491-Precinct 318,158,122,291,0.1237,true
TX,48491-Precinct 319,72,49,126,0.1825,true
TX,48491-Precinct 320,407,633,1069,-0.2114,true
TX,48491-Precinct 321,13,10,24,0.125,true
TX,48491-Precinct 322,611,577,1223,0.0278,true
TX,48491-Precinct 323,42,23,65,0.2923,true
TX,48491-Precinct 331,289,268,565,0.0372,true
TX,48491-Precinct 332,892,1131,2069,-0.1155,true
TX,48491-Precinct 333,210,256,474,-0.097,true
TX,48491-Precinct 338,1219,1156,2434,0.0259,true
TX,48491-Precinct 340,908,582,1524,0.2139,true
TX,48491-Precinct 341,783,1059,1867,-0.1478,true
TX,48491-Precinct 342,563,703,1295,-0.1081,true
TX,48491-Precinct 343,1640,2107,3819,-0.1223,true
TX,48491-Precinct 344,933,1272,2250,-0.1507,true
TX,48491-Precinct 345,677,979,1692,-0.1785,true
TX,48491-Precinct 346,386,877,1286,-0.3818,true
TX,48491-Precinct 360,1832,1226,3151,0.1923,true
TX,48491-Precinct 367,36,42,79,-0.0759,true
TX,48491-Precinct 368,1222,1214,2483,0.0032,true
TX,48491-Precinct 369,1839,2014,3927,-0.0446,true
TX,48491-Precinct 370,981,1187,2204,-0.0935,true
TX,48491-Precinct 371,764,1096,1890,-0.1757,true
TX,48491-Precinct 372,1754,1628,3476,0.0362,true
TX,48491-Precinct 379,908,1870,2816,-0.3416,true
TX,48491-Precinct 380,26,62,88,-0.4091,true
TX,48491-Precinct 381,1084,1693,2813,-0.2165,true
TX,48491-Precinct 390A,1332,1007,2417,0.1345,true
TX,48491-Precinct 391,342,778,1147,-0.3801,true
TX,48491-Precinct 392,1058,1834,2934,-0.2645,true
TX,48491-Precinct 393,1062,1680,2767,-0.2233,true
TX,48491-Precinct 394,1097,1724,2856,-0.2195,true
TX,48491-Precinct 395,681,1204,1902,-0.275,true
TX,48491-Precinct 396,664,927,1600,-0.1644,true
TX,48491-Precinct 397,897,1455,2390,-0.2335,true
TX,48491-Precinct 398,1662,1093,2835,0.2007,true
TX,48491-Precinct 399,278,169,465,0.2344,true
TX,48491-Precinct 401,1804,1696,3568,0.0303,true
TX,48491-Precinct 402,1590,1539,3183,0.016,true
TX,48491-Precinct 403,1543,1400,2989,0.0478,true
TX,48491-Precinct 409,632,1035,1696,-0.2376,true
TX,48491-Precinct 410,1422,2012,3491,-0.169,true
TX,48491-Precinct 411,527,1374,1932,-0.4384,true
TX,48491-Precinct 412,491,1273,1790,-0.4369,true
TX,48491-Precinct 413,562,1852,2434,-0.53,true
TX,48491-Precinct 415,363,1051,1424,-0.4831,true
TX,48491-Precinct 418,317,170,496,0.2964,true
TX,48491-Precinct 419,660,562,1248,0.0785,true
TX,48491-Precinct 420,1695,1454,3206,0.0752,true
TX,48491-Precinct 421,565,372,957,0.2017,true
TX,48491-Precinct 422,1744,1601,3410,0.0419,true
TX,48491-Precinct 424,1435,1650,3154,-0.0682,true
TX,48491-Precinct 425,143,279,425,-0.32,true
TX,48491-Precinct 426,388,527,931,-0.1493,true
TX,48491-Precinct 427,782,1001,1816,-0.1206,true
TX,48491-Precinct 428,891,1324,2242,-0.1931,true
TX,48491-Precinct 429,683,744,1452,-0.042,true
TX,48491-Precinct 432,231,143,384,0.2292,true
TX,48491-Precinct 433,1981,1756,3830,0.0587,true
TX,48491-Precinct 434,176,786,972,-0.6276,true
TX,48491-Precinct 436,255,665,931,-0.4404,true
TX,48491-Precinct 437,1999,1776,3866,0.0577,true
TX,48491-Precinct 456,650,693,1357,-0.0317,true
TX,48491-Precinct 468,568,552,1138,0.0141,true
TX,48491-Precinct 470,1409,1720,3196,-0.0973,true
TX,48491-Precinct 471,56,161,219,-0.4795,true
TX,48491-Precinct 472,104,301,414,-0.4758,true
TX,48491-Precinct 473,252,409,668,-0.235,true
TX,48491-Precinct 482,1323,1309,2687,0.0052,true
TX,48491-Precinct 484,1342,1146,2529,0.0775,true
TX,48491-Precinct 485,722,680,1433,0.0293,true
TX,48491-Precinct 486,1064,933,2045,0.0641,true
TX,48491-Precinct 487,45,67,112,-0.1964,true
TX,48491-Precinct 488,1202,1071,2314,0.0566,true
TX,48491-Precinct 489,1289,1063,2438,0.0927,true
TX,48491-Precinct 490,1781,1651,3516,0.037,true
TX,48491-Precinct 491,1704,1382,3158,0.102,true
TX,48493-Precinct 101,875,1857,2747,-0.3575,true
TX,48493-Precinct 102,641,879,1525,-0.1561,true
TX,48493-Precinct 103,440,933,1386,-0.3557,true
TX,48493-Precinct 104,234,742,984,-0.5163,true
TX,48493-Precinct 205,370,1914,2294,-0.6731,true
TX,48493-Precinct 206,568,1103,1680,-0.3185,true
TX,48493-Precinct 207,643,1867,2529,-0.484,true
TX,48493-Precinct 311,324,1850,2192,-0.6962,true
TX,48493-Precinct 312,354,1813,2179,-0.6696,true
TX,48493-Precinct 313,509,2485,3018,-0.6547,true
TX,48493-Precinct 414,371,1892,2275,-0.6686,true
TX,48493-Precinct 415,579,2201,2804,-0.5785,true
TX,48493-Precinct 416,339,1358,1707,-0.597,true
TX,48495-Precinct 101,78,435,516,-0.6919,true
TX,48495-Precinct 201,26,169,196,-0.7296,true
TX,48495-Precinct 202,33,404,437,-0.849,true
TX,48495-Precinct 301,65,432,497,-0.7384,true
TX,48495-Precinct 401,81,206,287,-0.4355,true
TX,48497-Precinct 1,169,897,1071,-0.6797,true
TX,48497-Precinct 2,404,1795,2213,-0.6286,true
TX,48497-Precinct 3,152,991,1154,-0.727,true
TX,48497-Precinct 4,107,835,946,-0.7696,true
TX,48497-Precinct 5,214,1325,1555,-0.7145,true
TX,48497-Precinct 6,384,1589,1989,-0.6058,true
TX,48497-Precinct 7,372,1908,2289,-0.671,true
TX,48497-Precinct 8,206,1230,1442,-0.7101,true
TX,48497-Precinct 9,184,1760,1955,-0.8061,true
TX,48497-Precinct 10,67,587,655,-0.7939,true
TX,48497-Precinct 11,58,511,572,-0.792,true
TX,48497-Precinct 12,164,1177,1347,-0.752,true
TX,48497-Precinct 13,61,501,564,-0.7801,true
TX,48497-Precinct 14,75,560,642,-0.7555,true
TX,48497-Precinct 15,188,1317,1518,-0.7437,true
TX,48497-Precinct 16,235,1742,1991,-0.7569,true
TX,48497-Precinct 17,304,2272,2585,-0.7613,true
TX,48497-Precinct 18,90,577,672,-0.7247,true
TX,48497-Precinct 19,67,312,385,-0.6364,true
TX,48497-Precinct 20,153,1128,1287,-0.7576,true
TX,48497-Precinct 22,129,844,980,-0.7296,true
TX,48497-Precinct 23,251,1651,1917,-0.7303,true
TX,48497-Precinct 24,302,1307,1619,-0.6208,true
TX,48497-Precinct 25,155,667,828,-0.6184,true
TX,48497-Precinct 27,381,2286,2683,-0.71,true
TX,48497-Precinct 28,200,910,1116,-0.6362,true
TX,48497-Precinct 29,54,191,249,-0.5502,true
TX,48497-Precinct 30,479,1515,2019,-0.5131,true
TX,48499-Precinct 11,345,2049,2402,-0.7094,true
TX,48499-Precinct 12,307,1879,2196,-0.7158,true
TX,48499-Precinct 13,238,1490,1737,-0.7208,true
TX,48499-Precinct 14,53,574,629,-0.8283,true
TX,48499-Precinct 21,42,359,405,-0.7827,true
TX,48499-Precinct 22,466,2625,3111,-0.694,true
TX,48499-Precinct 23,423,1834,2272,-0.621,true
TX,48499-Precinct 31,131,856,995,-0.7286,true
TX,48499-Precinct 32,437,2092,2548,-0.6495,true
TX,48499-Precinct 33,468,2155,2648,-0.6371,true
TX,48499-Precinct 41,62,580,646,-0.8019,true
TX,48499-Precinct 42,267,1817,2091,-0.7413,true
TX,48499-Precinct 43,327,1858,2199,-0.6962,true
TX,48499-Precinct 44,52,453,507,-0.7909,true
TX,48501-Precinct 101,72,553,629,-0.7647,true
TX,48501-Precinct 202,78,562,642,-0.7539,true
TX,48501-Precinct 303,46,269,320,-0.6969,true
TX,48501-Precinct 305,48,152,201,-0.5174,true
TX,48501-Precinct 404,43,308,353,-0.7507,true
TX,48501-Precinct 406,55,195,252,-0.5556,true
TX,48503-Precinct 5,255,1795,2065,-0.7458,true
TX,48503-Precinct 6,12,163,175,-0.8629,true
TX,48503-Precinct 7,3,113,116,-0.9483,true
TX,48503-Precinct 10,22,327,351,-0.8689,true
TX,48503-Precinct 16,29,470,500,-0.882,true
TX,48503-Precinct 22,247,2044,2307,-0.7789,true
TX,48503-Precinct 23,185,1231,1426,-0.7335,true
TX,48503-Precinct 24,209,1155,1374,-0.6885,true
TX,48505-Precinct 1,484,651,1142,-0.1462,true
TX,48505-Precinct 2,334,605,944,-0.2871,true
TX,48505-Precinct 3,485,968,1459,-0.331,true
TX,48505-Precinct 4,373,466,844,-0.1102,true
TX,48505-Precinct 1A,20,44,65,-0.3692,true
TX,48505-Precinct 1B,31,31,62,0,true
TX,48505-Precinct 2A,150,205,355,-0.1549,true
TX,48507-Precinct 1,174,126,301,0.1595,true
TX,48507-Precinct 2,562,359,928,0.2188,true
TX,48507-Precinct 3,556,295,855,0.3053,true
TX,48507-Precinct 4,283,365,657,-0.1248,true
TX,48507-Precinct 1A,253,206,461,0.102,true
TX,48507-Precinct 4A,156,129,288,0.0938,true